Номенклатура;Дата;Количество;Цена;Сумма;НДС;Контрагент;Организация;город;Месяц
Мас.Тандер.72,5%.180г.фол.12шт;2026-03-12 19:05:05;3996.0;677.78;487512.0;44319.27;Тандер ЗАО (Иваново РЦ);"ООО ""ВоронежАгро-М""";Иваново;2026-03
Мас.Тандер.72,5%.180г.фол.12шт;2026-03-12 11:20:54;6168.0;677.78;752496.0;68408.73;Тандер ЗАО (Лермонтов РЦ);"ООО ""ВоронежАгро-М""";Лермонтов;2026-03
Мас.Тандер.72,5%.180г.фол.12шт;2026-03-12 07:57:11;4284.0;677.78;522648.0;47513.45;Тандер ЗАО (Воронеж РЦ);"ООО ""ВоронежАгро-М""";Воронеж;2026-03
Мас.Тандер.72,5%.180г.фол.12шт;2026-03-12 04:58:09;7548.0;677.78;920856.0;83714.18;Тандер ЗАО (Дзержинск РЦ);"ООО ""ВоронежАгро-М""";Дзержинск;2026-03
Мас.Тандер.72,5%.180г.фол.12шт;2026-03-12 00:44:58;2652.0;677.78;323544.0;29413.09;Тандер ЗАО (Тамбов РЦ);"ООО ""ВоронежАгро-М""";Тамбов;2026-03
Мас.Тандер.72,5%.180г.фол.12шт;2026-03-11 18:08:11;12852.0;677.78;1567944.0;142540.36;Тандер ЗАО (Ерзовка РЦ);"ООО ""ВоронежАгро-М""";Волгоград;2026-03
Мас.Тандер.72,5%.180г.фол.12шт;2026-03-11 12:07:22;12648.0;677.78;1543056.0;140277.82;Тандер ЗАО (Ярославль РЦ);"ООО ""ВоронежАгро-М""";Ярославль;2026-03
Мас.Тандер.72,5%.180г.фол.12шт;2026-03-11 05:16:11;1632.0;677.78;199104.0;18100.36;Тандер ЗАО (Орел РЦ);"ООО ""ВоронежАгро-М""";Орел;2026-03
Мас.Тандер.72,5%.180г.фол.12шт;2026-03-11 01:33:28;9996.0;677.78;1219512.0;110864.73;Тандер ЗАО (Тула РЦ) ;"ООО ""ВоронежАгро-М""";Тула;2026-03
Мас.Тандер.72,5%.180г.фол.12шт;2026-03-10 16:55:48;1560.0;677.78;190320.0;17301.82;Тандер ЗАО (Иваново РЦ);"ООО ""ВоронежАгро-М""";Иваново;2026-03
Мас.Тандер.72,5%.180г.фол.12шт;2026-03-10 01:58:11;1632.0;677.78;199104.0;18100.36;Тандер ЗАО (Тамбов РЦ);"ООО ""ВоронежАгро-М""";Тамбов;2026-03
Мас.Тандер.72,5%.180г.фол.12шт;2026-03-09 11:54:10;7956.0;677.78;970632.0;88239.27;Тандер ЗАО (Ярославль РЦ);"ООО ""ВоронежАгро-М""";Ярославль;2026-03
Мас.Тандер.72,5%.180г.фол.12шт;2026-03-08 23:11:36;6732.0;677.78;821304.0;74664.0;Тандер ЗАО (Тула РЦ) ;"ООО ""ВоронежАгро-М""";Тула;2026-03
Мас.Тандер.72,5%.180г.фол.12шт;2026-03-08 08:52:37;10608.0;677.78;1294176.0;117652.36;Тандер ЗАО (Лермонтов РЦ);"ООО ""ВоронежАгро-М""";Лермонтов;2026-03
Мас.Тандер.72,5%.180г.фол.12шт;2026-03-08 08:52:21;27924.0;677.78;3406728.0;309702.55;Тандер ЗАО (Лермонтов РЦ);"ООО ""ВоронежАгро-М""";Лермонтов;2026-03
Мас.Тандер.72,5%.180г.фол.12шт;2026-03-07 17:18:33;1836.0;677.78;223992.0;20362.91;Тандер ЗАО (Ерзовка РЦ);"ООО ""ВоронежАгро-М""";Волгоград;2026-03
Мас.Тандер.72,5%.180г.фол.12шт;2026-03-07 17:18:09;4692.0;677.78;572424.0;52038.55;Тандер ЗАО (Астрахань РЦ);"ООО ""ВоронежАгро-М""";Астрахань;2026-03
Мас.Тандер.72,5%.180г.фол.12шт;2026-03-07 15:45:19;6732.0;677.78;821304.0;74664.0;Тандер ЗАО (Смоленск РЦ) ;"ООО ""ВоронежАгро-М""";Смоленск;2026-03
Мас.Тандер.72,5%.180г.фол.12шт;2026-03-07 08:48:59;12036.0;677.78;1468392.0;133490.18;Тандер ЗАО (Воронеж РЦ);"ООО ""ВоронежАгро-М""";Воронеж;2026-03
Мас.Тандер.72,5%.180г.фол.12шт;2026-03-07 02:00:41;2040.0;677.78;248880.0;22625.45;Тандер ЗАО (Тамбов РЦ);"ООО ""ВоронежАгро-М""";Тамбов;2026-03
Мас.Тандер.72,5%.180г.фол.12шт;2026-03-07 00:24:01;6528.0;677.78;796416.0;72401.45;Тандер ЗАО (Орел РЦ);"ООО ""ВоронежАгро-М""";Орел;2026-03
Мас.Тандер.72,5%.180г.фол.12шт;2026-03-06 00:04:38;4164.0;677.78;508008.0;46182.55;Тандер ЗАО (Иваново РЦ);"ООО ""ВоронежАгро-М""";Иваново;2026-03
Мас.Тандер.72,5%.180г.фол.12шт;2026-03-05 05:13:19;9180.0;677.78;1119960.0;101814.55;Тандер ЗАО (Воронеж РЦ);"ООО ""ВоронежАгро-М""";Воронеж;2026-03
Мас.Тандер.72,5%.180г.фол.12шт;2026-03-05 02:25:08;8364.0;677.78;1020408.0;92764.36;Тандер ЗАО (Дзержинск РЦ);"ООО ""ВоронежАгро-М""";Дзержинск;2026-03
Мас.Тандер.72,5%.180г.фол.12шт;2026-03-05 02:06:48;4284.0;677.78;522648.0;47513.45;Тандер ЗАО (Тамбов РЦ);"ООО ""ВоронежАгро-М""";Тамбов;2026-03
Мас.Тандер.72,5%.180г.фол.12шт;2026-03-04 18:04:31;22236.0;677.78;2712792.0;246617.45;Тандер ЗАО (Ерзовка РЦ);"ООО ""ВоронежАгро-М""";Волгоград;2026-03
Мас.Тандер.72,5%.180г.фол.12шт;2026-03-04 08:22:02;9384.0;677.78;1144848.0;104077.09;Тандер ЗАО (Ярославль РЦ);"ООО ""ВоронежАгро-М""";Ярославль;2026-03
Мас.Тандер.72,5%.180г.фол.12шт;2026-03-04 03:36:38;2856.0;677.78;348432.0;31675.64;Тандер ЗАО (Орел РЦ);"ООО ""ВоронежАгро-М""";Орел;2026-03
Мас.Тандер.72,5%.180г.фол.12шт;2026-03-04 02:49:14;6936.0;677.78;846192.0;76926.55;Тандер ЗАО (Тула РЦ) ;"ООО ""ВоронежАгро-М""";Тула;2026-03
Мас.Тандер.72,5%.180г.фол.12шт;2026-03-03 22:32:45;1836.0;677.78;223992.0;20362.91;Тандер ЗАО (Смоленск РЦ) ;"ООО ""ВоронежАгро-М""";Смоленск;2026-03
Мас.Тандер.72,5%.180г.фол.12шт;2026-03-03 11:23:58;1932.0;677.78;235704.0;21427.64;Тандер ЗАО (Иваново РЦ);"ООО ""ВоронежАгро-М""";Иваново;2026-03
Мас.Тандер.72,5%.180г.фол.12шт;2026-03-03 03:45:53;12240.0;677.78;1493280.0;135752.73;Тандер ЗАО (Воронеж РЦ);"ООО ""ВоронежАгро-М""";Воронеж;2026-03
Мас.Тандер.72,5%.180г.фол.12шт;2026-03-03 00:03:22;612.0;677.78;74664.0;6787.64;Тандер ЗАО (Тамбов РЦ);"ООО ""ВоронежАгро-М""";Тамбов;2026-03
Мас.Тандер.72,5%.180г.фол.12шт;2026-03-02 14:37:03;8160.0;677.78;995520.0;90501.82;Тандер ЗАО (Тула РЦ) ;"ООО ""ВоронежАгро-М""";Тула;2026-03
Мас.Тандер.72,5%.180г.фол.12шт;2026-03-01 00:10:03;2856.0;677.78;348432.0;31675.64;Тандер ЗАО (Ярославль РЦ);"ООО ""ВоронежАгро-М""";Ярославль;2026-03
Мас.Тандер.72,5%.180г.фол.12шт;2026-02-28 17:34:54;14688.0;677.78;1791936.0;162903.27;Тандер ЗАО (Ерзовка РЦ);"ООО ""ВоронежАгро-М""";Волгоград;2026-02
Мас.Тандер.72,5%.180г.фол.12шт;2026-02-28 17:34:50;20604.0;677.78;2513688.0;228517.09;Тандер ЗАО (Ерзовка РЦ);"ООО ""ВоронежАгро-М""";Волгоград;2026-02
Мас.Тандер.72,5%.180г.фол.12шт;2026-02-28 17:34:24;6792.0;677.78;828624.0;75329.45;Тандер ЗАО (Астрахань РЦ);"ООО ""ВоронежАгро-М""";Астрахань;2026-02
Мас.Тандер.72,5%.180г.фол.12шт;2026-02-28 16:24:03;4896.0;677.78;597312.0;54301.09;Тандер ЗАО (Смоленск РЦ) ;"ООО ""ВоронежАгро-М""";Смоленск;2026-02
Мас.Тандер.72,5%.180г.фол.12шт;2026-02-28 10:24:32;13056.0;677.78;1592832.0;144802.91;Тандер ЗАО (Воронеж РЦ);"ООО ""ВоронежАгро-М""";Воронеж;2026-02
Мас.Тандер.72,5%.180г.фол.12шт;2026-02-28 02:55:44;4488.0;677.78;547536.0;49776.0;Тандер ЗАО (Тамбов РЦ);"ООО ""ВоронежАгро-М""";Тамбов;2026-02
Мас.Тандер.72,5%.180г.фол.12шт;2026-02-27 23:17:01;612.0;677.78;74664.0;6787.64;Тандер ЗАО (Орел РЦ);"ООО ""ВоронежАгро-М""";Орел;2026-02
Мас.Тандер.72,5%.180г.фол.12шт;2026-02-26 17:35:17;8352.0;677.78;1018944.0;92631.27;Тандер ЗАО (Лермонтов РЦ);"ООО ""ВоронежАгро-М""";Лермонтов;2026-02
Мас.Тандер.72,5%.180г.фол.12шт;2026-02-26 17:35:11;1560.0;677.78;190320.0;17301.82;Тандер ЗАО (Иваново РЦ);"ООО ""ВоронежАгро-М""";Иваново;2026-02
Мас.Тандер.72,5%.180г.фол.12шт;2026-02-26 14:08:14;24480.0;677.78;2986560.0;271505.45;Тандер ЗАО (Дзержинск РЦ);"ООО ""ВоронежАгро-М""";Дзержинск;2026-02
Мас.Тандер.72,5%.180г.фол.12шт;2026-02-26 09:30:24;9792.0;677.78;1194624.0;108602.18;Тандер ЗАО (Воронеж РЦ);"ООО ""ВоронежАгро-М""";Воронеж;2026-02
Мас.Тандер.72,5%.180г.фол.12шт;2026-02-26 05:51:34;1224.0;677.78;149328.0;13575.27;Тандер ЗАО (Тамбов РЦ);"ООО ""ВоронежАгро-М""";Тамбов;2026-02
Мас.Тандер.72,5%.180г.фол.12шт;2026-02-25 18:07:39;12444.0;677.78;1518168.0;138015.27;Тандер ЗАО (Ерзовка РЦ);"ООО ""ВоронежАгро-М""";Волгоград;2026-02
Мас.Тандер.72,5%.180г.фол.12шт;2026-02-25 03:37:33;12240.0;677.78;1493280.0;135752.73;Тандер ЗАО (Ярославль РЦ);"ООО ""ВоронежАгро-М""";Ярославль;2026-02
Мас.Тандер.72,5%.180г.фол.12шт;2026-02-25 00:04:38;3060.0;677.78;373320.0;33938.18;Тандер ЗАО (Тула РЦ) ;"ООО ""ВоронежАгро-М""";Тула;2026-02
Мас.Тандер.72,5%.180г.фол.12шт;2026-02-24 06:16:20;2448.0;677.78;298656.0;27150.55;Тандер ЗАО (Воронеж РЦ);"ООО ""ВоронежАгро-М""";Воронеж;2026-02
Мас.Тандер.72,5%.180г.фол.12шт;2026-02-24 00:15:00;2448.0;677.78;298656.0;27150.55;Тандер ЗАО (Дзержинск РЦ);"ООО ""ВоронежАгро-М""";Дзержинск;2026-02
Мас.Тандер.72,5%.180г.фол.12шт;2026-02-24 00:14:33;3060.0;677.78;373320.0;33938.18;Тандер ЗАО (Тамбов РЦ);"ООО ""ВоронежАгро-М""";Тамбов;2026-02
Мас.Тандер.72,5%.180г.фол.12шт;2026-02-22 14:47:00;10200.0;677.78;1244400.0;113127.27;Тандер ЗАО (Ярославль РЦ);"ООО ""ВоронежАгро-М""";Ярославль;2026-02
Мас.Тандер.72,5%.180г.фол.12шт;2026-02-22 14:46:33;15504.0;677.78;1891488.0;171953.45;Тандер ЗАО (Ярославль РЦ);"ООО ""ВоронежАгро-М""";Ярославль;2026-02
Мас.Тандер.72,5%.180г.фол.12шт;2026-02-21 21:47:42;8892.0;677.78;1084824.0;98620.36;Тандер ЗАО (Астрахань РЦ);"ООО ""ВоронежАгро-М""";Астрахань;2026-02
Мас.Тандер.72,5%.180г.фол.12шт;2026-02-21 19:21:00;15912.0;677.78;1941264.0;176478.55;Тандер ЗАО (Ерзовка РЦ);"ООО ""ВоронежАгро-М""";Волгоград;2026-02
Мас.Тандер.72,5%.180г.фол.12шт;2026-02-21 04:51:03;13260.0;677.78;1617720.0;147065.45;Тандер ЗАО (Воронеж РЦ);"ООО ""ВоронежАгро-М""";Воронеж;2026-02
Мас.Тандер.72,5%.180г.фол.12шт;2026-02-20 22:20:02;16116.0;677.78;1966152.0;178741.09;Тандер ЗАО (Смоленск РЦ) ;"ООО ""ВоронежАгро-М""";Смоленск;2026-02
Мас.Тандер.72,5%.180г.фол.12шт;2026-02-20 19:56:47;5712.0;677.78;696864.0;63351.27;Тандер ЗАО (Тамбов РЦ);"ООО ""ВоронежАгро-М""";Тамбов;2026-02
Мас.Тандер.72,5%.180г.фол.12шт;2026-02-20 17:41:43;18768.0;677.78;2289696.0;208154.18;Тандер ЗАО (Орел РЦ);"ООО ""ВоронежАгро-М""";Орел;2026-02
Мас.Тандер.72,5%.180г.фол.12шт;2026-02-20 17:05:35;6120.0;677.78;746640.0;67876.36;Тандер ЗАО (Дзержинск РЦ);"ООО ""ВоронежАгро-М""";Дзержинск;2026-02
Мас.Тандер.72,5%.180г.фол.12шт;2026-02-20 03:35:37;3264.0;677.78;398208.0;36200.73;Тандер ЗАО (Тамбов РЦ);"ООО ""ВоронежАгро-М""";Тамбов;2026-02
Мас.Тандер.72,5%.180г.фол.12шт;2026-02-20 01:51:39;6156.0;677.78;751032.0;68275.64;Тандер ЗАО (Иваново РЦ);"ООО ""ВоронежАгро-М""";Иваново;2026-02
Мас.Тандер.72,5%.180г.фол.12шт;2026-02-19 10:29:23;11832.0;677.78;1443504.0;131227.64;Тандер ЗАО (Воронеж РЦ);"ООО ""ВоронежАгро-М""";Воронеж;2026-02
Мас.Тандер.72,5%.180г.фол.12шт;2026-02-18 22:57:56;19788.0;677.78;2414136.0;219466.91;Тандер ЗАО (Ярославль РЦ);"ООО ""ВоронежАгро-М""";Ярославль;2026-02
Мас.Тандер.72,5%.180г.фол.12шт;2026-02-18 22:57:26;9792.0;677.78;1194624.0;108602.18;Тандер ЗАО (Ярославль РЦ);"ООО ""ВоронежАгро-М""";Ярославль;2026-02
Мас.Тандер.72,5%.180г.фол.12шт;2026-02-18 22:45:37;14280.0;677.78;1742160.0;158378.18;Тандер ЗАО (Ерзовка РЦ);"ООО ""ВоронежАгро-М""";Волгоград;2026-02
Мас.Тандер.72,5%.180г.фол.12шт;2026-02-18 10:08:58;20196.0;677.78;2463912.0;223992.0;Тандер ЗАО (Тула РЦ) ;"ООО ""ВоронежАгро-М""";Тула;2026-02
Мас.Тандер.72,5%.180г.фол.12шт;2026-02-18 10:08:37;4488.0;677.78;547536.0;49776.0;Тандер ЗАО (Тула РЦ) ;"ООО ""ВоронежАгро-М""";Тула;2026-02
Мас.Тандер.72,5%.180г.фол.12шт;2026-02-18 07:26:55;4080.0;677.78;497760.0;45250.91;Тандер ЗАО (Орел РЦ);"ООО ""ВоронежАгро-М""";Орел;2026-02
Мас.Тандер.72,5%.180г.фол.12шт;2026-02-18 04:50:09;1836.0;677.78;223992.0;20362.91;Тандер ЗАО (Смоленск РЦ) ;"ООО ""ВоронежАгро-М""";Смоленск;2026-02
Мас.Тандер.72,5%.180г.фол.12шт;2026-02-17 22:23:17;7032.0;677.78;857904.0;77991.27;Тандер ЗАО (Иваново РЦ);"ООО ""ВоронежАгро-М""";Иваново;2026-02
Мас.Тандер.72,5%.180г.фол.12шт;2026-02-17 02:36:47;11976.0;677.78;1461072.0;132824.73;Тандер ЗАО (Лермонтов РЦ);"ООО ""ВоронежАгро-М""";Лермонтов;2026-02
Мас.Тандер.72,5%.180г.фол.12шт;2026-02-17 02:36:38;47496.0;677.78;5794512.0;526773.82;Тандер ЗАО (Лермонтов РЦ);"ООО ""ВоронежАгро-М""";Лермонтов;2026-02
Мас.Тандер.72,5%.180г.фол.12шт;2026-02-17 02:02:11;16320.0;677.78;1991040.0;181003.64;Тандер ЗАО (Воронеж РЦ);"ООО ""ВоронежАгро-М""";Воронеж;2026-02
Мас.Тандер.72,5%.180г.фол.12шт;2026-02-16 23:49:50;2652.0;677.78;323544.0;29413.09;Тандер ЗАО (Дзержинск РЦ);"ООО ""ВоронежАгро-М""";Дзержинск;2026-02
Мас.Тандер.72,5%.180г.фол.12шт;2026-02-16 08:24:34;13056.0;677.78;1592832.0;144802.91;Тандер ЗАО (Смоленск РЦ) ;"ООО ""ВоронежАгро-М""";Смоленск;2026-02
Мас.Тандер.72,5%.180г.фол.12шт;2026-02-15 18:58:18;12444.0;677.78;1518168.0;138015.27;Тандер ЗАО (Тула РЦ) ;"ООО ""ВоронежАгро-М""";Тула;2026-02
Мас.Тандер.72,5%.180г.фол.12шт;2026-02-15 18:57:56;17544.0;677.78;2140368.0;194578.91;Тандер ЗАО (Тула РЦ) ;"ООО ""ВоронежАгро-М""";Тула;2026-02
Мас.Тандер.72,5%.180г.фол.12шт;2026-02-15 14:06:41;9996.0;677.78;1219512.0;110864.73;Тандер ЗАО (Ярославль РЦ);"ООО ""ВоронежАгро-М""";Ярославль;2026-02
Мас.Тандер.72,5%.180г.фол.12шт;2026-02-14 14:49:49;9384.0;677.78;1144848.0;104077.09;Тандер ЗАО (Ерзовка РЦ);"ООО ""ВоронежАгро-М""";Волгоград;2026-02
Мас.Тандер.72,5%.180г.фол.12шт;2026-02-14 14:49:45;13872.0;677.78;1692384.0;153853.09;Тандер ЗАО (Ерзовка РЦ);"ООО ""ВоронежАгро-М""";Волгоград;2026-02
Мас.Тандер.72,5%.180г.фол.12шт;2026-02-14 14:49:28;8424.0;677.78;1027728.0;93429.82;Тандер ЗАО (Астрахань РЦ);"ООО ""ВоронежАгро-М""";Астрахань;2026-02
Мас.Тандер.72,5%.180г.фол.12шт;2026-02-14 07:14:19;14076.0;677.78;1717272.0;156115.64;Тандер ЗАО (Воронеж РЦ);"ООО ""ВоронежАгро-М""";Воронеж;2026-02
Мас.Тандер.72,5%.180г.фол.12шт;2026-02-14 06:04:04;8364.0;677.78;1020408.0;92764.36;Тандер ЗАО (Орел РЦ);"ООО ""ВоронежАгро-М""";Орел;2026-02
Мас.Тандер.72,5%.180г.фол.12шт;2026-02-14 00:53:19;8364.0;677.78;1020408.0;92764.36;Тандер ЗАО (Тамбов РЦ);"ООО ""ВоронежАгро-М""";Тамбов;2026-02
Мас.Тандер.72,5%.180г.фол.12шт;2026-02-12 12:28:55;3312.0;677.78;404064.0;36733.09;Тандер ЗАО (Иваново РЦ);"ООО ""ВоронежАгро-М""";Иваново;2026-02
Мас.Тандер.72,5%.180г.фол.12шт;2026-02-12 12:08:59;11628.0;677.78;1418616.0;128965.09;Тандер ЗАО (Дзержинск РЦ);"ООО ""ВоронежАгро-М""";Дзержинск;2026-02
Мас.Тандер.72,5%.180г.фол.12шт;2026-02-12 07:06:20;10200.0;677.78;1244400.0;113127.27;Тандер ЗАО (Воронеж РЦ);"ООО ""ВоронежАгро-М""";Воронеж;2026-02
Мас.Тандер.72,5%.180г.фол.12шт;2026-02-12 03:41:11;4080.0;677.78;497760.0;45250.91;Тандер ЗАО (Тамбов РЦ);"ООО ""ВоронежАгро-М""";Тамбов;2026-02
Мас.Тандер.72,5%.180г.фол.12шт;2026-02-11 16:21:14;3876.0;677.78;472872.0;42988.36;Тандер ЗАО (Ерзовка РЦ);"ООО ""ВоронежАгро-М""";Волгоград;2026-02
Мас.Тандер.72,5%.180г.фол.12шт;2026-02-11 16:21:11;13260.0;677.78;1617720.0;147065.45;Тандер ЗАО (Ерзовка РЦ);"ООО ""ВоронежАгро-М""";Волгоград;2026-02
Мас.Тандер.72,5%.180г.фол.12шт;2026-02-11 03:40:14;6528.0;677.78;796416.0;72401.45;Тандер ЗАО (Орел РЦ);"ООО ""ВоронежАгро-М""";Орел;2026-02
Мас.Тандер.72,5%.180г.фол.12шт;2026-02-10 23:54:10;2856.0;677.78;348432.0;31675.64;Тандер ЗАО (Тула РЦ) ;"ООО ""ВоронежАгро-М""";Тула;2026-02
Мас.Тандер.72,5%.180г.фол.12шт;2026-02-10 20:13:57;588.0;677.78;71736.0;6521.45;Тандер ЗАО (Иваново РЦ);"ООО ""ВоронежАгро-М""";Иваново;2026-02
Мас.Тандер.72,5%.180г.фол.12шт;2026-02-10 17:39:49;4692.0;677.78;572424.0;52038.55;Тандер ЗАО (Тамбов РЦ);"ООО ""ВоронежАгро-М""";Тамбов;2026-02
Мас.Тандер.72,5%.180г.фол.12шт;2026-02-10 17:39:17;3468.0;677.78;423096.0;38463.27;Тандер ЗАО (Дзержинск РЦ);"ООО ""ВоронежАгро-М""";Дзержинск;2026-02
Мас.Тандер.72,5%.180г.фол.12шт;2026-02-10 09:08:22;8772.0;677.78;1070184.0;97289.45;Тандер ЗАО (Воронеж РЦ);"ООО ""ВоронежАгро-М""";Воронеж;2026-02
Мас.Тандер.72,5%.180г.фол.12шт;2026-02-07 16:11:45;14076.0;677.78;1717272.0;156115.64;Тандер ЗАО (Ерзовка РЦ);"ООО ""ВоронежАгро-М""";Волгоград;2026-02
Мас.Тандер.72,5%.180г.фол.12шт;2026-02-07 16:11:43;7344.0;677.78;895968.0;81451.64;Тандер ЗАО (Ерзовка РЦ);"ООО ""ВоронежАгро-М""";Волгоград;2026-02
Мас.Тандер.72,5%.180г.фол.12шт;2026-02-07 16:11:25;9360.0;677.78;1141920.0;103810.91;Тандер ЗАО (Астрахань РЦ);"ООО ""ВоронежАгро-М""";Астрахань;2026-02
Мас.Тандер.72,5%.180г.фол.12шт;2026-02-07 09:08:40;14280.0;677.78;1742160.0;158378.18;Тандер ЗАО (Воронеж РЦ);"ООО ""ВоронежАгро-М""";Воронеж;2026-02
Мас.Тандер.72,5%.180г.фол.12шт;2026-02-07 03:07:07;6936.0;677.78;846192.0;76926.55;Тандер ЗАО (Орел РЦ);"ООО ""ВоронежАгро-М""";Орел;2026-02
Мас.Тандер.72,5%.180г.фол.12шт;2026-02-07 02:08:35;3876.0;677.78;472872.0;42988.36;Тандер ЗАО (Тамбов РЦ);"ООО ""ВоронежАгро-М""";Тамбов;2026-02
Мас.Тандер.72,5%.180г.фол.12шт;2026-02-06 11:57:53;10536.0;677.78;1285392.0;116853.82;Тандер ЗАО (Лермонтов РЦ);"ООО ""ВоронежАгро-М""";Лермонтов;2026-02
Мас.Тандер.72,5%.180г.фол.12шт;2026-02-06 11:55:25;5844.0;677.78;712968.0;64815.27;Тандер ЗАО (Лермонтов РЦ);"ООО ""ВоронежАгро-М""";Лермонтов;2026-02
Мас.Тандер.72,5%.180г.фол.12шт;2026-02-06 08:14:27;5304.0;677.78;647088.0;58826.18;Тандер ЗАО (Смоленск РЦ) ;"ООО ""ВоронежАгро-М""";Смоленск;2026-02
Мас.Тандер.72,5%.180г.фол.12шт;2026-02-06 04:42:40;13872.0;677.78;1692384.0;153853.09;Тандер ЗАО (Ярославль РЦ);"ООО ""ВоронежАгро-М""";Ярославль;2026-02
Мас.Тандер.72,5%.180г.фол.12шт;2026-02-05 20:32:56;3276.0;677.78;399672.0;36333.82;Тандер ЗАО (Иваново РЦ);"ООО ""ВоронежАгро-М""";Иваново;2026-02
Мас.Тандер.72,5%.180г.фол.12шт;2026-02-05 12:23:58;9996.0;677.78;1219512.0;110864.73;Тандер ЗАО (Дзержинск РЦ);"ООО ""ВоронежАгро-М""";Дзержинск;2026-02
Мас.Тандер.72,5%.180г.фол.12шт;2026-02-05 01:34:14;10200.0;677.78;1244400.0;113127.27;Тандер ЗАО (Воронеж РЦ);"ООО ""ВоронежАгро-М""";Воронеж;2026-02
Мас.Тандер.72,5%.180г.фол.12шт;2026-02-05 00:10:05;3468.0;677.78;423096.0;38463.27;Тандер ЗАО (Тамбов РЦ);"ООО ""ВоронежАгро-М""";Тамбов;2026-02
Мас.Тандер.72,5%.180г.фол.12шт;2026-02-04 15:05:36;16728.0;677.78;2040816.0;185528.73;Тандер ЗАО (Ерзовка РЦ);"ООО ""ВоронежАгро-М""";Волгоград;2026-02
Мас.Тандер.72,5%.180г.фол.12шт;2026-02-04 06:21:43;5508.0;677.78;671976.0;61088.73;Тандер ЗАО (Орел РЦ);"ООО ""ВоронежАгро-М""";Орел;2026-02
Мас.Тандер.72,5%.180г.фол.12шт;2026-02-04 00:20:22;984.0;677.78;120048.0;10913.45;Тандер ЗАО (Иваново РЦ);"ООО ""ВоронежАгро-М""";Иваново;2026-02
Мас.Тандер.72,5%.180г.фол.12шт;2026-02-03 03:24:45;9792.0;677.78;1194624.0;108602.18;Тандер ЗАО (Воронеж РЦ);"ООО ""ВоронежАгро-М""";Воронеж;2026-02
Мас.Тандер.72,5%.180г.фол.12шт;2026-02-02 18:47:01;14280.0;677.78;1742160.0;158378.18;Тандер ЗАО (Ерзовка РЦ);"ООО ""ВоронежАгро-М""";Волгоград;2026-02
Мас.Тандер.72,5%.180г.фол.12шт;2026-01-31 22:43:04;6936.0;677.78;846192.0;76926.55;Тандер ЗАО (Тула РЦ) ;"ООО ""ВоронежАгро-М""";Тула;2026-01
Мас.Тандер.72,5%.180г.фол.12шт;2026-01-31 14:32:49;4488.0;677.78;547536.0;49776.0;Тандер ЗАО (Смоленск РЦ) ;"ООО ""ВоронежАгро-М""";Смоленск;2026-01
Мас.Тандер.72,5%.180г.фол.12шт;2026-01-31 09:44:37;5304.0;677.78;647088.0;58826.18;Тандер ЗАО (Ерзовка РЦ);"ООО ""ВоронежАгро-М""";Волгоград;2026-01
Мас.Тандер.72,5%.180г.фол.12шт;2026-01-31 09:44:11;5148.0;677.78;628056.0;57096.0;Тандер ЗАО (Астрахань РЦ);"ООО ""ВоронежАгро-М""";Астрахань;2026-01
Мас.Тандер.72,5%.180г.фол.12шт;2026-01-31 04:19:19;10200.0;677.78;1244400.0;113127.27;Тандер ЗАО (Воронеж РЦ);"ООО ""ВоронежАгро-М""";Воронеж;2026-01
Мас.Тандер.72,5%.180г.фол.12шт;2026-01-31 02:20:34;4896.0;677.78;597312.0;54301.09;Тандер ЗАО (Тамбов РЦ);"ООО ""ВоронежАгро-М""";Тамбов;2026-01
Мас.Тандер.72,5%.180г.фол.12шт;2026-01-31 01:44:21;5712.0;677.78;696864.0;63351.27;Тандер ЗАО (Орел РЦ);"ООО ""ВоронежАгро-М""";Орел;2026-01
Мас.Тандер.72,5%.180г.фол.12шт;2026-01-29 14:12:43;528.0;677.78;64416.0;5856.0;Тандер ЗАО (Иваново РЦ);"ООО ""ВоронежАгро-М""";Иваново;2026-01
Мас.Тандер.72,5%.180г.фол.12шт;2026-01-29 06:37:21;10404.0;677.78;1269288.0;115389.82;Тандер ЗАО (Воронеж РЦ);"ООО ""ВоронежАгро-М""";Воронеж;2026-01
Мас.Тандер.72,5%.180г.фол.12шт;2026-01-29 06:04:55;7344.0;677.78;895968.0;81451.64;Тандер ЗАО (Ярославль РЦ);"ООО ""ВоронежАгро-М""";Ярославль;2026-01
Мас.Тандер.72,5%.180г.фол.12шт;2026-01-29 03:29:43;1224.0;677.78;149328.0;13575.27;Тандер ЗАО (Тамбов РЦ);"ООО ""ВоронежАгро-М""";Тамбов;2026-01
Мас.Тандер.72,5%.180г.фол.12шт;2026-01-28 20:46:11;9384.0;677.78;1144848.0;104077.09;Тандер ЗАО (Дзержинск РЦ);"ООО ""ВоронежАгро-М""";Дзержинск;2026-01
Мас.Тандер.72,5%.180г.фол.12шт;2026-01-28 14:52:08;14484.0;677.78;1767048.0;160640.73;Тандер ЗАО (Ерзовка РЦ);"ООО ""ВоронежАгро-М""";Волгоград;2026-01
Мас.Тандер.72,5%.180г.фол.12шт;2026-01-28 02:34:34;5712.0;677.78;696864.0;63351.27;Тандер ЗАО (Орел РЦ);"ООО ""ВоронежАгро-М""";Орел;2026-01
Мас.Тандер.72,5%.180г.фол.12шт;2026-01-28 01:28:33;11016.0;677.78;1343952.0;122177.45;Тандер ЗАО (Тула РЦ) ;"ООО ""ВоронежАгро-М""";Тула;2026-01
Мас.Тандер.72,5%.180г.фол.12шт;2026-01-27 19:30:37;1020.0;677.78;124440.0;11312.73;Тандер ЗАО (Смоленск РЦ) ;"ООО ""ВоронежАгро-М""";Смоленск;2026-01
Мас.Тандер.72,5%.180г.фол.12шт;2026-01-27 01:25:37;7548.0;677.78;920856.0;83714.18;Тандер ЗАО (Дзержинск РЦ);"ООО ""ВоронежАгро-М""";Дзержинск;2026-01
Мас.Тандер.72,5%.180г.фол.12шт;2026-01-27 01:25:08;1632.0;677.78;199104.0;18100.36;Тандер ЗАО (Тамбов РЦ);"ООО ""ВоронежАгро-М""";Тамбов;2026-01
Мас.Тандер.72,5%.180г.фол.12шт;2026-01-25 14:41:26;12036.0;677.78;1468392.0;133490.18;Тандер ЗАО (Ярославль РЦ);"ООО ""ВоронежАгро-М""";Ярославль;2026-01
Мас.Тандер.72,5%.180г.фол.12шт;2026-01-25 05:11:13;5916.0;677.78;721752.0;65613.82;Тандер ЗАО (Тула РЦ) ;"ООО ""ВоронежАгро-М""";Тула;2026-01
Мас.Тандер.72,5%.180г.фол.12шт;2026-01-24 18:25:27;11304.0;677.78;1379088.0;125371.64;Тандер ЗАО (Лермонтов РЦ);"ООО ""ВоронежАгро-М""";Лермонтов;2026-01
Мас.Тандер.72,5%.180г.фол.12шт;2026-01-24 18:25:18;30888.0;677.78;3768336.0;342576.0;Тандер ЗАО (Лермонтов РЦ);"ООО ""ВоронежАгро-М""";Лермонтов;2026-01
Мас.Тандер.72,5%.180г.фол.12шт;2026-01-24 14:51:22;8364.0;677.78;1020408.0;92764.36;Тандер ЗАО (Смоленск РЦ) ;"ООО ""ВоронежАгро-М""";Смоленск;2026-01
Мас.Тандер.72,5%.180г.фол.12шт;2026-01-24 10:50:06;17136.0;677.78;2090592.0;190053.82;Тандер ЗАО (Ерзовка РЦ);"ООО ""ВоронежАгро-М""";Волгоград;2026-01
Мас.Тандер.72,5%.180г.фол.12шт;2026-01-24 10:49:42;7956.0;677.78;970632.0;88239.27;Тандер ЗАО (Астрахань РЦ);"ООО ""ВоронежАгро-М""";Астрахань;2026-01
Мас.Тандер.72,5%.180г.фол.12шт;2026-01-24 00:51:52;5304.0;677.78;647088.0;58826.18;Тандер ЗАО (Тамбов РЦ);"ООО ""ВоронежАгро-М""";Тамбов;2026-01
Мас.Тандер.72,5%.180г.фол.12шт;2026-01-23 20:52:59;8568.0;677.78;1045296.0;95026.91;Тандер ЗАО (Орел РЦ);"ООО ""ВоронежАгро-М""";Орел;2026-01
Мас.Тандер.72,5%.180г.фол.12шт;2026-01-22 21:28:14;2964.0;677.78;361608.0;32873.45;Тандер ЗАО (Иваново РЦ);"ООО ""ВоронежАгро-М""";Иваново;2026-01
Мас.Тандер.72,5%.180г.фол.12шт;2026-01-22 14:10:33;13056.0;677.78;1592832.0;144802.91;Тандер ЗАО (Дзержинск РЦ);"ООО ""ВоронежАгро-М""";Дзержинск;2026-01
Мас.Тандер.72,5%.180г.фол.12шт;2026-01-22 10:26:34;32232.0;677.78;3932304.0;357482.18;Тандер ЗАО (Воронеж РЦ);"ООО ""ВоронежАгро-М""";Воронеж;2026-01
Мас.Тандер.72,5%.180г.фол.12шт;2026-01-22 03:33:18;4080.0;677.78;497760.0;45250.91;Тандер ЗАО (Тамбов РЦ);"ООО ""ВоронежАгро-М""";Тамбов;2026-01
Мас.Тандер.72,5%.180г.фол.12шт;2026-01-21 17:52:28;4692.0;677.78;572424.0;52038.55;Тандер ЗАО (Ерзовка РЦ);"ООО ""ВоронежАгро-М""";Волгоград;2026-01
Мас.Тандер.72,5%.180г.фол.12шт;2026-01-21 17:52:25;26316.0;677.78;3210552.0;291868.36;Тандер ЗАО (Ерзовка РЦ);"ООО ""ВоронежАгро-М""";Волгоград;2026-01
Мас.Тандер.72,5%.180г.фол.12шт;2026-01-21 14:38:42;21828.0;677.78;2663016.0;242092.36;Тандер ЗАО (Ярославль РЦ);"ООО ""ВоронежАгро-М""";Ярославль;2026-01
Мас.Тандер.72,5%.180г.фол.12шт;2026-01-21 14:38:15;20196.0;677.78;2463912.0;223992.0;Тандер ЗАО (Ярославль РЦ);"ООО ""ВоронежАгро-М""";Ярославль;2026-01
Мас.Тандер.72,5%.180г.фол.12шт;2026-01-21 14:04:41;14688.0;677.78;1791936.0;162903.27;Тандер ЗАО (Тула РЦ) ;"ООО ""ВоронежАгро-М""";Тула;2026-01
Мас.Тандер.72,5%.180г.фол.12шт;2026-01-21 14:04:24;12444.0;677.78;1518168.0;138015.27;Тандер ЗАО (Тула РЦ) ;"ООО ""ВоронежАгро-М""";Тула;2026-01
Мас.Тандер.72,5%.180г.фол.12шт;2026-01-21 03:28:04;7956.0;677.78;970632.0;88239.27;Тандер ЗАО (Орел РЦ);"ООО ""ВоронежАгро-М""";Орел;2026-01
Мас.Тандер.72,5%.180г.фол.12шт;2026-01-20 22:20:59;11628.0;677.78;1418616.0;128965.09;Тандер ЗАО (Смоленск РЦ) ;"ООО ""ВоронежАгро-М""";Смоленск;2026-01
Мас.Тандер.72,5%.180г.фол.12шт;2026-01-20 19:11:55;2544.0;677.78;310368.0;28215.27;Тандер ЗАО (Иваново РЦ);"ООО ""ВоронежАгро-М""";Иваново;2026-01
Мас.Тандер.72,5%.180г.фол.12шт;2026-01-20 10:52:45;22236.0;677.78;2712792.0;246617.45;Тандер ЗАО (Воронеж РЦ);"ООО ""ВоронежАгро-М""";Воронеж;2026-01
Мас.Тандер.72,5%.180г.фол.12шт;2026-01-20 01:43:24;1428.0;677.78;174216.0;15837.82;Тандер ЗАО (Дзержинск РЦ);"ООО ""ВоронежАгро-М""";Дзержинск;2026-01
Мас.Тандер.72,5%.180г.фол.12шт;2026-01-20 01:43:18;4080.0;677.78;497760.0;45250.91;Тандер ЗАО (Тамбов РЦ);"ООО ""ВоронежАгро-М""";Тамбов;2026-01
Мас.Тандер.72,5%.180г.фол.12шт;2026-01-20 00:02:20;19584.0;677.78;2389248.0;217204.36;Тандер ЗАО (Воронеж РЦ);"ООО ""ВоронежАгро-М""";Воронеж;2026-01
Мас.Тандер.72,5%.180г.фол.12шт;2026-01-18 16:32:18;5508.0;677.78;671976.0;61088.73;Тандер ЗАО (Ярославль РЦ);"ООО ""ВоронежАгро-М""";Ярославль;2026-01
Мас.Тандер.72,5%.180г.фол.12шт;2026-01-18 16:32:14;3876.0;677.78;472872.0;42988.36;Тандер ЗАО (Тула РЦ) ;"ООО ""ВоронежАгро-М""";Тула;2026-01
Мас.Тандер.72,5%.180г.фол.12шт;2026-01-18 09:02:46;3468.0;677.78;423096.0;38463.27;Тандер ЗАО (Смоленск РЦ) ;"ООО ""ВоронежАгро-М""";Смоленск;2026-01
Мас.Тандер.72,5%.180г.фол.12шт;2026-01-17 05:57:51;5304.0;677.78;647088.0;58826.18;Тандер ЗАО (Воронеж РЦ);"ООО ""ВоронежАгро-М""";Воронеж;2026-01
Мас.Тандер.72,5%.180г.фол.12шт;2026-01-17 05:49:23;19380.0;677.78;2364360.0;214941.82;Тандер ЗАО (Ерзовка РЦ);"ООО ""ВоронежАгро-М""";Волгоград;2026-01
Мас.Тандер.72,5%.180г.фол.12шт;2026-01-17 05:49:02;5844.0;677.78;712968.0;64815.27;Тандер ЗАО (Астрахань РЦ);"ООО ""ВоронежАгро-М""";Астрахань;2026-01
Мас.Тандер.72,5%.180г.фол.12шт;2026-01-17 02:32:12;816.0;677.78;99552.0;9050.18;Тандер ЗАО (Тамбов РЦ);"ООО ""ВоронежАгро-М""";Тамбов;2026-01
Мас.Тандер.72,5%.180г.фол.12шт;2026-01-17 01:47:43;3672.0;677.78;447984.0;40725.82;Тандер ЗАО (Орел РЦ);"ООО ""ВоронежАгро-М""";Орел;2026-01
Мас.Тандер.72,5%.180г.фол.12шт;2026-01-16 08:59:00;20124.0;677.78;2455128.0;223193.45;Тандер ЗАО (Лермонтов РЦ);"ООО ""ВоронежАгро-М""";Лермонтов;2026-01
Мас.Тандер.72,5%.180г.фол.12шт;2026-01-15 18:05:25;1992.0;677.78;243024.0;22093.09;Тандер ЗАО (Иваново РЦ);"ООО ""ВоронежАгро-М""";Иваново;2026-01
Мас.Тандер.72,5%.180г.фол.12шт;2026-01-15 06:28:38;6732.0;677.78;821304.0;74664.0;Тандер ЗАО (Воронеж РЦ);"ООО ""ВоронежАгро-М""";Воронеж;2026-01
Мас.Тандер.72,5%.180г.фол.12шт;2026-01-15 03:55:50;9588.0;677.78;1169736.0;106339.64;Тандер ЗАО (Дзержинск РЦ);"ООО ""ВоронежАгро-М""";Дзержинск;2026-01
Мас.Тандер.72,5%.180г.фол.12шт;2026-01-15 03:29:23;2040.0;677.78;248880.0;22625.45;Тандер ЗАО (Тамбов РЦ);"ООО ""ВоронежАгро-М""";Тамбов;2026-01
Мас.Тандер.72,5%.180г.фол.12шт;2026-01-14 17:17:39;13464.0;677.78;1642608.0;149328.0;Тандер ЗАО (Ярославль РЦ);"ООО ""ВоронежАгро-М""";Ярославль;2026-01
Мас.Тандер.72,5%.180г.фол.12шт;2026-01-14 14:33:20;6936.0;677.78;846192.0;76926.55;Тандер ЗАО (Ерзовка РЦ);"ООО ""ВоронежАгро-М""";Волгоград;2026-01
Мас.Тандер.72,5%.180г.фол.12шт;2026-01-14 05:23:50;12036.0;677.78;1468392.0;133490.18;Тандер ЗАО (Тула РЦ) ;"ООО ""ВоронежАгро-М""";Тула;2026-01
Мас.Тандер.72,5%.180г.фол.12шт;2026-01-14 04:53:42;3672.0;677.78;447984.0;40725.82;Тандер ЗАО (Орел РЦ);"ООО ""ВоронежАгро-М""";Орел;2026-01
Мас.Тандер.72,5%.180г.фол.12шт;2026-01-13 21:25:06;4080.0;677.78;497760.0;45250.91;Тандер ЗАО (Смоленск РЦ) ;"ООО ""ВоронежАгро-М""";Смоленск;2026-01
Мас.Тандер.72,5%.180г.фол.12шт;2026-01-13 15:15:48;132.0;677.78;16104.0;1464.0;Тандер ЗАО (Иваново РЦ);"ООО ""ВоронежАгро-М""";Иваново;2026-01
Мас.Тандер.72,5%.180г.фол.12шт;2026-01-13 08:44:36;13056.0;677.78;1592832.0;144802.91;Тандер ЗАО (Воронеж РЦ);"ООО ""ВоронежАгро-М""";Воронеж;2026-01
Мас.Тандер.72,5%.180г.фол.12шт;2026-01-13 02:47:20;3468.0;677.78;423096.0;38463.27;Тандер ЗАО (Дзержинск РЦ);"ООО ""ВоронежАгро-М""";Дзержинск;2026-01
Мас.Тандер.72,5%.180г.фол.12шт;2026-01-13 02:47:15;3468.0;677.78;423096.0;38463.27;Тандер ЗАО (Тамбов РЦ);"ООО ""ВоронежАгро-М""";Тамбов;2026-01
Мас.Тандер.72,5%.180г.фол.12шт;2026-01-11 17:08:46;2652.0;677.78;323544.0;29413.09;Тандер ЗАО (Тула РЦ) ;"ООО ""ВоронежАгро-М""";Тула;2026-01
Мас.Тандер.72,5%.180г.фол.12шт;2026-01-10 11:37:19;6936.0;677.78;846192.0;76926.55;Тандер ЗАО (Смоленск РЦ) ;"ООО ""ВоронежАгро-М""";Смоленск;2026-01
Мас.Тандер.72,5%.180г.фол.12шт;2026-01-10 09:29:15;3744.0;677.78;456768.0;41524.36;Тандер ЗАО (Астрахань РЦ);"ООО ""ВоронежАгро-М""";Астрахань;2026-01
Мас.Тандер.72,5%.180г.фол.12шт;2026-01-10 09:14:15;5712.0;677.78;696864.0;63351.27;Тандер ЗАО (Воронеж РЦ);"ООО ""ВоронежАгро-М""";Воронеж;2026-01
Мас.Тандер.72,5%.180г.фол.12шт;2026-01-10 01:28:08;6528.0;677.78;796416.0;72401.45;Тандер ЗАО (Тамбов РЦ);"ООО ""ВоронежАгро-М""";Тамбов;2026-01
Мас.Тандер.72,5%.180г.фол.12шт;2026-01-09 14:42:33;8364.0;677.78;1020408.0;92764.36;Тандер ЗАО (Орел РЦ);"ООО ""ВоронежАгро-М""";Орел;2026-01
Мас.Тандер.72,5%.180г.фол.12шт;2026-01-08 14:11:05;20808.0;677.78;2538576.0;230779.64;Тандер ЗАО (Ерзовка РЦ);"ООО ""ВоронежАгро-М""";Волгоград;2026-01
Мас.Тандер.72,5%.180г.фол.12шт;2026-01-08 13:54:11;10524.0;677.78;1283928.0;116720.73;Тандер ЗАО (Лермонтов РЦ);"ООО ""ВоронежАгро-М""";Лермонтов;2026-01
Мас.Тандер.72,5%.180г.фол.12шт;2026-01-08 00:02:21;5100.0;677.78;622200.0;56563.64;Тандер ЗАО (Тамбов РЦ);"ООО ""ВоронежАгро-М""";Тамбов;2026-01
Мас.Тандер.72,5%.180г.фол.12шт;2026-01-07 21:52:10;10812.0;677.78;1319064.0;119914.91;Тандер ЗАО (Дзержинск РЦ);"ООО ""ВоронежАгро-М""";Дзержинск;2026-01
Мас.Тандер.72,5%.180г.фол.12шт;2026-01-06 11:12:32;3108.0;677.78;379176.0;34470.55;Тандер ЗАО (Иваново РЦ);"ООО ""ВоронежАгро-М""";Иваново;2026-01
Мас.Тандер.72,5%.180г.фол.12шт;2026-01-06 10:10:29;4080.0;677.78;497760.0;45250.91;Тандер ЗАО (Смоленск РЦ) ;"ООО ""ВоронежАгро-М""";Смоленск;2026-01
Мас.Тандер.72,5%.180г.фол.12шт;2026-01-06 04:08:41;7140.0;677.78;871080.0;79189.09;Тандер ЗАО (Тамбов РЦ);"ООО ""ВоронежАгро-М""";Тамбов;2026-01
Мас.Тандер.72,5%.180г.фол.12шт;2026-01-05 02:12:32;10608.0;677.78;1294176.0;117652.36;Тандер ЗАО (Орел РЦ);"ООО ""ВоронежАгро-М""";Орел;2026-01
Мас.Тандер.72,5%.180г.фол.12шт;2026-01-03 16:06:33;13872.0;677.78;1692384.0;153853.09;Тандер ЗАО (Тула РЦ) ;"ООО ""ВоронежАгро-М""";Тула;2026-01
Мас.Тандер.72,5%.180г.фол.12шт;2026-01-03 16:06:29;15300.0;677.78;1866600.0;169690.91;Тандер ЗАО (Ярославль РЦ);"ООО ""ВоронежАгро-М""";Ярославль;2026-01
Мас.Тандер.72,5%.180г.фол.12шт;2025-12-30 13:26:26;31416.0;677.78;3832752.0;348432.0;Тандер ЗАО (Воронеж РЦ);"ООО ""ВоронежАгро-М""";Воронеж;2025-12
Мас.Тандер.72,5%.180г.фол.12шт;2025-12-30 04:24:55;3264.0;677.78;398208.0;36200.73;Тандер ЗАО (Тамбов РЦ);"ООО ""ВоронежАгро-М""";Тамбов;2025-12
Мас.Тандер.72,5%.180г.фол.12шт;2025-12-30 01:19:00;13872.0;677.78;1692384.0;153853.09;Тандер ЗАО (Тула РЦ) ;"ООО ""ВоронежАгро-М""";Тула;2025-12
Мас.Тандер.72,5%.180г.фол.12шт;2025-12-29 15:47:21;2040.0;677.78;248880.0;22625.45;Тандер ЗАО (Орел РЦ);"ООО ""ВоронежАгро-М""";Орел;2025-12
Мас.Тандер.72,5%.180г.фол.12шт;2025-12-29 04:03:58;19788.0;677.78;2414136.0;219466.91;Тандер ЗАО (Ерзовка РЦ);"ООО ""ВоронежАгро-М""";Волгоград;2025-12
Мас.Тандер.72,5%.180г.фол.12шт;2025-12-29 04:01:39;2100.0;677.78;256200.0;23290.91;Тандер ЗАО (Иваново РЦ);"ООО ""ВоронежАгро-М""";Иваново;2025-12
Мас.Тандер.72,5%.180г.фол.12шт;2025-12-28 03:43:23;7140.0;677.78;871080.0;79189.09;Тандер ЗАО (Тула РЦ) ;"ООО ""ВоронежАгро-М""";Тула;2025-12
Мас.Тандер.72,5%.180г.фол.12шт;2025-12-28 03:43:13;1632.0;677.78;199104.0;18100.36;Тандер ЗАО (Тула РЦ) ;"ООО ""ВоронежАгро-М""";Тула;2025-12
Мас.Тандер.72,5%.180г.фол.12шт;2025-12-27 15:00:40;4284.0;677.78;522648.0;47513.45;Тандер ЗАО (Ерзовка РЦ);"ООО ""ВоронежАгро-М""";Волгоград;2025-12
Мас.Тандер.72,5%.180г.фол.12шт;2025-12-27 15:00:36;28560.0;677.78;3484320.0;316756.36;Тандер ЗАО (Ерзовка РЦ);"ООО ""ВоронежАгро-М""";Волгоград;2025-12
Мас.Тандер.72,5%.180г.фол.12шт;2025-12-27 13:28:06;4896.0;677.78;597312.0;54301.09;Тандер ЗАО (Тамбов РЦ);"ООО ""ВоронежАгро-М""";Тамбов;2025-12
Мас.Тандер.72,5%.180г.фол.12шт;2025-12-27 10:59:45;10404.0;677.78;1269288.0;115389.82;Тандер ЗАО (Смоленск РЦ) ;"ООО ""ВоронежАгро-М""";Смоленск;2025-12
Мас.Тандер.72,5%.180г.фол.12шт;2025-12-27 00:17:43;6732.0;677.78;821304.0;74664.0;Тандер ЗАО (Воронеж РЦ);"ООО ""ВоронежАгро-М""";Воронеж;2025-12
Мас.Тандер.72,5%.180г.фол.12шт;2025-12-27 00:17:38;9792.0;677.78;1194624.0;108602.18;Тандер ЗАО (Воронеж РЦ);"ООО ""ВоронежАгро-М""";Воронеж;2025-12
Мас.Тандер.72,5%.180г.фол.12шт;2025-12-26 18:57:23;5100.0;677.78;622200.0;56563.64;Тандер ЗАО (Орел РЦ);"ООО ""ВоронежАгро-М""";Орел;2025-12
Мас.Тандер.72,5%.180г.фол.12шт;2025-12-26 09:53:08;11832.0;677.78;1443504.0;131227.64;Тандер ЗАО (Ярославль РЦ);"ООО ""ВоронежАгро-М""";Ярославль;2025-12
Мас.Тандер.72,5%.180г.фол.12шт;2025-12-26 00:46:33;1092.0;677.78;133224.0;12111.27;Тандер ЗАО (Иваново РЦ);"ООО ""ВоронежАгро-М""";Иваново;2025-12
Мас.Тандер.72,5%.180г.фол.12шт;2025-12-25 12:53:04;17748.0;677.78;2165256.0;196841.45;Тандер ЗАО (Ярославль РЦ);"ООО ""ВоронежАгро-М""";Ярославль;2025-12
Мас.Тандер.72,5%.180г.фол.12шт;2025-12-25 02:35:30;9588.0;677.78;1169736.0;106339.64;Тандер ЗАО (Воронеж РЦ);"ООО ""ВоронежАгро-М""";Воронеж;2025-12
Мас.Тандер.72,5%.180г.фол.12шт;2025-12-25 00:08:18;4692.0;677.78;572424.0;52038.55;Тандер ЗАО (Тамбов РЦ);"ООО ""ВоронежАгро-М""";Тамбов;2025-12
Мас.Тандер.72,5%.180г.фол.12шт;2025-12-24 11:38:16;22440.0;677.78;2737680.0;248880.0;Тандер ЗАО (Дзержинск РЦ);"ООО ""ВоронежАгро-М""";Дзержинск;2025-12
Мас.Тандер.72,5%.180г.фол.12шт;2025-12-24 10:43:42;13260.0;677.78;1617720.0;147065.45;Тандер ЗАО (Ерзовка РЦ);"ООО ""ВоронежАгро-М""";Волгоград;2025-12
Мас.Тандер.72,5%.180г.фол.12шт;2025-12-24 04:55:19;1836.0;677.78;223992.0;20362.91;Тандер ЗАО (Тула РЦ) ;"ООО ""ВоронежАгро-М""";Тула;2025-12
Мас.Тандер.72,5%.180г.фол.12шт;2025-12-24 04:54:56;7752.0;677.78;945744.0;85976.73;Тандер ЗАО (Тула РЦ) ;"ООО ""ВоронежАгро-М""";Тула;2025-12
Мас.Тандер.72,5%.180г.фол.12шт;2025-12-24 04:45:49;4488.0;677.78;547536.0;49776.0;Тандер ЗАО (Смоленск РЦ) ;"ООО ""ВоронежАгро-М""";Смоленск;2025-12
Мас.Тандер.72,5%.180г.фол.12шт;2025-12-24 03:57:10;5304.0;677.78;647088.0;58826.18;Тандер ЗАО (Орел РЦ);"ООО ""ВоронежАгро-М""";Орел;2025-12
Мас.Тандер.72,5%.180г.фол.12шт;2025-12-23 02:12:52;2040.0;677.78;248880.0;22625.45;Тандер ЗАО (Тамбов РЦ);"ООО ""ВоронежАгро-М""";Тамбов;2025-12
Мас.Тандер.72,5%.180г.фол.12шт;2025-12-23 01:45:03;7344.0;677.78;895968.0;81451.64;Тандер ЗАО (Воронеж РЦ);"ООО ""ВоронежАгро-М""";Воронеж;2025-12
Мас.Тандер.72,5%.180г.фол.12шт;2025-12-23 01:28:39;7140.0;677.78;871080.0;79189.09;Тандер ЗАО (Дзержинск РЦ);"ООО ""ВоронежАгро-М""";Дзержинск;2025-12
Мас.Тандер.72,5%.180г.фол.12шт;2025-12-21 04:41:48;12444.0;677.78;1518168.0;138015.27;Тандер ЗАО (Ярославль РЦ);"ООО ""ВоронежАгро-М""";Ярославль;2025-12
Мас.Тандер.72,5%.180г.фол.12шт;2025-12-20 20:39:52;5712.0;677.78;696864.0;63351.27;Тандер ЗАО (Тула РЦ) ;"ООО ""ВоронежАгро-М""";Тула;2025-12
Мас.Тандер.72,5%.180г.фол.12шт;2025-12-20 17:40:50;5100.0;677.78;622200.0;56563.64;Тандер ЗАО (Ерзовка РЦ);"ООО ""ВоронежАгро-М""";Волгоград;2025-12
Мас.Тандер.72,5%.180г.фол.12шт;2025-12-20 17:40:46;11424.0;677.78;1393728.0;126702.55;Тандер ЗАО (Ерзовка РЦ);"ООО ""ВоронежАгро-М""";Волгоград;2025-12
Мас.Тандер.72,5%.180г.фол.12шт;2025-12-20 13:39:20;9468.0;677.78;1155096.0;105008.73;Тандер ЗАО (Смоленск РЦ) ;"ООО ""ВоронежАгро-М""";Смоленск;2025-12
Мас.Тандер.72,5%.180г.фол.12шт;2025-12-20 07:18:12;13464.0;677.78;1642608.0;149328.0;Тандер ЗАО (Воронеж РЦ);"ООО ""ВоронежАгро-М""";Воронеж;2025-12
Мас.Тандер.72,5%.180г.фол.12шт;2025-12-20 02:51:04;4080.0;677.78;497760.0;45250.91;Тандер ЗАО (Тамбов РЦ);"ООО ""ВоронежАгро-М""";Тамбов;2025-12
Мас.Тандер.72,5%.180г.фол.12шт;2025-12-19 22:52:58;7200.0;677.78;878400.0;79854.55;Тандер ЗАО (Орел РЦ);"ООО ""ВоронежАгро-М""";Орел;2025-12
Мас.Тандер.72,5%.180г.фол.12шт;2025-12-18 18:37:12;3636.0;677.78;443592.0;40326.55;Тандер ЗАО (Иваново РЦ);"ООО ""ВоронежАгро-М""";Иваново;2025-12
Мас.Тандер.72,5%.180г.фол.12шт;2025-12-18 06:28:01;11016.0;677.78;1343952.0;122177.45;Тандер ЗАО (Воронеж РЦ);"ООО ""ВоронежАгро-М""";Воронеж;2025-12
Мас.Тандер.72,5%.180г.фол.12шт;2025-12-18 02:03:05;5100.0;677.78;622200.0;56563.64;Тандер ЗАО (Дзержинск РЦ);"ООО ""ВоронежАгро-М""";Дзержинск;2025-12
Мас.Тандер.72,5%.180г.фол.12шт;2025-12-17 19:05:32;15504.0;677.78;1891488.0;171953.45;Тандер ЗАО (Ерзовка РЦ);"ООО ""ВоронежАгро-М""";Волгоград;2025-12
Мас.Тандер.72,5%.180г.фол.12шт;2025-12-17 14:05:52;17544.0;677.78;2140368.0;194578.91;Тандер ЗАО (Ярославль РЦ);"ООО ""ВоронежАгро-М""";Ярославль;2025-12
Мас.Тандер.72,5%.180г.фол.12шт;2025-12-17 09:07:19;1128.0;677.78;137616.0;12510.55;Тандер ЗАО (Иваново РЦ);"ООО ""ВоронежАгро-М""";Иваново;2025-12
Мас.Тандер.72,5%.180г.фол.12шт;2025-12-17 01:58:44;8568.0;677.78;1045296.0;95026.91;Тандер ЗАО (Тула РЦ) ;"ООО ""ВоронежАгро-М""";Тула;2025-12
Мас.Тандер.72,5%.180г.фол.12шт;2025-12-17 01:58:28;5712.0;677.78;696864.0;63351.27;Тандер ЗАО (Тула РЦ) ;"ООО ""ВоронежАгро-М""";Тула;2025-12
Мас.Тандер.72,5%.180г.фол.12шт;2025-12-16 15:55:40;4332.0;677.78;528504.0;48045.82;Тандер ЗАО (Смоленск РЦ) ;"ООО ""ВоронежАгро-М""";Смоленск;2025-12
Мас.Тандер.72,5%.180г.фол.12шт;2025-12-16 07:41:40;7344.0;677.78;895968.0;81451.64;Тандер ЗАО (Воронеж РЦ);"ООО ""ВоронежАгро-М""";Воронеж;2025-12
Мас.Тандер.72,5%.180г.фол.12шт;2025-12-16 02:52:26;4488.0;677.78;547536.0;49776.0;Тандер ЗАО (Тамбов РЦ);"ООО ""ВоронежАгро-М""";Тамбов;2025-12
Мас.Тандер.72,5%.180г.фол.12шт;2025-12-16 02:52:21;4080.0;677.78;497760.0;45250.91;Тандер ЗАО (Дзержинск РЦ);"ООО ""ВоронежАгро-М""";Дзержинск;2025-12
Мас.Тандер.72,5%.180г.фол.12шт;2025-12-14 10:54:02;7548.0;677.78;920856.0;83714.18;Тандер ЗАО (Тула РЦ) ;"ООО ""ВоронежАгро-М""";Тула;2025-12
Мас.Тандер.72,5%.180г.фол.12шт;2025-12-14 10:53:42;816.0;677.78;99552.0;9050.18;Тандер ЗАО (Тула РЦ) ;"ООО ""ВоронежАгро-М""";Тула;2025-12
Мас.Тандер.72,5%.180г.фол.12шт;2025-12-14 07:40:00;10812.0;677.78;1319064.0;119914.91;Тандер ЗАО (Ярославль РЦ);"ООО ""ВоронежАгро-М""";Ярославль;2025-12
Мас.Тандер.72,5%.180г.фол.12шт;2025-12-14 07:39:39;408.0;677.78;49776.0;4525.09;Тандер ЗАО (Ярославль РЦ);"ООО ""ВоронежАгро-М""";Ярославль;2025-12
Мас.Тандер.72,5%.180г.фол.12шт;2025-12-13 16:31:29;3660.0;677.78;446520.0;40592.73;Тандер ЗАО (Смоленск РЦ) ;"ООО ""ВоронежАгро-М""";Смоленск;2025-12
Мас.Тандер.72,5%.180г.фол.12шт;2025-12-13 13:23:17;13260.0;677.78;1617720.0;147065.45;Тандер ЗАО (Ерзовка РЦ);"ООО ""ВоронежАгро-М""";Волгоград;2025-12
Мас.Тандер.72,5%.180г.фол.12шт;2025-12-13 13:23:10;14892.0;677.78;1816824.0;165165.82;Тандер ЗАО (Ерзовка РЦ);"ООО ""ВоронежАгро-М""";Волгоград;2025-12
Мас.Тандер.72,5%.180г.фол.12шт;2025-12-13 08:21:15;14280.0;677.78;1742160.0;158378.18;Тандер ЗАО (Воронеж РЦ);"ООО ""ВоронежАгро-М""";Воронеж;2025-12
Мас.Тандер.72,5%.180г.фол.12шт;2025-12-13 01:13:57;1224.0;677.78;149328.0;13575.27;Тандер ЗАО (Тамбов РЦ);"ООО ""ВоронежАгро-М""";Тамбов;2025-12
Мас.Тандер.72,5%.180г.фол.12шт;2025-12-12 05:55:52;3060.0;677.78;373320.0;33938.18;Тандер ЗАО (Тамбов РЦ);"ООО ""ВоронежАгро-М""";Тамбов;2025-12
Мас.Тандер.72,5%.180г.фол.12шт;2025-12-11 23:24:24;3564.0;677.78;434808.0;39528.0;Тандер ЗАО (Иваново РЦ);"ООО ""ВоронежАгро-М""";Иваново;2025-12
Мас.Тандер.72,5%.180г.фол.12шт;2025-12-11 09:01:12;7344.0;677.78;895968.0;81451.64;Тандер ЗАО (Дзержинск РЦ);"ООО ""ВоронежАгро-М""";Дзержинск;2025-12
Мас.Тандер.72,5%.180г.фол.12шт;2025-12-11 03:44:26;7548.0;677.78;920856.0;83714.18;Тандер ЗАО (Воронеж РЦ);"ООО ""ВоронежАгро-М""";Воронеж;2025-12
Мас.Тандер.72,5%.180г.фол.12шт;2025-12-11 03:38:16;6936.0;677.78;846192.0;76926.55;Тандер ЗАО (Воронеж РЦ);"ООО ""ВоронежАгро-М""";Воронеж;2025-12
Мас.Тандер.72,5%.180г.фол.12шт;2025-12-10 19:03:45;10404.0;677.78;1269288.0;115389.82;Тандер ЗАО (Ерзовка РЦ);"ООО ""ВоронежАгро-М""";Волгоград;2025-12
Мас.Тандер.72,5%.180г.фол.12шт;2025-12-10 19:03:41;3264.0;677.78;398208.0;36200.73;Тандер ЗАО (Ерзовка РЦ);"ООО ""ВоронежАгро-М""";Волгоград;2025-12
Мас.Тандер.72,5%.180г.фол.12шт;2025-12-10 15:03:57;29172.0;677.78;3558984.0;323544.0;Тандер ЗАО (Ярославль РЦ);"ООО ""ВоронежАгро-М""";Ярославль;2025-12
Мас.Тандер.72,5%.180г.фол.12шт;2025-12-10 10:33:57;11832.0;677.78;1443504.0;131227.64;Тандер ЗАО (Орел РЦ);"ООО ""ВоронежАгро-М""";Орел;2025-12
Мас.Тандер.72,5%.180г.фол.12шт;2025-12-10 10:15:50;9384.0;677.78;1144848.0;104077.09;Тандер ЗАО (Тула РЦ) ;"ООО ""ВоронежАгро-М""";Тула;2025-12
Мас.Тандер.72,5%.180г.фол.12шт;2025-12-10 08:41:09;2508.0;677.78;305976.0;27816.0;Тандер ЗАО (Смоленск РЦ) ;"ООО ""ВоронежАгро-М""";Смоленск;2025-12
Мас.Тандер.72,5%.180г.фол.12шт;2025-12-10 01:15:57;5712.0;677.78;696864.0;63351.27;Тандер ЗАО (Дзержинск РЦ);"ООО ""ВоронежАгро-М""";Дзержинск;2025-12
Мас.Тандер.72,5%.180г.фол.12шт;2025-12-09 07:12:19;4896.0;677.78;597312.0;54301.09;Тандер ЗАО (Воронеж РЦ);"ООО ""ВоронежАгро-М""";Воронеж;2025-12
Мас.Тандер.72,5%.180г.фол.12шт;2025-12-09 07:12:16;2244.0;677.78;273768.0;24888.0;Тандер ЗАО (Воронеж РЦ);"ООО ""ВоронежАгро-М""";Воронеж;2025-12
Мас.Тандер.72,5%.180г.фол.12шт;2025-12-09 01:31:36;4080.0;677.78;497760.0;45250.91;Тандер ЗАО (Тамбов РЦ);"ООО ""ВоронежАгро-М""";Тамбов;2025-12
Мас.Тандер.72,5%.180г.фол.12шт;2025-12-07 09:26:40;9792.0;677.78;1194624.0;108602.18;Тандер ЗАО (Ярославль РЦ);"ООО ""ВоронежАгро-М""";Ярославль;2025-12
Мас.Тандер.72,5%.180г.фол.12шт;2025-12-06 16:35:22;5100.0;677.78;622200.0;56563.64;Тандер ЗАО (Тула РЦ) ;"ООО ""ВоронежАгро-М""";Тула;2025-12
Мас.Тандер.72,5%.180г.фол.12шт;2025-12-06 15:37:55;8976.0;677.78;1095072.0;99552.0;Тандер ЗАО (Ерзовка РЦ);"ООО ""ВоронежАгро-М""";Волгоград;2025-12
Мас.Тандер.72,5%.180г.фол.12шт;2025-12-06 15:37:51;5916.0;677.78;721752.0;65613.82;Тандер ЗАО (Ерзовка РЦ);"ООО ""ВоронежАгро-М""";Волгоград;2025-12
Мас.Тандер.72,5%.180г.фол.12шт;2025-12-06 14:08:27;10524.0;677.78;1283928.0;116720.73;Тандер ЗАО (Смоленск РЦ) ;"ООО ""ВоронежАгро-М""";Смоленск;2025-12
Мас.Тандер.72,5%.180г.фол.12шт;2025-12-06 08:23:55;3468.0;677.78;423096.0;38463.27;Тандер ЗАО (Воронеж РЦ);"ООО ""ВоронежАгро-М""";Воронеж;2025-12
Мас.Тандер.72,5%.180г.фол.12шт;2025-12-06 08:23:52;8160.0;677.78;995520.0;90501.82;Тандер ЗАО (Воронеж РЦ);"ООО ""ВоронежАгро-М""";Воронеж;2025-12
Мас.Тандер.72,5%.180г.фол.12шт;2025-12-06 01:25:24;7140.0;677.78;871080.0;79189.09;Тандер ЗАО (Тамбов РЦ);"ООО ""ВоронежАгро-М""";Тамбов;2025-12
Мас.Тандер.72,5%.180г.фол.12шт;2025-12-05 22:49:17;9588.0;677.78;1169736.0;106339.64;Тандер ЗАО (Орел РЦ);"ООО ""ВоронежАгро-М""";Орел;2025-12
Мас.Тандер.72,5%.180г.фол.12шт;2025-12-04 11:20:30;11832.0;677.78;1443504.0;131227.64;Тандер ЗАО (Дзержинск РЦ);"ООО ""ВоронежАгро-М""";Дзержинск;2025-12
Мас.Тандер.72,5%.180г.фол.12шт;2025-12-04 08:33:54;7344.0;677.78;895968.0;81451.64;Тандер ЗАО (Воронеж РЦ);"ООО ""ВоронежАгро-М""";Воронеж;2025-12
Мас.Тандер.72,5%.180г.фол.12шт;2025-12-04 03:43:23;1428.0;677.78;174216.0;15837.82;Тандер ЗАО (Тамбов РЦ);"ООО ""ВоронежАгро-М""";Тамбов;2025-12
Мас.Тандер.72,5%.180г.фол.12шт;2025-12-03 15:12:33;10812.0;677.78;1319064.0;119914.91;Тандер ЗАО (Ерзовка РЦ);"ООО ""ВоронежАгро-М""";Волгоград;2025-12
Мас.Тандер.72,5%.180г.фол.12шт;2025-12-03 09:22:25;10200.0;677.78;1244400.0;113127.27;Тандер ЗАО (Ярославль РЦ);"ООО ""ВоронежАгро-М""";Ярославль;2025-12
Мас.Тандер.72,5%.180г.фол.12шт;2025-12-03 09:22:01;816.0;677.78;99552.0;9050.18;Тандер ЗАО (Ярославль РЦ);"ООО ""ВоронежАгро-М""";Ярославль;2025-12
Мас.Тандер.72,5%.180г.фол.12шт;2025-12-03 05:21:39;6780.0;677.78;827160.0;75196.36;Тандер ЗАО (Орел РЦ);"ООО ""ВоронежАгро-М""";Орел;2025-12
Мас.Тандер.72,5%.180г.фол.12шт;2025-12-03 04:15:38;4488.0;677.78;547536.0;49776.0;Тандер ЗАО (Тула РЦ) ;"ООО ""ВоронежАгро-М""";Тула;2025-12
Мас.Тандер.72,5%.180г.фол.12шт;2025-12-03 02:23:34;696.0;677.78;84912.0;7719.27;Тандер ЗАО (Смоленск РЦ) ;"ООО ""ВоронежАгро-М""";Смоленск;2025-12
Мас.Тандер.72,5%.180г.фол.12шт;2025-12-01 23:08:23;2856.0;677.78;348432.0;31675.64;Тандер ЗАО (Тамбов РЦ);"ООО ""ВоронежАгро-М""";Тамбов;2025-12
Мас.Тандер.72,5%.180г.фол.12шт;2025-12-01 21:39:49;612.0;677.78;74664.0;6787.64;Тандер ЗАО (Дзержинск РЦ);"ООО ""ВоронежАгро-М""";Дзержинск;2025-12
Мас.Тандер.72,5%.180г.фол.12шт;2025-11-30 00:11:42;8160.0;677.78;995520.0;90501.82;Тандер ЗАО (Ярославль РЦ);"ООО ""ВоронежАгро-М""";Ярославль;2025-11
Мас.Тандер.72,5%.180г.фол.12шт;2025-11-29 19:05:24;6324.0;677.78;771528.0;70138.91;Тандер ЗАО (Ерзовка РЦ);"ООО ""ВоронежАгро-М""";Волгоград;2025-11
Мас.Тандер.72,5%.180г.фол.12шт;2025-11-29 13:42:52;6780.0;677.78;827160.0;75196.36;Тандер ЗАО (Смоленск РЦ) ;"ООО ""ВоронежАгро-М""";Смоленск;2025-11
Мас.Тандер.72,5%.180г.фол.12шт;2025-11-29 02:32:37;7344.0;677.78;895968.0;81451.64;Тандер ЗАО (Тамбов РЦ);"ООО ""ВоронежАгро-М""";Тамбов;2025-11
Мас.Тандер.72,5%.180г.фол.12шт;2025-11-28 20:46:30;5616.0;677.78;685152.0;62286.55;Тандер ЗАО (Орел РЦ);"ООО ""ВоронежАгро-М""";Орел;2025-11
Мас.Тандер.72,5%.180г.фол.12шт;2025-11-28 03:16:29;2040.0;677.78;248880.0;22625.45;Тандер ЗАО (Тамбов РЦ);"ООО ""ВоронежАгро-М""";Тамбов;2025-11
Мас.Тандер.72,5%.180г.фол.12шт;2025-11-27 21:45:49;9996.0;677.78;1219512.0;110864.73;Тандер ЗАО (Дзержинск РЦ);"ООО ""ВоронежАгро-М""";Дзержинск;2025-11
Мас.Тандер.72,5%.180г.фол.12шт;2025-11-27 13:48:27;22236.0;677.78;2712792.0;246617.45;Тандер ЗАО (Воронеж РЦ);"ООО ""ВоронежАгро-М""";Воронеж;2025-11
Мас.Тандер.72,5%.180г.фол.12шт;2025-11-26 16:12:45;18768.0;677.78;2289696.0;208154.18;Тандер ЗАО (Ерзовка РЦ);"ООО ""ВоронежАгро-М""";Волгоград;2025-11
Мас.Тандер.72,5%.180г.фол.12шт;2025-11-26 09:03:17;3504.0;677.78;427488.0;38862.55;Тандер ЗАО (Орел РЦ);"ООО ""ВоронежАгро-М""";Орел;2025-11
Мас.Тандер.72,5%.180г.фол.12шт;2025-11-26 05:45:16;12036.0;677.78;1468392.0;133490.18;Тандер ЗАО (Тула РЦ) ;"ООО ""ВоронежАгро-М""";Тула;2025-11
Мас.Тандер.72,5%.180г.фол.12шт;2025-11-26 04:03:04;2100.0;677.78;256200.0;23290.91;Тандер ЗАО (Смоленск РЦ) ;"ООО ""ВоронежАгро-М""";Смоленск;2025-11
Мас.Тандер.72,5%.180г.фол.12шт;2025-11-25 17:31:30;7248.0;677.78;884256.0;80386.91;Тандер ЗАО (Смоленск РЦ) ;"ООО ""ВоронежАгро-М""";Смоленск;2025-11
Мас.Тандер.72,5%.180г.фол.12шт;2025-11-25 08:54:42;12444.0;677.78;1518168.0;138015.27;Тандер ЗАО (Воронеж РЦ);"ООО ""ВоронежАгро-М""";Воронеж;2025-11
Мас.Тандер.72,5%.180г.фол.12шт;2025-11-25 08:46:46;31824.0;677.78;3882528.0;352957.09;Тандер ЗАО (Воронеж РЦ);"ООО ""ВоронежАгро-М""";Воронеж;2025-11
Мас.Тандер.72,5%.180г.фол.12шт;2025-11-25 05:05:11;5916.0;677.78;721752.0;65613.82;Тандер ЗАО (Дзержинск РЦ);"ООО ""ВоронежАгро-М""";Дзержинск;2025-11
Мас.Тандер.72,5%.180г.фол.12шт;2025-11-25 03:00:31;2856.0;677.78;348432.0;31675.64;Тандер ЗАО (Тамбов РЦ);"ООО ""ВоронежАгро-М""";Тамбов;2025-11
Мас.Тандер.72,5%.180г.фол.12шт;2025-11-22 22:43:02;18360.0;677.78;2239920.0;203629.09;Тандер ЗАО (Тула РЦ) ;"ООО ""ВоронежАгро-М""";Тула;2025-11
Мас.Тандер.72,5%.180г.фол.12шт;2025-11-22 22:42:59;12852.0;677.78;1567944.0;142540.36;Тандер ЗАО (Тула РЦ) ;"ООО ""ВоронежАгро-М""";Тула;2025-11
Мас.Тандер.72,5%.180г.фол.12шт;2025-11-22 22:01:07;15300.0;677.78;1866600.0;169690.91;Тандер ЗАО (Ярославль РЦ);"ООО ""ВоронежАгро-М""";Ярославль;2025-11
Мас.Тандер.72,5%.180г.фол.12шт;2025-11-22 22:01:04;15096.0;677.78;1841712.0;167428.36;Тандер ЗАО (Ярославль РЦ);"ООО ""ВоронежАгро-М""";Ярославль;2025-11
Мас.Тандер.72,5%.180г.фол.12шт;2025-11-22 12:56:23;7248.0;677.78;884256.0;80386.91;Тандер ЗАО (Смоленск РЦ) ;"ООО ""ВоронежАгро-М""";Смоленск;2025-11
Мас.Тандер.72,5%.180г.фол.12шт;2025-11-22 09:26:30;25908.0;677.78;3160776.0;287343.27;Тандер ЗАО (Ерзовка РЦ);"ООО ""ВоронежАгро-М""";Волгоград;2025-11
Мас.Тандер.72,5%.180г.фол.12шт;2025-11-22 09:26:27;24072.0;677.78;2936784.0;266980.36;Тандер ЗАО (Ерзовка РЦ);"ООО ""ВоронежАгро-М""";Волгоград;2025-11
Мас.Тандер.72,5%.180г.фол.12шт;2025-11-22 07:15:50;11628.0;677.78;1418616.0;128965.09;Тандер ЗАО (Воронеж РЦ);"ООО ""ВоронежАгро-М""";Воронеж;2025-11
Мас.Тандер.72,5%.180г.фол.12шт;2025-11-22 02:28:15;4896.0;677.78;597312.0;54301.09;Тандер ЗАО (Тамбов РЦ);"ООО ""ВоронежАгро-М""";Тамбов;2025-11
Мас.Тандер.72,5%.180г.фол.12шт;2025-11-21 21:47:34;7956.0;677.78;970632.0;88239.27;Тандер ЗАО (Орел РЦ);"ООО ""ВоронежАгро-М""";Орел;2025-11
Мас.Тандер.72,5%.180г.фол.12шт;2025-11-20 08:21:10;6936.0;677.78;846192.0;76926.55;Тандер ЗАО (Дзержинск РЦ);"ООО ""ВоронежАгро-М""";Дзержинск;2025-11
Мас.Тандер.72,5%.180г.фол.12шт;2025-11-20 03:57:06;8364.0;677.78;1020408.0;92764.36;Тандер ЗАО (Воронеж РЦ);"ООО ""ВоронежАгро-М""";Воронеж;2025-11
Мас.Тандер.72,5%.180г.фол.12шт;2025-11-20 03:08:29;3060.0;677.78;373320.0;33938.18;Тандер ЗАО (Тамбов РЦ);"ООО ""ВоронежАгро-М""";Тамбов;2025-11
Мас.Тандер.72,5%.180г.фол.12шт;2025-11-19 16:59:00;17952.0;677.78;2190144.0;199104.0;Тандер ЗАО (Ерзовка РЦ);"ООО ""ВоронежАгро-М""";Волгоград;2025-11
Мас.Тандер.72,5%.180г.фол.12шт;2025-11-19 13:16:25;11220.0;677.78;1368840.0;124440.0;Тандер ЗАО (Ярославль РЦ);"ООО ""ВоронежАгро-М""";Ярославль;2025-11
Мас.Тандер.72,5%.180г.фол.12шт;2025-11-19 03:11:25;6312.0;677.78;770064.0;70005.82;Тандер ЗАО (Орел РЦ);"ООО ""ВоронежАгро-М""";Орел;2025-11
Мас.Тандер.72,5%.180г.фол.12шт;2025-11-19 03:04:51;7140.0;677.78;871080.0;79189.09;Тандер ЗАО (Тула РЦ) ;"ООО ""ВоронежАгро-М""";Тула;2025-11
Мас.Тандер.72,5%.180г.фол.12шт;2025-11-18 19:16:09;6084.0;677.78;742248.0;67477.09;Тандер ЗАО (Смоленск РЦ) ;"ООО ""ВоронежАгро-М""";Смоленск;2025-11
Мас.Тандер.72,5%.180г.фол.12шт;2025-11-18 02:48:03;5100.0;677.78;622200.0;56563.64;Тандер ЗАО (Тамбов РЦ);"ООО ""ВоронежАгро-М""";Тамбов;2025-11
Мас.Тандер.72,5%.180г.фол.12шт;2025-11-18 02:47:59;7344.0;677.78;895968.0;81451.64;Тандер ЗАО (Дзержинск РЦ);"ООО ""ВоронежАгро-М""";Дзержинск;2025-11
Мас.Тандер.72,5%.180г.фол.12шт;2025-11-16 08:38:56;13056.0;677.78;1592832.0;144802.91;Тандер ЗАО (Ярославль РЦ);"ООО ""ВоронежАгро-М""";Ярославль;2025-11
Мас.Тандер.72,5%.180г.фол.12шт;2025-11-16 05:45:29;6120.0;677.78;746640.0;67876.36;Тандер ЗАО (Тула РЦ) ;"ООО ""ВоронежАгро-М""";Тула;2025-11
Мас.Тандер.72,5%.180г.фол.12шт;2025-11-15 14:18:06;5148.0;677.78;628056.0;57096.0;Тандер ЗАО (Смоленск РЦ) ;"ООО ""ВоронежАгро-М""";Смоленск;2025-11
Мас.Тандер.72,5%.180г.фол.12шт;2025-11-15 14:14:19;5304.0;677.78;647088.0;58826.18;Тандер ЗАО (Ерзовка РЦ);"ООО ""ВоронежАгро-М""";Волгоград;2025-11
Мас.Тандер.72,5%.180г.фол.12шт;2025-11-15 10:51:37;17748.0;677.78;2165256.0;196841.45;Тандер ЗАО (Воронеж РЦ);"ООО ""ВоронежАгро-М""";Воронеж;2025-11
Мас.Тандер.72,5%.180г.фол.12шт;2025-11-15 01:54:31;3672.0;677.78;447984.0;40725.82;Тандер ЗАО (Тамбов РЦ);"ООО ""ВоронежАгро-М""";Тамбов;2025-11
Мас.Тандер.72,5%.180г.фол.12шт;2025-11-12 21:23:23;8160.0;677.78;995520.0;90501.82;Тандер ЗАО (Дзержинск РЦ);"ООО ""ВоронежАгро-М""";Дзержинск;2025-11
Мас.Тандер.72,5%.180г.фол.12шт;2025-11-12 01:50:18;2244.0;677.78;273768.0;24888.0;Тандер ЗАО (Тула РЦ) ;"ООО ""ВоронежАгро-М""";Тула;2025-11
Мас.Тандер.72,5%.180г.фол.12шт;2025-11-11 14:24:07;1632.0;677.78;199104.0;18100.36;Тандер ЗАО (Ярославль РЦ);"ООО ""ВоронежАгро-М""";Ярославль;2025-11
Мас.Тандер.72,5%.180г.фол.12шт;2025-11-08 21:04:29;10812.0;677.78;1319064.0;119914.91;Тандер ЗАО (Ярославль РЦ);"ООО ""ВоронежАгро-М""";Ярославль;2025-11
Мас.Тандер.72,5%.180г.фол.12шт;2025-11-08 20:12:27;8568.0;677.78;1045296.0;95026.91;Тандер ЗАО (Тула РЦ) ;"ООО ""ВоронежАгро-М""";Тула;2025-11
Мас.Тандер.72,5%.180г.фол.12шт;2025-11-08 14:54:22;12036.0;677.78;1468392.0;133490.18;Тандер ЗАО (Воронеж РЦ);"ООО ""ВоронежАгро-М""";Воронеж;2025-11
Мас.Тандер.72,5%.180г.фол.12шт;2025-11-08 11:21:46;16728.0;677.78;2040816.0;185528.73;Тандер ЗАО (Ерзовка РЦ);"ООО ""ВоронежАгро-М""";Волгоград;2025-11
Мас.Тандер.72,5%.180г.фол.12шт;2025-11-08 09:48:07;3744.0;677.78;456768.0;41524.36;Тандер ЗАО (Смоленск РЦ) ;"ООО ""ВоронежАгро-М""";Смоленск;2025-11
Мас.Тандер.72,5%.180г.фол.12шт;2025-11-08 01:04:53;4080.0;677.78;497760.0;45250.91;Тандер ЗАО (Тамбов РЦ);"ООО ""ВоронежАгро-М""";Тамбов;2025-11
Мас.Тандер.72,5%.180г.фол.12шт;2025-11-07 17:21:24;6084.0;677.78;742248.0;67477.09;Тандер ЗАО (Орел РЦ);"ООО ""ВоронежАгро-М""";Орел;2025-11
Мас.Тандер.72,5%.180г.фол.12шт;2025-11-06 06:19:30;7752.0;677.78;945744.0;85976.73;Тандер ЗАО (Воронеж РЦ);"ООО ""ВоронежАгро-М""";Воронеж;2025-11
Мас.Тандер.72,5%.180г.фол.12шт;2025-11-06 05:00:54;2856.0;677.78;348432.0;31675.64;Тандер ЗАО (Тамбов РЦ);"ООО ""ВоронежАгро-М""";Тамбов;2025-11
Мас.Тандер.72,5%.180г.фол.12шт;2025-11-05 20:44:52;8364.0;677.78;1020408.0;92764.36;Тандер ЗАО (Дзержинск РЦ);"ООО ""ВоронежАгро-М""";Дзержинск;2025-11
Мас.Тандер.72,5%.180г.фол.12шт;2025-11-05 16:38:15;14076.0;677.78;1717272.0;156115.64;Тандер ЗАО (Ярославль РЦ);"ООО ""ВоронежАгро-М""";Ярославль;2025-11
Мас.Тандер.72,5%.180г.фол.12шт;2025-11-05 14:31:10;13872.0;677.78;1692384.0;153853.09;Тандер ЗАО (Ерзовка РЦ);"ООО ""ВоронежАгро-М""";Волгоград;2025-11
Мас.Тандер.72,5%.180г.фол.12шт;2025-11-05 00:06:57;4440.0;677.78;541680.0;49243.64;Тандер ЗАО (Орел РЦ);"ООО ""ВоронежАгро-М""";Орел;2025-11
Мас.Тандер.72,5%.180г.фол.12шт;2025-11-05 00:02:04;9180.0;677.78;1119960.0;101814.55;Тандер ЗАО (Тула РЦ) ;"ООО ""ВоронежАгро-М""";Тула;2025-11
Мас.Тандер.72,5%.180г.фол.12шт;2025-11-04 19:02:38;5148.0;677.78;628056.0;57096.0;Тандер ЗАО (Смоленск РЦ) ;"ООО ""ВоронежАгро-М""";Смоленск;2025-11
Мас.Тандер.72,5%.180г.фол.12шт;2025-11-04 09:08:32;13260.0;677.78;1617720.0;147065.45;Тандер ЗАО (Воронеж РЦ);"ООО ""ВоронежАгро-М""";Воронеж;2025-11
Мас.Тандер.72,5%.180г.фол.12шт;2025-11-04 04:07:55;7344.0;677.78;895968.0;81451.64;Тандер ЗАО (Дзержинск РЦ);"ООО ""ВоронежАгро-М""";Дзержинск;2025-11
Мас.Тандер.72,5%.180г.фол.12шт;2025-11-04 04:07:53;2856.0;677.78;348432.0;31675.64;Тандер ЗАО (Тамбов РЦ);"ООО ""ВоронежАгро-М""";Тамбов;2025-11
Мас.Тандер.72,5%.180г.фол.12шт;2025-11-02 07:16:53;19584.0;677.78;2389248.0;217204.36;Тандер ЗАО (Ярославль РЦ);"ООО ""ВоронежАгро-М""";Ярославль;2025-11
Мас.Тандер.72,5%.180г.фол.12шт;2025-11-02 05:05:40;9180.0;677.78;1119960.0;101814.55;Тандер ЗАО (Тула РЦ) ;"ООО ""ВоронежАгро-М""";Тула;2025-11
Мас.Тандер.72,5%.180г.фол.12шт;2025-11-01 13:44:05;19176.0;677.78;2339472.0;212679.27;Тандер ЗАО (Ерзовка РЦ);"ООО ""ВоронежАгро-М""";Волгоград;2025-11
Мас.Тандер.72,5%.180г.фол.12шт;2025-11-01 13:32:22;6084.0;677.78;742248.0;67477.09;Тандер ЗАО (Смоленск РЦ) ;"ООО ""ВоронежАгро-М""";Смоленск;2025-11
Мас.Тандер.72,5%.180г.фол.12шт;2025-11-01 13:32:02;468.0;677.78;57096.0;5190.55;Тандер ЗАО (Смоленск РЦ) ;"ООО ""ВоронежАгро-М""";Смоленск;2025-11
Мас.Тандер.72,5%.180г.фол.12шт;2025-11-01 00:13:06;11016.0;677.78;1343952.0;122177.45;Тандер ЗАО (Воронеж РЦ);"ООО ""ВоронежАгро-М""";Воронеж;2025-11
Мас.Тандер.72,5%.180г.фол.12шт;2025-11-01 00:07:03;5916.0;677.78;721752.0;65613.82;Тандер ЗАО (Тамбов РЦ);"ООО ""ВоронежАгро-М""";Тамбов;2025-11
Мас.Тандер.72,5%.180г.фол.12шт;2025-10-31 15:24:08;7488.0;677.78;913536.0;83048.73;Тандер ЗАО (Орел РЦ);"ООО ""ВоронежАгро-М""";Орел;2025-10
Мас.Тандер.72,5%.180г.фол.12шт;2025-10-30 09:47:41;7752.0;677.78;945744.0;85976.73;Тандер ЗАО (Дзержинск РЦ);"ООО ""ВоронежАгро-М""";Дзержинск;2025-10
Мас.Тандер.72,5%.180г.фол.12шт;2025-10-30 07:10:23;10200.0;677.78;1244400.0;113127.27;Тандер ЗАО (Воронеж РЦ);"ООО ""ВоронежАгро-М""";Воронеж;2025-10
Мас.Тандер.72,5%.180г.фол.12шт;2025-10-30 01:29:32;1836.0;677.78;223992.0;20362.91;Тандер ЗАО (Тамбов РЦ);"ООО ""ВоронежАгро-М""";Тамбов;2025-10
Мас.Тандер.72,5%.180г.фол.12шт;2025-10-30 01:29:06;408.0;677.78;49776.0;4525.09;Тандер ЗАО (Тамбов РЦ);"ООО ""ВоронежАгро-М""";Тамбов;2025-10
Мас.Тандер.72,5%.180г.фол.12шт;2025-10-29 13:58:38;14484.0;677.78;1767048.0;160640.73;Тандер ЗАО (Ярославль РЦ);"ООО ""ВоронежАгро-М""";Ярославль;2025-10
Мас.Тандер.72,5%.180г.фол.12шт;2025-10-29 10:44:25;11220.0;677.78;1368840.0;124440.0;Тандер ЗАО (Ерзовка РЦ);"ООО ""ВоронежАгро-М""";Волгоград;2025-10
Мас.Тандер.72,5%.180г.фол.12шт;2025-10-29 01:44:32;5148.0;677.78;628056.0;57096.0;Тандер ЗАО (Орел РЦ);"ООО ""ВоронежАгро-М""";Орел;2025-10
Мас.Тандер.72,5%.180г.фол.12шт;2025-10-29 01:23:32;8160.0;677.78;995520.0;90501.82;Тандер ЗАО (Тула РЦ) ;"ООО ""ВоронежАгро-М""";Тула;2025-10
Мас.Тандер.72,5%.180г.фол.12шт;2025-10-29 01:23:10;1020.0;677.78;124440.0;11312.73;Тандер ЗАО (Тула РЦ) ;"ООО ""ВоронежАгро-М""";Тула;2025-10
Мас.Тандер.72,5%.180г.фол.12шт;2025-10-28 22:38:46;7020.0;677.78;856440.0;77858.18;Тандер ЗАО (Смоленск РЦ) ;"ООО ""ВоронежАгро-М""";Смоленск;2025-10
Мас.Тандер.72,5%.180г.фол.12шт;2025-10-28 22:38:36;1164.0;677.78;142008.0;12909.82;Тандер ЗАО (Смоленск РЦ) ;"ООО ""ВоронежАгро-М""";Смоленск;2025-10
Мас.Тандер.72,5%.180г.фол.12шт;2025-10-28 16:53:26;12852.0;677.78;1567944.0;142540.36;Тандер ЗАО (Мурманск РЦ);"ООО ""ВоронежАгро-М""";Мурманск;2025-10
Мас.Тандер.72,5%.180г.фол.12шт;2025-10-28 16:52:43;1836.0;677.78;223992.0;20362.91;Тандер ЗАО (Мурманск РЦ);"ООО ""ВоронежАгро-М""";Мурманск;2025-10
Мас.Тандер.72,5%.180г.фол.12шт;2025-10-28 05:09:52;1224.0;677.78;149328.0;13575.27;Тандер ЗАО (Воронеж РЦ);"ООО ""ВоронежАгро-М""";Воронеж;2025-10
Мас.Тандер.72,5%.180г.фол.12шт;2025-10-28 05:09:49;18360.0;677.78;2239920.0;203629.09;Тандер ЗАО (Воронеж РЦ);"ООО ""ВоронежАгро-М""";Воронеж;2025-10
Мас.Тандер.72,5%.180г.фол.12шт;2025-10-27 21:09:56;6732.0;677.78;821304.0;74664.0;Тандер ЗАО (Дзержинск РЦ);"ООО ""ВоронежАгро-М""";Дзержинск;2025-10
Мас.Тандер.72,5%.180г.фол.12шт;2025-10-27 21:09:53;2652.0;677.78;323544.0;29413.09;Тандер ЗАО (Тамбов РЦ);"ООО ""ВоронежАгро-М""";Тамбов;2025-10
Мас.Тандер.72,5%.180г.фол.12шт;2025-10-25 22:10:01;14076.0;677.78;1717272.0;156115.64;Тандер ЗАО (Ярославль РЦ);"ООО ""ВоронежАгро-М""";Ярославль;2025-10
Мас.Тандер.72,5%.180г.фол.12шт;2025-10-25 18:16:55;6324.0;677.78;771528.0;70138.91;Тандер ЗАО (Тула РЦ) ;"ООО ""ВоронежАгро-М""";Тула;2025-10
Мас.Тандер.72,5%.180г.фол.12шт;2025-10-25 12:48:30;1020.0;677.78;124440.0;11312.73;Тандер ЗАО (Ерзовка РЦ);"ООО ""ВоронежАгро-М""";Волгоград;2025-10
Мас.Тандер.72,5%.180г.фол.12шт;2025-10-25 12:48:25;11220.0;677.78;1368840.0;124440.0;Тандер ЗАО (Ерзовка РЦ);"ООО ""ВоронежАгро-М""";Волгоград;2025-10
Мас.Тандер.72,5%.180г.фол.12шт;2025-10-25 00:19:59;3876.0;677.78;472872.0;42988.36;Тандер ЗАО (Тамбов РЦ);"ООО ""ВоронежАгро-М""";Тамбов;2025-10
Мас.Тандер.72,5%.180г.фол.12шт;2025-10-25 00:19:50;204.0;677.78;24888.0;2262.55;Тандер ЗАО (Тамбов РЦ);"ООО ""ВоронежАгро-М""";Тамбов;2025-10
Мас.Тандер.72,5%.180г.фол.12шт;2025-10-24 16:29:46;6552.0;677.78;799344.0;72667.64;Тандер ЗАО (Орел РЦ);"ООО ""ВоронежАгро-М""";Орел;2025-10
Мас.Тандер.72,5%.180г.фол.12шт;2025-10-23 13:37:37;7956.0;677.78;970632.0;88239.27;Тандер ЗАО (Воронеж РЦ);"ООО ""ВоронежАгро-М""";Воронеж;2025-10
Мас.Тандер.72,5%.180г.фол.12шт;2025-10-23 09:13:14;6120.0;677.78;746640.0;67876.36;Тандер ЗАО (Дзержинск РЦ);"ООО ""ВоронежАгро-М""";Дзержинск;2025-10
Мас.Тандер.72,5%.180г.фол.12шт;2025-10-23 02:48:30;2040.0;677.78;248880.0;22625.45;Тандер ЗАО (Тамбов РЦ);"ООО ""ВоронежАгро-М""";Тамбов;2025-10
Мас.Тандер.72,5%.180г.фол.12шт;2025-10-23 02:48:05;612.0;677.78;74664.0;6787.64;Тандер ЗАО (Тамбов РЦ);"ООО ""ВоронежАгро-М""";Тамбов;2025-10
Мас.Тандер.72,5%.180г.фол.12шт;2025-10-22 15:26:26;13872.0;677.78;1692384.0;153853.09;Тандер ЗАО (Ерзовка РЦ);"ООО ""ВоронежАгро-М""";Волгоград;2025-10
Мас.Тандер.72,5%.180г.фол.12шт;2025-10-22 13:12:06;18156.0;677.78;2215032.0;201366.55;Тандер ЗАО (Ярославль РЦ);"ООО ""ВоронежАгро-М""";Ярославль;2025-10
Мас.Тандер.72,5%.180г.фол.12шт;2025-10-22 04:48:32;5616.0;677.78;685152.0;62286.55;Тандер ЗАО (Орел РЦ);"ООО ""ВоронежАгро-М""";Орел;2025-10
Мас.Тандер.72,5%.180г.фол.12шт;2025-10-22 02:12:08;8568.0;677.78;1045296.0;95026.91;Тандер ЗАО (Тула РЦ) ;"ООО ""ВоронежАгро-М""";Тула;2025-10
Мас.Тандер.72,5%.180г.фол.12шт;2025-10-22 02:11:47;1632.0;677.78;199104.0;18100.36;Тандер ЗАО (Тула РЦ) ;"ООО ""ВоронежАгро-М""";Тула;2025-10
Мас.Тандер.72,5%.180г.фол.12шт;2025-10-21 22:42:24;1404.0;677.78;171288.0;15571.64;Тандер ЗАО (Смоленск РЦ) ;"ООО ""ВоронежАгро-М""";Смоленск;2025-10
Мас.Тандер.72,5%.180г.фол.12шт;2025-10-21 14:40:52;8364.0;677.78;1020408.0;92764.36;Тандер ЗАО (Мурманск РЦ);"ООО ""ВоронежАгро-М""";Мурманск;2025-10
Мас.Тандер.72,5%.180г.фол.12шт;2025-10-21 08:19:14;4488.0;677.78;547536.0;49776.0;Тандер ЗАО (Воронеж РЦ);"ООО ""ВоронежАгро-М""";Воронеж;2025-10
Мас.Тандер.72,5%.180г.фол.12шт;2025-10-20 17:07:28;5508.0;677.78;671976.0;61088.73;Тандер ЗАО (Дзержинск РЦ);"ООО ""ВоронежАгро-М""";Дзержинск;2025-10
Мас.Тандер.72,5%.180г.фол.12шт;2025-10-20 17:07:24;2040.0;677.78;248880.0;22625.45;Тандер ЗАО (Тамбов РЦ);"ООО ""ВоронежАгро-М""";Тамбов;2025-10
Мас.Тандер.72,5%.180г.фол.12шт;2025-10-19 06:22:05;11220.0;677.78;1368840.0;124440.0;Тандер ЗАО (Ярославль РЦ);"ООО ""ВоронежАгро-М""";Ярославль;2025-10
Мас.Тандер.72,5%.180г.фол.12шт;2025-10-19 02:35:34;5712.0;677.78;696864.0;63351.27;Тандер ЗАО (Тула РЦ) ;"ООО ""ВоронежАгро-М""";Тула;2025-10
Мас.Тандер.72,5%.180г.фол.12шт;2025-10-18 13:33:52;5616.0;677.78;685152.0;62286.55;Тандер ЗАО (Смоленск РЦ) ;"ООО ""ВоронежАгро-М""";Смоленск;2025-10
Мас.Тандер.72,5%.180г.фол.12шт;2025-10-18 11:23:30;13668.0;677.78;1667496.0;151590.55;Тандер ЗАО (Ерзовка РЦ);"ООО ""ВоронежАгро-М""";Волгоград;2025-10
Мас.Тандер.72,5%.180г.фол.12шт;2025-10-18 11:06:54;8364.0;677.78;1020408.0;92764.36;Тандер ЗАО (Воронеж РЦ);"ООО ""ВоронежАгро-М""";Воронеж;2025-10
Мас.Тандер.72,5%.180г.фол.12шт;2025-10-18 00:16:31;816.0;677.78;99552.0;9050.18;Тандер ЗАО (Тамбов РЦ);"ООО ""ВоронежАгро-М""";Тамбов;2025-10
Мас.Тандер.72,5%.180г.фол.12шт;2025-10-17 15:49:07;3744.0;677.78;456768.0;41524.36;Тандер ЗАО (Орел РЦ);"ООО ""ВоронежАгро-М""";Орел;2025-10
Мас.Тандер.72,5%.180г.фол.12шт;2025-10-16 10:28:11;9792.0;677.78;1194624.0;108602.18;Тандер ЗАО (Дзержинск РЦ);"ООО ""ВоронежАгро-М""";Дзержинск;2025-10
Мас.Тандер.72,5%.180г.фол.12шт;2025-10-16 01:07:06;11424.0;677.78;1393728.0;126702.55;Тандер ЗАО (Воронеж РЦ);"ООО ""ВоронежАгро-М""";Воронеж;2025-10
Мас.Тандер.72,5%.180г.фол.12шт;2025-10-16 00:20:23;4488.0;677.78;547536.0;49776.0;Тандер ЗАО (Тамбов РЦ);"ООО ""ВоронежАгро-М""";Тамбов;2025-10
Мас.Тандер.72,5%.180г.фол.12шт;2025-10-15 14:54:55;13800.0;677.78;1683600.0;153054.55;Тандер ЗАО (Смоленск РЦ) ;"ООО ""ВоронежАгро-М""";Смоленск;2025-10
Мас.Тандер.72,5%.180г.фол.12шт;2025-10-15 14:52:51;1872.0;677.78;228384.0;20762.18;Тандер ЗАО (Смоленск РЦ) ;"ООО ""ВоронежАгро-М""";Смоленск;2025-10
Мас.Тандер.72,5%.180г.фол.12шт;2025-10-15 11:14:02;23052.0;677.78;2812344.0;255667.64;Тандер ЗАО (Ерзовка РЦ);"ООО ""ВоронежАгро-М""";Волгоград;2025-10
Мас.Тандер.72,5%.180г.фол.12шт;2025-10-15 03:41:58;7020.0;677.78;856440.0;77858.18;Тандер ЗАО (Орел РЦ);"ООО ""ВоронежАгро-М""";Орел;2025-10
Мас.Тандер.72,5%.180г.фол.12шт;2025-10-14 21:29:01;20808.0;677.78;2538576.0;230779.64;Тандер ЗАО (Ярославль РЦ);"ООО ""ВоронежАгро-М""";Ярославль;2025-10
Мас.Тандер.72,5%.180г.фол.12шт;2025-10-14 21:28:03;14892.0;677.78;1816824.0;165165.82;Тандер ЗАО (Тула РЦ) ;"ООО ""ВоронежАгро-М""";Тула;2025-10
Мас.Тандер.72,5%.180г.фол.12шт;2025-10-14 09:15:24;28968.0;677.78;3534096.0;321281.45;Тандер ЗАО (Воронеж РЦ);"ООО ""ВоронежАгро-М""";Воронеж;2025-10
Мас.Тандер.72,5%.180г.фол.12шт;2025-10-14 03:51:09;4488.0;677.78;547536.0;49776.0;Тандер ЗАО (Тамбов РЦ);"ООО ""ВоронежАгро-М""";Тамбов;2025-10
Мас.Тандер.72,5%.180г.фол.12шт;2025-10-13 14:37:08;10812.0;677.78;1319064.0;119914.91;Тандер ЗАО (Дзержинск РЦ);"ООО ""ВоронежАгро-М""";Дзержинск;2025-10
Мас.Тандер.72,5%.180г.фол.12шт;2025-10-12 06:18:40;10404.0;677.78;1269288.0;115389.82;Тандер ЗАО (Ярославль РЦ);"ООО ""ВоронежАгро-М""";Ярославль;2025-10
Мас.Тандер.72,5%.180г.фол.12шт;2025-10-12 01:15:08;14688.0;677.78;1791936.0;162903.27;Тандер ЗАО (Тула РЦ) ;"ООО ""ВоронежАгро-М""";Тула;2025-10
Мас.Тандер.72,5%.180г.фол.12шт;2025-10-12 01:14:45;204.0;677.78;24888.0;2262.55;Тандер ЗАО (Тула РЦ) ;"ООО ""ВоронежАгро-М""";Тула;2025-10
Мас.Тандер.72,5%.180г.фол.12шт;2025-10-11 13:53:57;10200.0;677.78;1244400.0;113127.27;Тандер ЗАО (Воронеж РЦ);"ООО ""ВоронежАгро-М""";Воронеж;2025-10
Мас.Тандер.72,5%.180г.фол.12шт;2025-10-11 12:43:11;7548.0;677.78;920856.0;83714.18;Тандер ЗАО (Ерзовка РЦ);"ООО ""ВоронежАгро-М""";Волгоград;2025-10
Мас.Тандер.72,5%.180г.фол.12шт;2025-10-11 12:43:07;23052.0;677.78;2812344.0;255667.64;Тандер ЗАО (Ерзовка РЦ);"ООО ""ВоронежАгро-М""";Волгоград;2025-10
Мас.Тандер.72,5%.180г.фол.12шт;2025-10-11 00:53:11;7224.0;677.78;881328.0;80120.73;Тандер ЗАО (Орел РЦ);"ООО ""ВоронежАгро-М""";Орел;2025-10
Мас.Тандер.72,5%.180г.фол.12шт;2025-10-11 00:52:53;2808.0;677.78;342576.0;31143.27;Тандер ЗАО (Орел РЦ);"ООО ""ВоронежАгро-М""";Орел;2025-10
Мас.Тандер.72,5%.180г.фол.12шт;2025-10-10 23:29:11;8364.0;677.78;1020408.0;92764.36;Тандер ЗАО (Тамбов РЦ);"ООО ""ВоронежАгро-М""";Тамбов;2025-10
Мас.Тандер.72,5%.180г.фол.12шт;2025-10-09 06:05:16;13872.0;677.78;1692384.0;153853.09;Тандер ЗАО (Воронеж РЦ);"ООО ""ВоронежАгро-М""";Воронеж;2025-10
Мас.Тандер.72,5%.180г.фол.12шт;2025-10-09 02:47:41;3264.0;677.78;398208.0;36200.73;Тандер ЗАО (Тамбов РЦ);"ООО ""ВоронежАгро-М""";Тамбов;2025-10
Мас.Тандер.72,5%.180г.фол.12шт;2025-10-08 14:16:11;2652.0;677.78;323544.0;29413.09;Тандер ЗАО (Ерзовка РЦ);"ООО ""ВоронежАгро-М""";Волгоград;2025-10
Мас.Тандер.72,5%.180г.фол.12шт;2025-10-08 14:16:07;16932.0;677.78;2065704.0;187791.27;Тандер ЗАО (Ерзовка РЦ);"ООО ""ВоронежАгро-М""";Волгоград;2025-10
Мас.Тандер.72,5%.180г.фол.12шт;2025-10-08 00:03:55;9384.0;677.78;1144848.0;104077.09;Тандер ЗАО (Тула РЦ) ;"ООО ""ВоронежАгро-М""";Тула;2025-10
Мас.Тандер.72,5%.180г.фол.12шт;2025-10-07 08:13:16;5508.0;677.78;671976.0;61088.73;Тандер ЗАО (Воронеж РЦ);"ООО ""ВоронежАгро-М""";Воронеж;2025-10
Мас.Тандер.72,5%.180г.фол.12шт;2025-10-07 08:13:09;8568.0;677.78;1045296.0;95026.91;Тандер ЗАО (Воронеж РЦ);"ООО ""ВоронежАгро-М""";Воронеж;2025-10
Мас.Тандер.72,5%.180г.фол.12шт;2025-10-07 02:52:19;3672.0;677.78;447984.0;40725.82;Тандер ЗАО (Тамбов РЦ);"ООО ""ВоронежАгро-М""";Тамбов;2025-10
Мас.Тандер.72,5%.180г.фол.12шт;2025-10-04 21:19:13;4284.0;677.78;522648.0;47513.45;Тандер ЗАО (Тула РЦ) ;"ООО ""ВоронежАгро-М""";Тула;2025-10
Мас.Тандер.72,5%.180г.фол.12шт;2025-10-04 21:18:52;612.0;677.78;74664.0;6787.64;Тандер ЗАО (Тула РЦ) ;"ООО ""ВоронежАгро-М""";Тула;2025-10
Мас.Тандер.72,5%.180г.фол.12шт;2025-10-04 02:04:51;4488.0;677.78;547536.0;49776.0;Тандер ЗАО (Тамбов РЦ);"ООО ""ВоронежАгро-М""";Тамбов;2025-10
Мас.Тандер.72,5%.180г.фол.12шт;2025-10-04 01:54:36;11016.0;677.78;1343952.0;122177.45;Тандер ЗАО (Ерзовка РЦ);"ООО ""ВоронежАгро-М""";Волгоград;2025-10
Мас.Тандер.72,5%.180г.фол.12шт;2025-10-04 01:54:33;2244.0;677.78;273768.0;24888.0;Тандер ЗАО (Ерзовка РЦ);"ООО ""ВоронежАгро-М""";Волгоград;2025-10
Мас.Тандер.72,5%.180г.фол.12шт;2025-10-04 00:02:58;2856.0;677.78;348432.0;31675.64;Тандер ЗАО (Воронеж РЦ);"ООО ""ВоронежАгро-М""";Воронеж;2025-10
Мас.Тандер.72,5%.180г.фол.12шт;2025-10-04 00:02:53;5304.0;677.78;647088.0;58826.18;Тандер ЗАО (Воронеж РЦ);"ООО ""ВоронежАгро-М""";Воронеж;2025-10
Мас.Тандер.72,5%.180г.фол.12шт;2025-10-02 10:55:07;5508.0;677.78;671976.0;61088.73;Тандер ЗАО (Воронеж РЦ);"ООО ""ВоронежАгро-М""";Воронеж;2025-10
Мас.Тандер.72,5%.180г.фол.12шт;2025-10-02 04:19:06;2448.0;677.78;298656.0;27150.55;Тандер ЗАО (Тамбов РЦ);"ООО ""ВоронежАгро-М""";Тамбов;2025-10
Мас.Тандер.72,5%.180г.фол.12шт;2025-10-01 09:39:28;1020.0;677.78;124440.0;11312.73;Тандер ЗАО (Ерзовка РЦ);"ООО ""ВоронежАгро-М""";Волгоград;2025-10
Мас.Тандер.72,5%.180г.фол.12шт;2025-10-01 09:39:23;7956.0;677.78;970632.0;88239.27;Тандер ЗАО (Ерзовка РЦ);"ООО ""ВоронежАгро-М""";Волгоград;2025-10
Мас.Тандер.72,5%.180г.фол.12шт;2025-09-30 23:00:06;4488.0;677.78;547536.0;49776.0;Тандер ЗАО (Тула РЦ) ;"ООО ""ВоронежАгро-М""";Тула;2025-09
Мас.Тандер.72,5%.180г.фол.12шт;2025-09-30 22:59:46;2856.0;677.78;348432.0;31675.64;Тандер ЗАО (Тула РЦ) ;"ООО ""ВоронежАгро-М""";Тула;2025-09
Мас.Тандер.72,5%.180г.фол.12шт;2025-09-30 11:04:29;1836.0;677.78;223992.0;20362.91;Тандер ЗАО (Мурманск РЦ);"ООО ""ВоронежАгро-М""";Мурманск;2025-09
Мас.Тандер.72,5%.180г.фол.12шт;2025-09-30 11:00:26;3672.0;677.78;447984.0;40725.82;Тандер ЗАО (Мурманск РЦ);"ООО ""ВоронежАгро-М""";Мурманск;2025-09
Мас.Тандер.72,5%.180г.фол.12шт;2025-09-30 02:20:22;2244.0;677.78;273768.0;24888.0;Тандер ЗАО (Воронеж РЦ);"ООО ""ВоронежАгро-М""";Воронеж;2025-09
Мас.Тандер.72,5%.180г.фол.12шт;2025-09-30 01:49:16;2040.0;677.78;248880.0;22625.45;Тандер ЗАО (Тамбов РЦ);"ООО ""ВоронежАгро-М""";Тамбов;2025-09
Мас.Тандер.72,5%.180г.фол.12шт;2025-09-27 23:06:06;6324.0;677.78;771528.0;70138.91;Тандер ЗАО (Тула РЦ) ;"ООО ""ВоронежАгро-М""";Тула;2025-09
Мас.Тандер.72,5%.180г.фол.12шт;2025-09-27 11:06:48;2448.0;677.78;298656.0;27150.55;Тандер ЗАО (Ерзовка РЦ);"ООО ""ВоронежАгро-М""";Волгоград;2025-09
Мас.Тандер.72,5%.180г.фол.12шт;2025-09-27 11:06:44;8160.0;677.78;995520.0;90501.82;Тандер ЗАО (Ерзовка РЦ);"ООО ""ВоронежАгро-М""";Волгоград;2025-09
Мас.Тандер.72,5%.180г.фол.12шт;2025-09-27 08:46:39;9996.0;769.28;1384146.12;125831.47;Тандер ЗАО (Воронеж РЦ);"ООО ""ВоронежАгро-М""";Воронеж;2025-09
Мас.Тандер.72,5%.180г.фол.12шт;2025-09-27 02:15:16;2244.0;677.78;273768.0;24888.0;Тандер ЗАО (Тамбов РЦ);"ООО ""ВоронежАгро-М""";Тамбов;2025-09
Мас.Тандер.72,5%.180г.фол.12шт;2025-09-25 08:22:14;9468.0;769.28;1311033.96;119184.91;Тандер ЗАО (Воронеж РЦ);"ООО ""ВоронежАгро-М""";Воронеж;2025-09
Мас.Тандер.72,5%.180г.фол.12шт;2025-09-25 01:31:12;3000.0;769.28;415410.0;37764.55;Тандер ЗАО (Тамбов РЦ);"ООО ""ВоронежАгро-М""";Тамбов;2025-09
Мас.Тандер.72,5%.180г.фол.12шт;2025-09-24 17:53:55;1428.0;769.28;197735.16;17975.92;Тандер ЗАО (Ерзовка РЦ);"ООО ""ВоронежАгро-М""";Волгоград;2025-09
Мас.Тандер.72,5%.180г.фол.12шт;2025-09-24 17:53:50;14304.0;769.28;1980674.88;180061.35;Тандер ЗАО (Ерзовка РЦ);"ООО ""ВоронежАгро-М""";Волгоград;2025-09
Мас.Тандер.72,5%.180г.фол.12шт;2025-09-24 03:11:15;12108.0;769.28;1676594.76;152417.71;Тандер ЗАО (Тула РЦ) ;"ООО ""ВоронежАгро-М""";Тула;2025-09
Мас.Тандер.72,5%.180г.фол.12шт;2025-09-23 12:33:33;4080.0;769.28;564957.6;51359.78;Тандер ЗАО (Мурманск РЦ);"ООО ""ВоронежАгро-М""";Мурманск;2025-09
Мас.Тандер.72,5%.180г.фол.12шт;2025-09-23 12:32:50;3264.0;769.28;451966.08;41087.83;Тандер ЗАО (Мурманск РЦ);"ООО ""ВоронежАгро-М""";Мурманск;2025-09
Мас.Тандер.72,5%.180г.фол.12шт;2025-09-23 08:38:36;11028.0;769.28;1527047.16;138822.47;Тандер ЗАО (Воронеж РЦ);"ООО ""ВоронежАгро-М""";Воронеж;2025-09
Мас.Тандер.72,5%.180г.фол.12шт;2025-09-22 23:12:44;3504.0;769.28;485198.88;44108.99;Тандер ЗАО (Тамбов РЦ);"ООО ""ВоронежАгро-М""";Тамбов;2025-09
Мас.Тандер.72,5%.180г.фол.12шт;2025-09-20 21:56:54;5880.0;769.28;814203.6;74018.51;Тандер ЗАО (Тула РЦ) ;"ООО ""ВоронежАгро-М""";Тула;2025-09
Мас.Тандер.72,5%.180г.фол.12шт;2025-09-20 10:52:48;3468.0;769.28;480213.96;43655.81;Тандер ЗАО (Ерзовка РЦ);"ООО ""ВоронежАгро-М""";Волгоград;2025-09
Мас.Тандер.72,5%.180г.фол.12шт;2025-09-20 10:52:43;6144.0;769.28;850759.68;77341.79;Тандер ЗАО (Ерзовка РЦ);"ООО ""ВоронежАгро-М""";Волгоград;2025-09
Мас.Тандер.72,5%.180г.фол.12шт;2025-09-20 09:12:40;4632.0;769.28;641393.04;58308.46;Тандер ЗАО (Воронеж РЦ);"ООО ""ВоронежАгро-М""";Воронеж;2025-09
Мас.Тандер.72,5%.180г.фол.12шт;2025-09-20 01:07:45;2700.0;769.28;373869.0;33988.09;Тандер ЗАО (Тамбов РЦ);"ООО ""ВоронежАгро-М""";Тамбов;2025-09
Мас.Тандер.72,5%.180г.фол.12шт;2025-09-18 06:16:21;2400.0;769.28;332328.0;30211.64;Тандер ЗАО (Воронеж РЦ);"ООО ""ВоронежАгро-М""";Воронеж;2025-09
Мас.Тандер.72,5%.180г.фол.12шт;2025-09-18 00:25:10;2400.0;769.28;332328.0;30211.64;Тандер ЗАО (Тамбов РЦ);"ООО ""ВоронежАгро-М""";Тамбов;2025-09
Мас.Тандер.72,5%.180г.фол.12шт;2025-09-17 04:25:10;3264.0;769.28;451966.08;41087.83;Тандер ЗАО (Ерзовка РЦ);"ООО ""ВоронежАгро-М""";Волгоград;2025-09
Мас.Тандер.72,5%.180г.фол.12шт;2025-09-17 04:25:05;9600.0;769.28;1329312.0;120846.55;Тандер ЗАО (Ерзовка РЦ);"ООО ""ВоронежАгро-М""";Волгоград;2025-09
Мас.Тандер.72,5%.180г.фол.12шт;2025-09-17 00:37:24;7500.0;769.28;1038525.0;94411.36;Тандер ЗАО (Тула РЦ) ;"ООО ""ВоронежАгро-М""";Тула;2025-09
Мас.Тандер.72,5%.180г.фол.12шт;2025-09-16 03:55:05;7416.0;769.28;1026893.52;93353.96;Тандер ЗАО (Мурманск РЦ);"ООО ""ВоронежАгро-М""";Мурманск;2025-09
Мас.Тандер.72,5%.180г.фол.12шт;2025-09-16 03:53:36;3876.0;769.28;536709.72;48791.79;Тандер ЗАО (Мурманск РЦ);"ООО ""ВоронежАгро-М""";Мурманск;2025-09
Мас.Тандер.72,5%.180г.фол.12шт;2025-09-16 00:07:52;7344.0;769.28;1016923.68;92447.61;Тандер ЗАО (Воронеж РЦ);"ООО ""ВоронежАгро-М""";Воронеж;2025-09
Мас.Тандер.72,5%.180г.фол.12шт;2025-09-16 00:07:48;6000.0;769.28;830820.0;75529.09;Тандер ЗАО (Воронеж РЦ);"ООО ""ВоронежАгро-М""";Воронеж;2025-09
Мас.Тандер.72,5%.180г.фол.12шт;2025-09-16 00:06:02;2700.0;769.28;373869.0;33988.09;Тандер ЗАО (Тамбов РЦ);"ООО ""ВоронежАгро-М""";Тамбов;2025-09
Мас.Тандер.72,5%.180г.фол.12шт;2025-09-13 12:24:38;12000.0;769.28;1661640.0;151058.18;Тандер ЗАО (Ерзовка РЦ);"ООО ""ВоронежАгро-М""";Волгоград;2025-09
Мас.Тандер.72,5%.180г.фол.12шт;2025-09-13 11:34:11;3900.0;769.28;540033.0;49093.91;Тандер ЗАО (Тула РЦ) ;"ООО ""ВоронежАгро-М""";Тула;2025-09
Мас.Тандер.72,5%.180г.фол.12шт;2025-09-13 06:39:50;4800.0;769.28;664656.0;60423.27;Тандер ЗАО (Воронеж РЦ);"ООО ""ВоронежАгро-М""";Воронеж;2025-09
Мас.Тандер.72,5%.180г.фол.12шт;2025-09-13 00:55:09;4200.0;769.28;581574.0;52870.36;Тандер ЗАО (Тамбов РЦ);"ООО ""ВоронежАгро-М""";Тамбов;2025-09
Мас.Тандер.72,5%.180г.фол.12шт;2025-09-11 08:59:08;15000.0;769.28;2077050.0;188822.73;Тандер ЗАО (Воронеж РЦ);"ООО ""ВоронежАгро-М""";Воронеж;2025-09
Мас.Тандер.72,5%.180г.фол.12шт;2025-09-11 02:53:59;2400.0;769.28;332328.0;30211.64;Тандер ЗАО (Тамбов РЦ);"ООО ""ВоронежАгро-М""";Тамбов;2025-09
Мас.Тандер.72,5%.180г.фол.12шт;2025-09-10 10:55:34;15000.0;769.28;2077050.0;188822.73;Тандер ЗАО (Ерзовка РЦ);"ООО ""ВоронежАгро-М""";Волгоград;2025-09
Мас.Тандер.72,5%.180г.фол.12шт;2025-09-10 05:27:52;12000.0;769.28;1661640.0;151058.18;Тандер ЗАО (Тула РЦ) ;"ООО ""ВоронежАгро-М""";Тула;2025-09
Мас.Тандер.72,5%.180г.фол.12шт;2025-09-09 16:43:45;5916.0;769.28;819188.52;74471.68;Тандер ЗАО (Мурманск РЦ);"ООО ""ВоронежАгро-М""";Мурманск;2025-09
Мас.Тандер.72,5%.180г.фол.12шт;2025-09-09 06:00:38;6120.0;769.28;847436.4;77039.67;Тандер ЗАО (Воронеж РЦ);"ООО ""ВоронежАгро-М""";Воронеж;2025-09
Мас.Тандер.72,5%.180г.фол.12шт;2025-09-09 06:00:35;12000.0;769.28;1661640.0;151058.18;Тандер ЗАО (Воронеж РЦ);"ООО ""ВоронежАгро-М""";Воронеж;2025-09
Мас.Тандер.72,5%.180г.фол.12шт;2025-09-08 16:39:00;1200.0;769.28;166164.0;15105.82;Тандер ЗАО (Тамбов РЦ);"ООО ""ВоронежАгро-М""";Тамбов;2025-09
Мас.Тандер.72,5%.180г.фол.12шт;2025-09-06 21:55:50;9600.0;769.28;1329312.0;120846.55;Тандер ЗАО (Тула РЦ) ;"ООО ""ВоронежАгро-М""";Тула;2025-09
Мас.Тандер.72,5%.180г.фол.12шт;2025-09-06 21:55:30;1020.0;769.28;141239.4;12839.95;Тандер ЗАО (Тула РЦ) ;"ООО ""ВоронежАгро-М""";Тула;2025-09
Мас.Тандер.72,5%.180г.фол.12шт;2025-09-06 16:53:33;7752.0;769.28;1073419.44;97583.59;Тандер ЗАО (Ерзовка РЦ);"ООО ""ВоронежАгро-М""";Волгоград;2025-09
Мас.Тандер.72,5%.180г.фол.12шт;2025-09-06 16:53:30;12000.0;769.28;1661640.0;151058.18;Тандер ЗАО (Ерзовка РЦ);"ООО ""ВоронежАгро-М""";Волгоград;2025-09
Мас.Тандер.72,5%.180г.фол.12шт;2025-09-06 00:26:03;4692.0;769.28;649701.24;59063.75;Тандер ЗАО (Воронеж РЦ);"ООО ""ВоронежАгро-М""";Воронеж;2025-09
Мас.Тандер.72,5%.180г.фол.12шт;2025-09-05 17:46:13;9000.0;769.28;1246230.0;113293.64;Тандер ЗАО (Тамбов РЦ);"ООО ""ВоронежАгро-М""";Тамбов;2025-09
Мас.Тандер.72,5%.180г.фол.12шт;2025-09-05 17:45:58;408.0;769.28;56495.76;5135.98;Тандер ЗАО (Тамбов РЦ);"ООО ""ВоронежАгро-М""";Тамбов;2025-09
Мас.Тандер.72,5%.180г.фол.12шт;2025-09-04 06:42:01;2736.0;769.28;378853.92;34441.27;Тандер ЗАО (Воронеж РЦ);"ООО ""ВоронежАгро-М""";Воронеж;2025-09
Мас.Тандер.72,5%.180г.фол.12шт;2025-09-02 15:10:27;6120.0;769.28;847436.4;77039.67;Тандер ЗАО (Мурманск РЦ);"ООО ""ВоронежАгро-М""";Мурманск;2025-09
Мас.Тандер.72,5%.180г.фол.12шт;2025-09-02 05:49:54;3672.0;769.28;508461.84;46223.8;Тандер ЗАО (Воронеж РЦ);"ООО ""ВоронежАгро-М""";Воронеж;2025-09
Мас.Тандер.72,5%.180г.фол.12шт;2025-08-31 09:48:31;4080.0;769.28;564957.6;51359.78;Тандер ЗАО (Ерзовка РЦ);"ООО ""ВоронежАгро-М""";Волгоград;2025-08
Мас.Тандер.72,5%.180г.фол.12шт;2025-08-31 09:48:28;7800.0;769.28;1080066.0;98187.82;Тандер ЗАО (Ерзовка РЦ);"ООО ""ВоронежАгро-М""";Волгоград;2025-08
Мас.Тандер.72,5%.180г.фол.12шт;2025-08-31 03:45:50;8100.0;769.28;1121607.0;101964.27;Тандер ЗАО (Тула РЦ) ;"ООО ""ВоронежАгро-М""";Тула;2025-08
Мас.Тандер.72,5%.180г.фол.12шт;2025-08-31 03:45:33;7344.0;769.28;1016923.68;92447.61;Тандер ЗАО (Тула РЦ) ;"ООО ""ВоронежАгро-М""";Тула;2025-08
Мас.Тандер.72,5%.180г.фол.12шт;2025-08-30 10:11:31;5100.0;769.28;706197.0;64199.73;Тандер ЗАО (Воронеж РЦ);"ООО ""ВоронежАгро-М""";Воронеж;2025-08
Мас.Тандер.72,5%.180г.фол.12шт;2025-08-30 02:07:22;4800.0;769.28;664656.0;60423.27;Тандер ЗАО (Тамбов РЦ);"ООО ""ВоронежАгро-М""";Тамбов;2025-08
Мас.Тандер.72,5%.180г.фол.12шт;2025-08-30 02:07:16;1020.0;769.28;141239.4;12839.95;Тандер ЗАО (Тамбов РЦ);"ООО ""ВоронежАгро-М""";Тамбов;2025-08
Мас.Тандер.72,5%.180г.фол.12шт;2025-08-28 11:19:07;10404.0;769.28;1440641.88;130967.44;Тандер ЗАО (Воронеж РЦ);"ООО ""ВоронежАгро-М""";Воронеж;2025-08
Мас.Тандер.72,5%.180г.фол.12шт;2025-08-28 04:47:25;4692.0;769.28;649701.24;59063.75;Тандер ЗАО (Тамбов РЦ);"ООО ""ВоронежАгро-М""";Тамбов;2025-08
Мас.Тандер.72,5%.180г.фол.12шт;2025-08-28 01:45:44;7548.0;769.28;1045171.56;95015.6;Тандер ЗАО (Тула РЦ) ;"ООО ""ВоронежАгро-М""";Тула;2025-08
Мас.Тандер.72,5%.180г.фол.12шт;2025-08-27 22:27:05;9000.0;769.28;1246230.0;113293.64;Тандер ЗАО (Ерзовка РЦ);"ООО ""ВоронежАгро-М""";Волгоград;2025-08
Мас.Тандер.72,5%.180г.фол.12шт;2025-08-27 12:39:39;5712.0;769.28;790940.64;71903.69;Тандер ЗАО (Мурманск РЦ);"ООО ""ВоронежАгро-М""";Мурманск;2025-08
Мас.Тандер.72,5%.180г.фол.12шт;2025-08-26 10:31:57;10812.0;769.28;1497137.64;136103.42;Тандер ЗАО (Воронеж РЦ);"ООО ""ВоронежАгро-М""";Воронеж;2025-08
Мас.Тандер.72,5%.180г.фол.12шт;2025-08-26 03:31:01;3468.0;769.28;480213.96;43655.81;Тандер ЗАО (Тамбов РЦ);"ООО ""ВоронежАгро-М""";Тамбов;2025-08
Мас.Тандер.72,5%.180г.фол.12шт;2025-08-24 02:22:05;11832.0;769.28;1638377.04;148943.37;Тандер ЗАО (Тула РЦ) ;"ООО ""ВоронежАгро-М""";Тула;2025-08
Мас.Тандер.72,5%.180г.фол.12шт;2025-08-23 13:20:54;15000.0;769.28;2077050.0;188822.73;Тандер ЗАО (Ерзовка РЦ);"ООО ""ВоронежАгро-М""";Волгоград;2025-08
Мас.Тандер.72,5%.180г.фол.12шт;2025-08-23 08:48:05;4488.0;769.28;621453.36;56495.76;Тандер ЗАО (Воронеж РЦ);"ООО ""ВоронежАгро-М""";Воронеж;2025-08
Мас.Тандер.72,5%.180г.фол.12шт;2025-08-23 04:20:47;4896.0;769.28;677949.12;61631.74;Тандер ЗАО (Тамбов РЦ);"ООО ""ВоронежАгро-М""";Тамбов;2025-08
Мас.Тандер.72,5%.180г.фол.12шт;2025-08-20 16:02:06;12000.0;769.28;1661640.0;151058.18;Тандер ЗАО (Ерзовка РЦ);"ООО ""ВоронежАгро-М""";Волгоград;2025-08
Мас.Тандер.72,5%.180г.фол.12шт;2025-08-20 02:04:52;1020.0;769.28;141239.4;12839.95;Тандер ЗАО (Тула РЦ) ;"ООО ""ВоронежАгро-М""";Тула;2025-08
Мас.Тандер.72,5%.180г.фол.12шт;2025-08-19 13:47:33;408.0;769.28;56495.76;5135.98;Тандер ЗАО (Мурманск РЦ);"ООО ""ВоронежАгро-М""";Мурманск;2025-08
Мас.Тандер.72,5%.180г.фол.12шт;2025-08-16 16:40:01;2244.0;769.28;310726.68;28247.88;Тандер ЗАО (Тула РЦ) ;"ООО ""ВоронежАгро-М""";Тула;2025-08
Мас.Тандер.72,5%.180г.фол.12шт;2025-08-16 09:13:42;18972.0;769.28;2627052.84;238822.99;Тандер ЗАО (Ерзовка РЦ);"ООО ""ВоронежАгро-М""";Волгоград;2025-08
Мас.Тандер.72,5%.180г.фол.12шт;2025-08-16 09:13:38;7800.0;769.28;1080066.0;98187.82;Тандер ЗАО (Ерзовка РЦ);"ООО ""ВоронежАгро-М""";Волгоград;2025-08
Мас.Тандер.72,5%.180г.фол.12шт;2025-08-13 11:51:16;1020.0;769.28;141239.4;12839.95;Тандер ЗАО (Ерзовка РЦ);"ООО ""ВоронежАгро-М""";Волгоград;2025-08
Мас.Тандер.72,5%.180г.фол.12шт;2025-08-07 10:15:43;7500.0;769.28;1038525.0;94411.36;Тандер ЗАО (Дзержинск РЦ);"ООО ""ВоронежАгро-М""";Дзержинск;2025-08
Мас.Тандер.72,5%.180г.фол.12шт;2025-08-07 10:15:21;2040.0;769.28;282478.8;25679.89;Тандер ЗАО (Дзержинск РЦ);"ООО ""ВоронежАгро-М""";Дзержинск;2025-08
Мас.Тандер.72,5%.180г.фол.12шт;2025-08-07 07:06:23;4692.0;769.28;649701.24;59063.75;Тандер ЗАО (Воронеж РЦ);"ООО ""ВоронежАгро-М""";Воронеж;2025-08
Мас.Тандер.72,5%.180г.фол.12шт;2025-08-07 07:06:19;12000.0;769.28;1661640.0;151058.18;Тандер ЗАО (Воронеж РЦ);"ООО ""ВоронежАгро-М""";Воронеж;2025-08
Мас.Тандер.72,5%.180г.фол.12шт;2025-08-07 04:38:15;2400.0;769.28;332328.0;30211.64;Тандер ЗАО (Тамбов РЦ);"ООО ""ВоронежАгро-М""";Тамбов;2025-08
Мас.Тандер.72,5%.180г.фол.12шт;2025-08-06 18:17:48;21012.0;769.28;2909531.64;264502.88;Тандер ЗАО (Ерзовка РЦ);"ООО ""ВоронежАгро-М""";Волгоград;2025-08
Мас.Тандер.72,5%.180г.фол.12шт;2025-08-06 18:01:29;3000.0;769.28;415410.0;37764.55;Тандер ЗАО (Ярославль РЦ);"ООО ""ВоронежАгро-М""";Ярославль;2025-08
Мас.Тандер.72,5%.180г.фол.12шт;2025-08-06 18:01:13;7752.0;769.28;1073419.44;97583.59;Тандер ЗАО (Ярославль РЦ);"ООО ""ВоронежАгро-М""";Ярославль;2025-08
Мас.Тандер.72,5%.180г.фол.12шт;2025-08-06 14:26:33;2400.0;769.28;332328.0;30211.64;Тандер ЗАО (Дзержинск РЦ);"ООО ""ВоронежАгро-М""";Дзержинск;2025-08
Мас.Тандер.72,5%.180г.фол.12шт;2025-08-06 14:26:22;8976.0;769.28;1242906.72;112991.52;Тандер ЗАО (Дзержинск РЦ);"ООО ""ВоронежАгро-М""";Дзержинск;2025-08
Мас.Тандер.72,5%.180г.фол.12шт;2025-08-06 03:22:14;3000.0;769.28;415410.0;37764.55;Тандер ЗАО (Тула РЦ) ;"ООО ""ВоронежАгро-М""";Тула;2025-08
Мас.Тандер.72,5%.180г.фол.12шт;2025-08-06 03:21:48;6120.0;769.28;847436.4;77039.67;Тандер ЗАО (Тула РЦ) ;"ООО ""ВоронежАгро-М""";Тула;2025-08
Мас.Тандер.72,5%.180г.фол.12шт;2025-08-05 21:14:53;5100.0;769.28;706197.0;64199.73;Тандер ЗАО (Мурманск РЦ);"ООО ""ВоронежАгро-М""";Мурманск;2025-08
Мас.Тандер.72,5%.180г.фол.12шт;2025-08-05 21:14:46;6936.0;769.28;960427.92;87311.63;Тандер ЗАО (Ногинск РЦ);"ООО ""ВоронежАгро-М""";Ногинск;2025-08
Мас.Тандер.72,5%.180г.фол.12шт;2025-08-05 14:21:20;3000.0;769.28;415410.0;37764.55;Тандер ЗАО (Тамбов РЦ);"ООО ""ВоронежАгро-М""";Тамбов;2025-08
Мас.Тандер.72,5%.180г.фол.12шт;2025-08-05 00:01:25;18564.0;769.28;2570557.08;233687.01;Тандер ЗАО (Воронеж РЦ);"ООО ""ВоронежАгро-М""";Воронеж;2025-08
Мас.Тандер.72,5%.180г.фол.12шт;2025-08-04 10:24:04;13464.0;769.28;1864360.08;169487.28;Тандер ЗАО (Дмитров РЦ) ;"ООО ""ВоронежАгро-М""";Дмитров;2025-08
Мас.Тандер.72,5%.180г.фол.12шт;2025-08-03 14:46:33;23868.0;769.28;3305001.96;300454.72;Тандер ЗАО (Ярославль РЦ);"ООО ""ВоронежАгро-М""";Ярославль;2025-08
Мас.Тандер.72,5%.180г.фол.12шт;2025-08-02 19:20:56;1500.0;769.28;207705.0;18882.27;Тандер ЗАО (Тула РЦ) ;"ООО ""ВоронежАгро-М""";Тула;2025-08
Мас.Тандер.72,5%.180г.фол.12шт;2025-08-02 19:20:38;15300.0;769.28;2118591.0;192599.18;Тандер ЗАО (Тула РЦ) ;"ООО ""ВоронежАгро-М""";Тула;2025-08
Мас.Тандер.72,5%.180г.фол.12шт;2025-08-02 09:08:56;21012.0;769.28;2909531.64;264502.88;Тандер ЗАО (Ерзовка РЦ);"ООО ""ВоронежАгро-М""";Волгоград;2025-08
Мас.Тандер.72,5%.180г.фол.12шт;2025-08-02 09:04:09;9996.0;769.28;1384146.12;125831.47;Тандер ЗАО (Воронеж РЦ);"ООО ""ВоронежАгро-М""";Воронеж;2025-08
Мас.Тандер.72,5%.180г.фол.12шт;2025-08-02 04:14:39;3000.0;769.28;415410.0;37764.55;Тандер ЗАО (Тамбов РЦ);"ООО ""ВоронежАгро-М""";Тамбов;2025-08
Мас.Тандер.72,5%.180г.фол.12шт;2025-08-02 04:14:31;12648.0;769.28;1751368.56;159215.32;Тандер ЗАО (Тамбов РЦ);"ООО ""ВоронежАгро-М""";Тамбов;2025-08
Мас.Тандер.72,5%.180г.фол.12шт;2025-07-31 16:44:43;7548.0;769.28;1045171.56;95015.6;Тандер ЗАО (Дзержинск РЦ);"ООО ""ВоронежАгро-М""";Дзержинск;2025-07
Мас.Тандер.72,5%.180г.фол.12шт;2025-07-31 16:04:41;12240.0;769.28;1694872.8;154079.35;Тандер ЗАО (Ярославль РЦ);"ООО ""ВоронежАгро-М""";Ярославль;2025-07
Мас.Тандер.72,5%.180г.фол.12шт;2025-07-31 10:47:38;6120.0;769.28;847436.4;77039.67;Тандер ЗАО (Воронеж РЦ);"ООО ""ВоронежАгро-М""";Воронеж;2025-07
Мас.Тандер.72,5%.180г.фол.12шт;2025-07-31 10:17:11;3264.0;769.28;451966.08;41087.83;Тандер ЗАО (Ерзовка РЦ);"ООО ""ВоронежАгро-М""";Волгоград;2025-07
Мас.Тандер.72,5%.180г.фол.12шт;2025-07-31 03:58:16;2244.0;769.28;310726.68;28247.88;Тандер ЗАО (Тамбов РЦ);"ООО ""ВоронежАгро-М""";Тамбов;2025-07
Мас.Тандер.72,5%.180г.фол.12шт;2025-07-30 05:18:03;7752.0;769.28;1073419.44;97583.59;Тандер ЗАО (Тула РЦ) ;"ООО ""ВоронежАгро-М""";Тула;2025-07
Мас.Тандер.72,5%.180г.фол.12шт;2025-07-29 17:06:12;7752.0;769.28;1073419.44;97583.59;Тандер ЗАО (Ногинск РЦ);"ООО ""ВоронежАгро-М""";Ногинск;2025-07
Мас.Тандер.72,5%.180г.фол.12шт;2025-07-29 12:36:23;7344.0;769.28;1016923.68;92447.61;Тандер ЗАО (Мурманск РЦ);"ООО ""ВоронежАгро-М""";Мурманск;2025-07
Мас.Тандер.72,5%.180г.фол.12шт;2025-07-29 11:25:27;4284.0;769.28;593205.48;53927.77;Тандер ЗАО (Дзержинск РЦ);"ООО ""ВоронежАгро-М""";Дзержинск;2025-07
Мас.Тандер.72,5%.180г.фол.12шт;2025-07-29 08:28:20;5100.0;769.28;706197.0;64199.73;Тандер ЗАО (Воронеж РЦ);"ООО ""ВоронежАгро-М""";Воронеж;2025-07
Мас.Тандер.72,5%.180г.фол.12шт;2025-07-29 02:50:32;1224.0;769.28;169487.28;15407.93;Тандер ЗАО (Тамбов РЦ);"ООО ""ВоронежАгро-М""";Тамбов;2025-07
Мас.Тандер.72,5%.180г.фол.12шт;2025-07-28 09:35:05;12852.0;769.28;1779616.44;161783.31;Тандер ЗАО (Дмитров РЦ) ;"ООО ""ВоронежАгро-М""";Дмитров;2025-07
Мас.Тандер.72,5%.180г.фол.12шт;2025-07-25 15:55:42;3876.0;769.28;536709.72;48791.79;Тандер ЗАО (Ногинск РЦ);"ООО ""ВоронежАгро-М""";Ногинск;2025-07
Мас.Тандер.72,5%.180г.фол.12шт;2025-07-25 00:46:55;612.0;769.28;84743.64;7703.97;Тандер ЗАО (Тамбов РЦ);"ООО ""ВоронежАгро-М""";Тамбов;2025-07
Мас.Тандер.72,5%.180г.фол.12шт;2025-07-24 14:30:57;5100.0;769.28;706197.0;64199.73;Тандер ЗАО (Воронеж РЦ);"ООО ""ВоронежАгро-М""";Воронеж;2025-07
Мас.Тандер.72,5%.180г.фол.12шт;2025-07-24 14:15:23;7344.0;769.28;1016923.68;92447.61;Тандер ЗАО (Дмитров РЦ) ;"ООО ""ВоронежАгро-М""";Дмитров;2025-07
Мас.Тандер.72,5%.180г.фол.12шт;2025-07-23 21:46:03;5712.0;769.28;790940.64;71903.69;Тандер ЗАО (Дзержинск РЦ);"ООО ""ВоронежАгро-М""";Дзержинск;2025-07
Мас.Тандер.72,5%.180г.фол.12шт;2025-07-23 16:41:35;8160.0;769.28;1129915.2;102719.56;Тандер ЗАО (Ерзовка РЦ);"ООО ""ВоронежАгро-М""";Волгоград;2025-07
Мас.Тандер.72,5%.180г.фол.12шт;2025-07-23 11:23:16;15504.0;769.28;2146838.88;195167.17;Тандер ЗАО (Ярославль РЦ);"ООО ""ВоронежАгро-М""";Ярославль;2025-07
Мас.Тандер.72,5%.180г.фол.12шт;2025-07-23 06:36:09;8772.0;769.28;1214658.84;110423.53;Тандер ЗАО (Тула РЦ) ;"ООО ""ВоронежАгро-М""";Тула;2025-07
Мас.Тандер.72,5%.180г.фол.12шт;2025-07-23 02:32:48;3672.0;769.28;508461.84;46223.8;Тандер ЗАО (Ногинск РЦ);"ООО ""ВоронежАгро-М""";Ногинск;2025-07
Мас.Тандер.72,5%.180г.фол.12шт;2025-07-22 23:29:49;6324.0;769.28;875684.28;79607.66;Тандер ЗАО (Мурманск РЦ);"ООО ""ВоронежАгро-М""";Мурманск;2025-07
Мас.Тандер.72,5%.180г.фол.12шт;2025-07-22 09:08:40;5712.0;769.28;790940.64;71903.69;Тандер ЗАО (Воронеж РЦ);"ООО ""ВоронежАгро-М""";Воронеж;2025-07
Мас.Тандер.72,5%.180г.фол.12шт;2025-07-22 00:53:29;2652.0;769.28;367222.44;33383.86;Тандер ЗАО (Дзержинск РЦ);"ООО ""ВоронежАгро-М""";Дзержинск;2025-07
Мас.Тандер.72,5%.180г.фол.12шт;2025-07-21 11:22:38;4692.0;769.28;649701.24;59063.75;Тандер ЗАО (Дмитров РЦ) ;"ООО ""ВоронежАгро-М""";Дмитров;2025-07
Мас.Тандер.72,5%.180г.фол.12шт;2025-07-20 11:37:45;8568.0;769.28;1186410.96;107855.54;Тандер ЗАО (Ярославль РЦ);"ООО ""ВоронежАгро-М""";Ярославль;2025-07
Мас.Тандер.72,5%.180г.фол.12шт;2025-07-19 21:16:19;1632.0;769.28;225983.04;20543.91;Тандер ЗАО (Тула РЦ) ;"ООО ""ВоронежАгро-М""";Тула;2025-07
Мас.Тандер.72,5%.180г.фол.12шт;2025-07-19 14:26:07;12648.0;769.28;1751368.56;159215.32;Тандер ЗАО (Ерзовка РЦ);"ООО ""ВоронежАгро-М""";Волгоград;2025-07
Мас.Тандер.72,5%.180г.фол.12шт;2025-07-19 07:21:08;4896.0;769.28;677949.12;61631.74;Тандер ЗАО (Воронеж РЦ);"ООО ""ВоронежАгро-М""";Воронеж;2025-07
Мас.Тандер.72,5%.180г.фол.12шт;2025-07-18 11:36:56;2448.0;769.28;338974.56;30815.87;Тандер ЗАО (Дзержинск РЦ);"ООО ""ВоронежАгро-М""";Дзержинск;2025-07
Мас.Тандер.72,5%.180г.фол.12шт;2025-07-17 20:23:57;816.0;769.28;112991.52;10271.96;Тандер ЗАО (Ногинск РЦ);"ООО ""ВоронежАгро-М""";Ногинск;2025-07
Мас.Тандер.72,5%.180г.фол.12шт;2025-07-17 09:51:13;3672.0;769.28;508461.84;46223.8;Тандер ЗАО (Воронеж РЦ);"ООО ""ВоронежАгро-М""";Воронеж;2025-07
Мас.Тандер.72,5%.180г.фол.12шт;2025-07-17 05:36:42;6528.0;769.28;903932.16;82175.65;Тандер ЗАО (Ерзовка РЦ);"ООО ""ВоронежАгро-М""";Волгоград;2025-07
Мас.Тандер.72,5%.180г.фол.12шт;2025-07-17 01:12:40;612.0;769.28;84743.64;7703.97;Тандер ЗАО (Тула РЦ) ;"ООО ""ВоронежАгро-М""";Тула;2025-07
Мас.Тандер.72,5%.180г.фол.12шт;2025-07-16 13:56:53;7344.0;769.28;1016923.68;92447.61;Тандер ЗАО (Ярославль РЦ);"ООО ""ВоронежАгро-М""";Ярославль;2025-07
Мас.Тандер.72,5%.180г.фол.12шт;2025-07-15 23:57:02;5100.0;769.28;706197.0;64199.73;Тандер ЗАО (Ногинск РЦ);"ООО ""ВоронежАгро-М""";Ногинск;2025-07
Мас.Тандер.72,5%.180г.фол.12шт;2025-07-15 16:22:02;4800.0;769.28;664656.0;60423.27;Тандер ЗАО (Мурманск РЦ);"ООО ""ВоронежАгро-М""";Мурманск;2025-07
Мас.Тандер.72,5%.180г.фол.12шт;2025-07-15 12:32:57;2856.0;769.28;395470.32;35951.85;Тандер ЗАО (Дмитров РЦ) ;"ООО ""ВоронежАгро-М""";Дмитров;2025-07
Мас.Тандер.72,5%.180г.фол.12шт;2025-07-15 01:52:23;13260.0;769.28;1836112.2;166919.29;Тандер ЗАО (Воронеж РЦ);"ООО ""ВоронежАгро-М""";Воронеж;2025-07
Мас.Тандер.72,5%.180г.фол.12шт;2025-07-14 21:58:35;2400.0;769.28;332328.0;30211.64;Тандер ЗАО (Тамбов РЦ);"ООО ""ВоронежАгро-М""";Тамбов;2025-07
Мас.Тандер.72,5%.180г.фол.12шт;2025-07-13 21:06:57;3672.0;769.28;508461.84;46223.8;Тандер ЗАО (Ярославль РЦ);"ООО ""ВоронежАгро-М""";Ярославль;2025-07
Мас.Тандер.72,5%.180г.фол.12шт;2025-07-12 17:06:22;6000.0;769.28;830820.0;75529.09;Тандер ЗАО (Тула РЦ) ;"ООО ""ВоронежАгро-М""";Тула;2025-07
Мас.Тандер.72,5%.180г.фол.12шт;2025-07-12 17:05:58;5508.0;769.28;762692.76;69335.71;Тандер ЗАО (Тула РЦ) ;"ООО ""ВоронежАгро-М""";Тула;2025-07
Мас.Тандер.72,5%.180г.фол.12шт;2025-07-12 11:38:58;8364.0;769.28;1158163.08;105287.55;Тандер ЗАО (Ерзовка РЦ);"ООО ""ВоронежАгро-М""";Волгоград;2025-07
Мас.Тандер.72,5%.180г.фол.12шт;2025-07-12 05:04:53;6120.0;769.28;847436.4;77039.67;Тандер ЗАО (Воронеж РЦ);"ООО ""ВоронежАгро-М""";Воронеж;2025-07
Мас.Тандер.72,5%.180г.фол.12шт;2025-07-12 02:08:37;4800.0;769.28;664656.0;60423.27;Тандер ЗАО (Тамбов РЦ);"ООО ""ВоронежАгро-М""";Тамбов;2025-07
Мас.Тандер.72,5%.180г.фол.12шт;2025-07-12 02:08:28;612.0;769.28;84743.64;7703.97;Тандер ЗАО (Тамбов РЦ);"ООО ""ВоронежАгро-М""";Тамбов;2025-07
Мас.Тандер.72,5%.180г.фол.12шт;2025-07-11 04:39:38;1632.0;769.28;225983.04;20543.91;Тандер ЗАО (Тамбов РЦ);"ООО ""ВоронежАгро-М""";Тамбов;2025-07
Мас.Тандер.72,5%.180г.фол.12шт;2025-07-10 22:29:34;5916.0;769.28;819188.52;74471.68;Тандер ЗАО (Дзержинск РЦ);"ООО ""ВоронежАгро-М""";Дзержинск;2025-07
Мас.Тандер.72,5%.180г.фол.12шт;2025-07-10 17:43:57;6936.0;769.28;960427.92;87311.63;Тандер ЗАО (Дмитров РЦ) ;"ООО ""ВоронежАгро-М""";Дмитров;2025-07
Мас.Тандер.72,5%.180г.фол.12шт;2025-07-09 10:41:01;2448.0;769.28;338974.56;30815.87;Тандер ЗАО (Тамбов РЦ);"ООО ""ВоронежАгро-М""";Тамбов;2025-07
Мас.Тандер.72,5%.180г.фол.12шт;2025-07-08 20:51:58;2652.0;769.28;367222.44;33383.86;Тандер ЗАО (Мурманск РЦ);"ООО ""ВоронежАгро-М""";Мурманск;2025-07
Мас.Тандер.72,5%.180г.фол.12шт;2025-07-07 13:13:03;2448.0;769.28;338974.56;30815.87;Тандер ЗАО (Дмитров РЦ) ;"ООО ""ВоронежАгро-М""";Дмитров;2025-07
Мас.Тандер.72,5%.180г.фол.12шт;2025-07-06 14:55:28;12000.0;769.28;1661640.0;151058.18;Тандер ЗАО (Ярославль РЦ);"ООО ""ВоронежАгро-М""";Ярославль;2025-07
Мас.Тандер.72,5%.180г.фол.12шт;2025-07-06 04:47:15;9600.0;769.28;1329312.0;120846.55;Тандер ЗАО (Тула РЦ) ;"ООО ""ВоронежАгро-М""";Тула;2025-07
Мас.Тандер.72,5%.180г.фол.12шт;2025-07-06 04:47:01;1020.0;769.28;141239.4;12839.95;Тандер ЗАО (Тула РЦ) ;"ООО ""ВоронежАгро-М""";Тула;2025-07
Мас.Тандер.72,5%.180г.фол.12шт;2025-07-05 06:16:06;12000.0;769.28;1661640.0;151058.18;Тандер ЗАО (Воронеж РЦ);"ООО ""ВоронежАгро-М""";Воронеж;2025-07
Мас.Тандер.72,5%.180г.фол.12шт;2025-07-05 06:08:32;12000.0;769.28;1661640.0;151058.18;Тандер ЗАО (Ерзовка РЦ);"ООО ""ВоронежАгро-М""";Волгоград;2025-07
Мас.Тандер.72,5%.180г.фол.12шт;2025-07-05 03:52:13;3600.0;769.28;498492.0;45317.45;Тандер ЗАО (Тамбов РЦ);"ООО ""ВоронежАгро-М""";Тамбов;2025-07
Мас.Тандер.72,5%.180г.фол.12шт;2025-07-05 03:51:59;2448.0;769.28;338974.56;30815.87;Тандер ЗАО (Тамбов РЦ);"ООО ""ВоронежАгро-М""";Тамбов;2025-07
Мас.Тандер.72,5%.180г.фол.12шт;2025-07-04 20:15:53;2400.0;769.28;332328.0;30211.64;Тандер ЗАО (Ногинск РЦ);"ООО ""ВоронежАгро-М""";Ногинск;2025-07
Мас.Тандер.72,5%.180г.фол.12шт;2025-07-03 09:19:41;1836.0;769.28;254230.92;23111.9;Тандер ЗАО (Дзержинск РЦ);"ООО ""ВоронежАгро-М""";Дзержинск;2025-07
Мас.Тандер.72,5%.180г.фол.12шт;2025-07-03 06:58:50;12000.0;769.28;1661640.0;151058.18;Тандер ЗАО (Воронеж РЦ);"ООО ""ВоронежАгро-М""";Воронеж;2025-07
Мас.Тандер.72,5%.180г.фол.12шт;2025-07-03 05:46:15;3600.0;769.28;498492.0;45317.45;Тандер ЗАО (Дмитров РЦ) ;"ООО ""ВоронежАгро-М""";Дмитров;2025-07
Мас.Тандер.72,5%.180г.фол.12шт;2025-07-03 05:45:55;4488.0;769.28;621453.36;56495.76;Тандер ЗАО (Дмитров РЦ) ;"ООО ""ВоронежАгро-М""";Дмитров;2025-07
Мас.Тандер.72,5%.180г.фол.12шт;2025-07-03 05:07:54;2100.0;769.28;290787.0;26435.18;Тандер ЗАО (Тамбов РЦ);"ООО ""ВоронежАгро-М""";Тамбов;2025-07
Мас.Тандер.72,5%.180г.фол.12шт;2025-07-02 20:22:20;12000.0;769.28;1661640.0;151058.18;Тандер ЗАО (Ерзовка РЦ);"ООО ""ВоронежАгро-М""";Волгоград;2025-07
Мас.Тандер.72,5%.180г.фол.12шт;2025-07-02 13:13:05;15000.0;769.28;2077050.0;188822.73;Тандер ЗАО (Ярославль РЦ);"ООО ""ВоронежАгро-М""";Ярославль;2025-07
Мас.Тандер.72,5%.180г.фол.12шт;2025-07-02 06:44:58;10896.0;769.28;1508769.12;137160.83;Тандер ЗАО (Мурманск РЦ);"ООО ""ВоронежАгро-М""";Мурманск;2025-07
Мас.Тандер.72,5%.180г.фол.12шт;2025-07-02 06:44:55;3000.0;769.28;415410.0;37764.55;Тандер ЗАО (Ногинск РЦ);"ООО ""ВоронежАгро-М""";Ногинск;2025-07
Мас.Тандер.72,5%.180г.фол.12шт;2025-07-02 06:44:23;3468.0;769.28;480213.96;43655.81;Тандер ЗАО (Мурманск РЦ);"ООО ""ВоронежАгро-М""";Мурманск;2025-07
Мас.Тандер.72,5%.180г.фол.12шт;2025-07-02 06:44:19;1224.0;769.28;169487.28;15407.93;Тандер ЗАО (Ногинск РЦ);"ООО ""ВоронежАгро-М""";Ногинск;2025-07
Мас.Тандер.72,5%.180г.фол.12шт;2025-07-02 05:39:18;6600.0;769.28;913902.0;83082.0;Тандер ЗАО (Тула РЦ) ;"ООО ""ВоронежАгро-М""";Тула;2025-07
Мас.Тандер.72,5%.180г.фол.12шт;2025-07-02 05:38:44;3468.0;769.28;480213.96;43655.81;Тандер ЗАО (Тула РЦ) ;"ООО ""ВоронежАгро-М""";Тула;2025-07
Мас.Тандер.72,5%.180г.фол.12шт;2025-07-01 10:28:35;3600.0;769.28;498492.0;45317.45;Тандер ЗАО (Тамбов РЦ);"ООО ""ВоронежАгро-М""";Тамбов;2025-07
Мас.Тандер.72,5%.180г.фол.12шт;2025-06-30 22:09:57;7800.0;769.28;1080066.0;98187.82;Тандер ЗАО (Тула РЦ) ;"ООО ""ВоронежАгро-М""";Тула;2025-06
Мас.Тандер.72,5%.180г.фол.12шт;2025-06-30 13:50:13;7800.0;769.28;1080066.0;98187.82;Тандер ЗАО (Дмитров РЦ) ;"ООО ""ВоронежАгро-М""";Дмитров;2025-06
Мас.Тандер.72,5%.180г.фол.12шт;2025-06-29 07:07:59;9600.0;769.28;1329312.0;120846.55;Тандер ЗАО (Воронеж РЦ);"ООО ""ВоронежАгро-М""";Воронеж;2025-06
Мас.Тандер.72,5%.180г.фол.12шт;2025-06-28 22:58:55;6600.0;769.28;913902.0;83082.0;Тандер ЗАО (Ногинск РЦ);"ООО ""ВоронежАгро-М""";Ногинск;2025-06
Мас.Тандер.72,5%.180г.фол.12шт;2025-06-28 19:05:39;17052.0;769.28;2361190.44;214653.68;Тандер ЗАО (Ерзовка РЦ);"ООО ""ВоронежАгро-М""";Волгоград;2025-06
Мас.Тандер.72,5%.180г.фол.12шт;2025-06-28 15:37:28;1800.0;769.28;249246.0;22658.73;Тандер ЗАО (Тамбов РЦ);"ООО ""ВоронежАгро-М""";Тамбов;2025-06
Мас.Тандер.72,5%.180г.фол.12шт;2025-06-28 15:37:19;3876.0;769.28;536709.72;48791.79;Тандер ЗАО (Тамбов РЦ);"ООО ""ВоронежАгро-М""";Тамбов;2025-06
Мас.Тандер.72,5%.180г.фол.12шт;2025-06-26 20:18:39;12000.0;769.28;1661640.0;151058.18;Тандер ЗАО (Дзержинск РЦ);"ООО ""ВоронежАгро-М""";Дзержинск;2025-06
Мас.Тандер.72,5%.180г.фол.12шт;2025-06-26 11:27:28;12000.0;769.28;1661640.0;151058.18;Тандер ЗАО (Воронеж РЦ);"ООО ""ВоронежАгро-М""";Воронеж;2025-06
Мас.Тандер.72,5%.180г.фол.12шт;2025-06-26 09:21:16;9600.0;769.28;1329312.0;120846.55;Тандер ЗАО (Дмитров РЦ) ;"ООО ""ВоронежАгро-М""";Дмитров;2025-06
Мас.Тандер.72,5%.180г.фол.12шт;2025-06-26 03:47:57;816.0;769.28;112991.52;10271.96;Тандер ЗАО (Тамбов РЦ);"ООО ""ВоронежАгро-М""";Тамбов;2025-06
Мас.Тандер.72,5%.180г.фол.12шт;2025-06-25 15:46:48;12000.0;769.28;1661640.0;151058.18;Тандер ЗАО (Ерзовка РЦ);"ООО ""ВоронежАгро-М""";Волгоград;2025-06
Мас.Тандер.72,5%.180г.фол.12шт;2025-06-25 03:00:28;7200.0;769.28;996984.0;90634.91;Тандер ЗАО (Тула РЦ) ;"ООО ""ВоронежАгро-М""";Тула;2025-06
Мас.Тандер.72,5%.180г.фол.12шт;2025-06-24 22:14:39;3264.0;769.28;451966.08;41087.83;Тандер ЗАО (Ногинск РЦ);"ООО ""ВоронежАгро-М""";Ногинск;2025-06
Мас.Тандер.72,5%.180г.фол.12шт;2025-06-24 12:06:45;4896.0;769.28;677949.12;61631.74;Тандер ЗАО (Мурманск РЦ);"ООО ""ВоронежАгро-М""";Мурманск;2025-06
Мас.Тандер.72,5%.180г.фол.12шт;2025-06-24 10:23:33;2448.0;769.28;338974.56;30815.87;Тандер ЗАО (Воронеж РЦ);"ООО ""ВоронежАгро-М""";Воронеж;2025-06
Мас.Тандер.72,5%.180г.фол.12шт;2025-06-24 10:23:29;12000.0;769.28;1661640.0;151058.18;Тандер ЗАО (Воронеж РЦ);"ООО ""ВоронежАгро-М""";Воронеж;2025-06
Мас.Тандер.72,5%.180г.фол.12шт;2025-06-24 05:34:10;7200.0;769.28;996984.0;90634.91;Тандер ЗАО (Ярославль РЦ);"ООО ""ВоронежАгро-М""";Ярославль;2025-06
Мас.Тандер.72,5%.180г.фол.12шт;2025-06-24 05:33:54;20196.0;769.28;2796540.12;254230.92;Тандер ЗАО (Ярославль РЦ);"ООО ""ВоронежАгро-М""";Ярославль;2025-06
Мас.Тандер.72,5%.180г.фол.12шт;2025-06-24 03:20:00;9000.0;769.28;1246230.0;113293.64;Тандер ЗАО (Дзержинск РЦ);"ООО ""ВоронежАгро-М""";Дзержинск;2025-06
Мас.Тандер.72,5%.180г.фол.12шт;2025-06-24 03:19:44;3672.0;769.28;508461.84;46223.8;Тандер ЗАО (Дзержинск РЦ);"ООО ""ВоронежАгро-М""";Дзержинск;2025-06
Мас.Тандер.72,5%.180г.фол.12шт;2025-06-24 03:19:40;2040.0;769.28;282478.8;25679.89;Тандер ЗАО (Тамбов РЦ);"ООО ""ВоронежАгро-М""";Тамбов;2025-06
Мас.Тандер.72,5%.180г.фол.12шт;2025-06-23 08:57:07;3672.0;769.28;508461.84;46223.8;Тандер ЗАО (Дмитров РЦ) ;"ООО ""ВоронежАгро-М""";Дмитров;2025-06
Мас.Тандер.72,5%.180г.фол.12шт;2025-06-23 08:56:50;3468.0;769.28;480213.96;43655.81;Тандер ЗАО (Дмитров РЦ) ;"ООО ""ВоронежАгро-М""";Дмитров;2025-06
Мас.Тандер.72,5%.180г.фол.12шт;2025-06-22 01:44:02;9000.0;769.28;1246230.0;113293.64;Тандер ЗАО (Ярославль РЦ);"ООО ""ВоронежАгро-М""";Ярославль;2025-06
Мас.Тандер.72,5%.180г.фол.12шт;2025-06-22 01:43:37;10608.0;769.28;1468889.76;133535.43;Тандер ЗАО (Ярославль РЦ);"ООО ""ВоронежАгро-М""";Ярославль;2025-06
Мас.Тандер.72,5%.180г.фол.12шт;2025-06-21 20:40:11;8400.0;769.28;1163148.0;105740.73;Тандер ЗАО (Тула РЦ) ;"ООО ""ВоронежАгро-М""";Тула;2025-06
Мас.Тандер.72,5%.180г.фол.12шт;2025-06-21 20:39:57;5712.0;769.28;790940.64;71903.69;Тандер ЗАО (Тула РЦ) ;"ООО ""ВоронежАгро-М""";Тула;2025-06
Мас.Тандер.72,5%.180г.фол.12шт;2025-06-21 13:47:17;3264.0;769.28;451966.08;41087.83;Тандер ЗАО (Ерзовка РЦ);"ООО ""ВоронежАгро-М""";Волгоград;2025-06
Мас.Тандер.72,5%.180г.фол.12шт;2025-06-21 13:47:13;24000.0;769.28;3323280.0;302116.36;Тандер ЗАО (Ерзовка РЦ);"ООО ""ВоронежАгро-М""";Волгоград;2025-06
Мас.Тандер.72,5%.180г.фол.12шт;2025-06-21 02:35:51;6732.0;769.28;932180.04;84743.64;Тандер ЗАО (Тамбов РЦ);"ООО ""ВоронежАгро-М""";Тамбов;2025-06
Мас.Тандер.72,5%.180г.фол.12шт;2025-06-19 23:08:33;2652.0;769.28;367222.44;33383.86;Тандер ЗАО (Ногинск РЦ);"ООО ""ВоронежАгро-М""";Ногинск;2025-06
Мас.Тандер.72,5%.180г.фол.12шт;2025-06-19 21:19:42;7344.0;769.28;1016923.68;92447.61;Тандер ЗАО (Дмитров РЦ) ;"ООО ""ВоронежАгро-М""";Дмитров;2025-06
Мас.Тандер.72,5%.180г.фол.12шт;2025-06-19 11:08:08;4080.0;769.28;564957.6;51359.78;Тандер ЗАО (Ногинск РЦ);"ООО ""ВоронежАгро-М""";Ногинск;2025-06
Мас.Тандер.72,5%.180г.фол.12шт;2025-06-19 09:24:16;1836.0;769.28;254230.92;23111.9;Тандер ЗАО (Дзержинск РЦ);"ООО ""ВоронежАгро-М""";Дзержинск;2025-06
Мас.Тандер.72,5%.180г.фол.12шт;2025-06-19 03:16:12;204.0;769.28;28247.88;2567.99;Тандер ЗАО (Тамбов РЦ);"ООО ""ВоронежАгро-М""";Тамбов;2025-06
Мас.Тандер.72,5%.180г.фол.12шт;2025-06-17 13:46:09;6936.0;769.28;960427.92;87311.63;Тандер ЗАО (Мурманск РЦ);"ООО ""ВоронежАгро-М""";Мурманск;2025-06
Мас.Тандер.72,5%.180г.фол.12шт;2025-06-17 01:21:20;816.0;769.28;112991.52;10271.96;Тандер ЗАО (Тамбов РЦ);"ООО ""ВоронежАгро-М""";Тамбов;2025-06
Мас.Тандер.72,5%.180г.фол.12шт;2025-06-16 12:33:50;3060.0;769.28;423718.2;38519.84;Тандер ЗАО (Дмитров РЦ) ;"ООО ""ВоронежАгро-М""";Дмитров;2025-06
Мас.Тандер.72,5%.180г.фол.12шт;2025-06-15 00:08:22;9600.0;769.28;1329312.0;120846.55;Тандер ЗАО (Ярославль РЦ);"ООО ""ВоронежАгро-М""";Ярославль;2025-06
Мас.Тандер.72,5%.180г.фол.12шт;2025-06-15 00:07:59;2652.0;769.28;367222.44;33383.86;Тандер ЗАО (Ярославль РЦ);"ООО ""ВоронежАгро-М""";Ярославль;2025-06
Мас.Тандер.72,5%.180г.фол.12шт;2025-06-14 16:33:49;9000.0;769.28;1246230.0;113293.64;Тандер ЗАО (Тула РЦ) ;"ООО ""ВоронежАгро-М""";Тула;2025-06
Мас.Тандер.72,5%.180г.фол.12шт;2025-06-14 11:23:31;15000.0;769.28;2077050.0;188822.73;Тандер ЗАО (Ерзовка РЦ);"ООО ""ВоронежАгро-М""";Волгоград;2025-06
Мас.Тандер.72,5%.180г.фол.12шт;2025-06-14 08:33:28;18360.0;769.28;2542309.2;231119.02;Тандер ЗАО (Воронеж РЦ);"ООО ""ВоронежАгро-М""";Воронеж;2025-06
Мас.Тандер.72,5%.180г.фол.12шт;2025-06-14 05:30:02;1224.0;769.28;169487.28;15407.93;Тандер ЗАО (Тамбов РЦ);"ООО ""ВоронежАгро-М""";Тамбов;2025-06
Мас.Тандер.72,5%.180г.фол.12шт;2025-06-12 15:01:44;3468.0;769.28;480213.96;43655.81;Тандер ЗАО (Ногинск РЦ);"ООО ""ВоронежАгро-М""";Ногинск;2025-06
Мас.Тандер.72,5%.180г.фол.12шт;2025-06-12 14:29:29;3600.0;769.28;498492.0;45317.45;Тандер ЗАО (Дзержинск РЦ);"ООО ""ВоронежАгро-М""";Дзержинск;2025-06
Мас.Тандер.72,5%.180г.фол.12шт;2025-06-12 14:29:11;612.0;769.28;84743.64;7703.97;Тандер ЗАО (Дзержинск РЦ);"ООО ""ВоронежАгро-М""";Дзержинск;2025-06
Мас.Тандер.72,5%.180г.фол.12шт;2025-06-12 14:21:30;3672.0;769.28;508461.84;46223.8;Тандер ЗАО (Дмитров РЦ) ;"ООО ""ВоронежАгро-М""";Дмитров;2025-06
Мас.Тандер.72,5%.180г.фол.12шт;2025-06-12 14:21:08;4896.0;769.28;677949.12;61631.74;Тандер ЗАО (Дмитров РЦ) ;"ООО ""ВоронежАгро-М""";Дмитров;2025-06
Мас.Тандер.72,5%.180г.фол.12шт;2025-06-12 05:33:57;6000.0;769.28;830820.0;75529.09;Тандер ЗАО (Воронеж РЦ);"ООО ""ВоронежАгро-М""";Воронеж;2025-06
Мас.Тандер.72,5%.180г.фол.12шт;2025-06-12 02:02:21;1224.0;769.28;169487.28;15407.93;Тандер ЗАО (Тамбов РЦ);"ООО ""ВоронежАгро-М""";Тамбов;2025-06
Мас.Тандер.72,5%.180г.фол.12шт;2025-06-11 17:59:50;2448.0;769.28;338974.56;30815.87;Тандер ЗАО (Ерзовка РЦ);"ООО ""ВоронежАгро-М""";Волгоград;2025-06
Мас.Тандер.72,5%.180г.фол.12шт;2025-06-11 17:59:46;9000.0;769.28;1246230.0;113293.64;Тандер ЗАО (Ерзовка РЦ);"ООО ""ВоронежАгро-М""";Волгоград;2025-06
Мас.Тандер.72,5%.180г.фол.12шт;2025-06-11 02:16:29;1500.0;769.28;207705.0;18882.27;Тандер ЗАО (Тула РЦ) ;"ООО ""ВоронежАгро-М""";Тула;2025-06
Мас.Тандер.72,5%.180г.фол.12шт;2025-06-10 20:58:08;3264.0;769.28;451966.08;41087.83;Тандер ЗАО (Ногинск РЦ);"ООО ""ВоронежАгро-М""";Ногинск;2025-06
Мас.Тандер.72,5%.180г.фол.12шт;2025-06-10 03:35:47;4800.0;769.28;664656.0;60423.27;Тандер ЗАО (Воронеж РЦ);"ООО ""ВоронежАгро-М""";Воронеж;2025-06
Мас.Тандер.72,5%.180г.фол.12шт;2025-06-10 03:12:22;408.0;769.28;56495.76;5135.98;Тандер ЗАО (Дзержинск РЦ);"ООО ""ВоронежАгро-М""";Дзержинск;2025-06
Мас.Тандер.72,5%.180г.фол.12шт;2025-06-10 03:12:19;3600.0;769.28;498492.0;45317.45;Тандер ЗАО (Дзержинск РЦ);"ООО ""ВоронежАгро-М""";Дзержинск;2025-06
Мас.Тандер.72,5%.180г.фол.12шт;2025-06-10 03:11:56;1224.0;769.28;169487.28;15407.93;Тандер ЗАО (Тамбов РЦ);"ООО ""ВоронежАгро-М""";Тамбов;2025-06
Мас.Тандер.72,5%.180г.фол.12шт;2025-06-09 23:36:56;1632.0;769.28;225983.04;20543.91;Тандер ЗАО (Дмитров РЦ) ;"ООО ""ВоронежАгро-М""";Дмитров;2025-06
Мас.Тандер.72,5%.180г.фол.12шт;2025-06-08 14:02:52;9000.0;769.28;1246230.0;113293.64;Тандер ЗАО (Ярославль РЦ);"ООО ""ВоронежАгро-М""";Ярославль;2025-06
Мас.Тандер.72,5%.180г.фол.12шт;2025-06-08 14:02:34;3264.0;769.28;451966.08;41087.83;Тандер ЗАО (Ярославль РЦ);"ООО ""ВоронежАгро-М""";Ярославль;2025-06
Мас.Тандер.72,5%.180г.фол.12шт;2025-06-07 16:58:39;4692.0;769.28;649701.24;59063.75;Тандер ЗАО (Ерзовка РЦ);"ООО ""ВоронежАгро-М""";Волгоград;2025-06
Мас.Тандер.72,5%.180г.фол.12шт;2025-06-07 16:58:35;4800.0;769.28;664656.0;60423.27;Тандер ЗАО (Ерзовка РЦ);"ООО ""ВоронежАгро-М""";Волгоград;2025-06
Мас.Тандер.72,5%.180г.фол.12шт;2025-06-07 14:39:21;408.0;769.28;56495.76;5135.98;Тандер ЗАО (Тамбов РЦ);"ООО ""ВоронежАгро-М""";Тамбов;2025-06
Мас.Тандер.72,5%.180г.фол.12шт;2025-06-07 10:21:10;816.0;857.0;125876.16;11443.29;Тандер ЗАО (Воронеж РЦ);"ООО ""ВоронежАгро-М""";Воронеж;2025-06
Мас.Тандер.72,5%.180г.фол.12шт;2025-06-07 10:21:06;3000.0;857.0;462780.0;42070.91;Тандер ЗАО (Воронеж РЦ);"ООО ""ВоронежАгро-М""";Воронеж;2025-06
Мас.Тандер.72,5%.180г.фол.12шт;2025-06-06 04:06:19;1020.0;769.28;141239.4;12839.95;Тандер ЗАО (Ногинск РЦ);"ООО ""ВоронежАгро-М""";Ногинск;2025-06
Мас.Тандер.72,5%.180г.фол.12шт;2025-06-05 12:46:55;3672.0;857.0;566442.72;51494.79;Тандер ЗАО (Дзержинск РЦ);"ООО ""ВоронежАгро-М""";Дзержинск;2025-06
Мас.Тандер.72,5%.180г.фол.12шт;2025-06-05 12:34:33;3000.0;857.0;462780.0;42070.91;Тандер ЗАО (Дмитров РЦ) ;"ООО ""ВоронежАгро-М""";Дмитров;2025-06
Мас.Тандер.72,5%.180г.фол.12шт;2025-06-05 12:34:16;8976.0;857.0;1384637.76;125876.16;Тандер ЗАО (Дмитров РЦ) ;"ООО ""ВоронежАгро-М""";Дмитров;2025-06
Мас.Тандер.72,5%.180г.фол.12шт;2025-06-05 06:11:32;1020.0;857.0;157345.2;14304.11;Тандер ЗАО (Воронеж РЦ);"ООО ""ВоронежАгро-М""";Воронеж;2025-06
Мас.Тандер.72,5%.180г.фол.12шт;2025-06-05 06:11:24;3000.0;857.0;462780.0;42070.91;Тандер ЗАО (Воронеж РЦ);"ООО ""ВоронежАгро-М""";Воронеж;2025-06
Мас.Тандер.72,5%.180г.фол.12шт;2025-06-05 02:34:54;612.0;857.0;94407.12;8582.47;Тандер ЗАО (Тамбов РЦ);"ООО ""ВоронежАгро-М""";Тамбов;2025-06
Мас.Тандер.72,5%.180г.фол.12шт;2025-06-04 21:31:49;1200.0;857.0;185112.0;16828.36;Тандер ЗАО (Ярославль РЦ);"ООО ""ВоронежАгро-М""";Ярославль;2025-06
Мас.Тандер.72,5%.180г.фол.12шт;2025-06-04 21:31:32;2040.0;857.0;314690.4;28608.22;Тандер ЗАО (Ярославль РЦ);"ООО ""ВоронежАгро-М""";Ярославль;2025-06
Мас.Тандер.72,5%.180г.фол.12шт;2025-06-04 16:40:16;13260.0;857.0;2045487.6;185953.42;Тандер ЗАО (Ерзовка РЦ);"ООО ""ВоронежАгро-М""";Волгоград;2025-06
Мас.Тандер.72,5%.180г.фол.12шт;2025-06-04 16:40:13;6000.0;857.0;925560.0;84141.82;Тандер ЗАО (Ерзовка РЦ);"ООО ""ВоронежАгро-М""";Волгоград;2025-06
Мас.Тандер.72,5%.180г.фол.12шт;2025-06-04 11:50:18;5916.0;857.0;912602.16;82963.83;Тандер ЗАО (Дзержинск РЦ);"ООО ""ВоронежАгро-М""";Дзержинск;2025-06
Мас.Тандер.72,5%.180г.фол.12шт;2025-06-04 03:45:12;2400.0;857.0;370224.0;33656.73;Тандер ЗАО (Тула РЦ) ;"ООО ""ВоронежАгро-М""";Тула;2025-06
Мас.Тандер.72,5%.180г.фол.12шт;2025-06-03 20:25:39;1020.0;857.0;157345.2;14304.11;Тандер ЗАО (Тамбов РЦ);"ООО ""ВоронежАгро-М""";Тамбов;2025-06
Мас.Тандер.72,5%.180г.фол.12шт;2025-06-03 15:14:33;4488.0;857.0;692318.88;62938.08;Тандер ЗАО (Ногинск РЦ);"ООО ""ВоронежАгро-М""";Ногинск;2025-06
Мас.Тандер.72,5%.180г.фол.12шт;2025-06-03 09:42:41;5916.0;857.0;912602.16;82963.83;Тандер ЗАО (Мурманск РЦ);"ООО ""ВоронежАгро-М""";Мурманск;2025-06
Мас.Тандер.72,5%.180г.фол.12шт;2025-06-03 09:06:29;10608.0;857.0;1636390.08;148762.73;Тандер ЗАО (Воронеж РЦ);"ООО ""ВоронежАгро-М""";Воронеж;2025-06
Мас.Тандер.72,5%.180г.фол.12шт;2025-06-03 09:06:25;1800.0;857.0;277668.0;25242.55;Тандер ЗАО (Воронеж РЦ);"ООО ""ВоронежАгро-М""";Воронеж;2025-06
Мас.Тандер.72,5%.180г.фол.12шт;2025-06-02 09:54:38;1200.0;857.0;185112.0;16828.36;Тандер ЗАО (Дмитров РЦ) ;"ООО ""ВоронежАгро-М""";Дмитров;2025-06
Мас.Тандер.72,5%.180г.фол.12шт;2025-06-02 09:54:16;7344.0;857.0;1132885.44;102989.59;Тандер ЗАО (Дмитров РЦ) ;"ООО ""ВоронежАгро-М""";Дмитров;2025-06
Мас.Тандер.72,5%.180г.фол.12шт;2025-06-02 00:48:23;7344.0;857.0;1132885.44;102989.59;Тандер ЗАО (Тула РЦ) ;"ООО ""ВоронежАгро-М""";Тула;2025-06
Мас.Тандер.72,5%.180г.фол.12шт;2025-06-02 00:48:04;6732.0;857.0;1038478.32;94407.12;Тандер ЗАО (Тула РЦ) ;"ООО ""ВоронежАгро-М""";Тула;2025-06
Мас.Тандер.72,5%.180г.фол.12шт;2025-06-01 13:34:25;7344.0;857.0;1132885.44;102989.59;Тандер ЗАО (Ярославль РЦ);"ООО ""ВоронежАгро-М""";Ярославль;2025-06
Мас.Тандер.72,5%.180г.фол.12шт;2025-06-01 13:34:05;2856.0;857.0;440566.56;40051.51;Тандер ЗАО (Ярославль РЦ);"ООО ""ВоронежАгро-М""";Ярославль;2025-06
Мас.Тандер.72,5%.180г.фол.12шт;2025-05-31 11:00:57;11016.0;857.0;1699328.16;154484.38;Тандер ЗАО (Ерзовка РЦ);"ООО ""ВоронежАгро-М""";Волгоград;2025-05
Мас.Тандер.72,5%.180г.фол.12шт;2025-05-31 11:00:53;5712.0;857.0;881133.12;80103.01;Тандер ЗАО (Ерзовка РЦ);"ООО ""ВоронежАгро-М""";Волгоград;2025-05
Мас.Тандер.72,5%.180г.фол.12шт;2025-05-31 07:01:03;3876.0;857.0;597911.76;54355.61;Тандер ЗАО (Воронеж РЦ);"ООО ""ВоронежАгро-М""";Воронеж;2025-05
Мас.Тандер.72,5%.180г.фол.12шт;2025-05-31 03:27:07;3672.0;857.0;566442.72;51494.79;Тандер ЗАО (Тамбов РЦ);"ООО ""ВоронежАгро-М""";Тамбов;2025-05
Мас.Тандер.72,5%.180г.фол.12шт;2025-05-29 18:21:06;2856.0;857.0;440566.56;40051.51;Тандер ЗАО (Ногинск РЦ);"ООО ""ВоронежАгро-М""";Ногинск;2025-05
Мас.Тандер.72,5%.180г.фол.12шт;2025-05-29 12:33:36;4080.0;857.0;629380.8;57216.44;Тандер ЗАО (Дмитров РЦ) ;"ООО ""ВоронежАгро-М""";Дмитров;2025-05
Мас.Тандер.72,5%.180г.фол.12шт;2025-05-29 10:32:02;2040.0;857.0;314690.4;28608.22;Тандер ЗАО (Воронеж РЦ);"ООО ""ВоронежАгро-М""";Воронеж;2025-05
Мас.Тандер.72,5%.180г.фол.12шт;2025-05-29 10:02:39;2244.0;857.0;346159.44;31469.04;Тандер ЗАО (Дзержинск РЦ);"ООО ""ВоронежАгро-М""";Дзержинск;2025-05
Мас.Тандер.72,5%.180г.фол.12шт;2025-05-29 02:20:39;408.0;857.0;62938.08;5721.64;Тандер ЗАО (Тамбов РЦ);"ООО ""ВоронежАгро-М""";Тамбов;2025-05
Мас.Тандер.72,5%.180г.фол.12шт;2025-05-28 17:32:32;1836.0;857.0;283221.36;25747.4;Тандер ЗАО (Ерзовка РЦ);"ООО ""ВоронежАгро-М""";Волгоград;2025-05
Мас.Тандер.72,5%.180г.фол.12шт;2025-05-28 12:38:27;7344.0;857.0;1132885.44;102989.59;Тандер ЗАО (Ярославль РЦ);"ООО ""ВоронежАгро-М""";Ярославль;2025-05
Мас.Тандер.72,5%.180г.фол.12шт;2025-05-28 04:40:47;816.0;857.0;125876.16;11443.29;Тандер ЗАО (Тула РЦ) ;"ООО ""ВоронежАгро-М""";Тула;2025-05
Мас.Тандер.72,5%.180г.фол.12шт;2025-05-27 20:55:12;1836.0;857.0;283221.36;25747.4;Тандер ЗАО (Ногинск РЦ);"ООО ""ВоронежАгро-М""";Ногинск;2025-05
Мас.Тандер.72,5%.180г.фол.12шт;2025-05-27 09:17:21;3672.0;857.0;566442.72;51494.79;Тандер ЗАО (Мурманск РЦ);"ООО ""ВоронежАгро-М""";Мурманск;2025-05
Мас.Тандер.72,5%.180г.фол.12шт;2025-05-27 06:56:56;2244.0;857.0;346159.44;31469.04;Тандер ЗАО (Воронеж РЦ);"ООО ""ВоронежАгро-М""";Воронеж;2025-05
Мас.Тандер.72,5%.180г.фол.12шт;2025-05-27 00:02:35;1224.0;857.0;188814.24;17164.93;Тандер ЗАО (Дзержинск РЦ);"ООО ""ВоронежАгро-М""";Дзержинск;2025-05
Мас.Тандер.72,5%.180г.фол.12шт;2025-05-26 15:27:07;3060.0;857.0;472035.6;42912.33;Тандер ЗАО (Дмитров РЦ) ;"ООО ""ВоронежАгро-М""";Дмитров;2025-05
Мас.Тандер.72,5%.180г.фол.12шт;2025-05-25 11:32:08;6000.0;857.0;925560.0;84141.82;Тандер ЗАО (Ярославль РЦ);"ООО ""ВоронежАгро-М""";Ярославль;2025-05
Мас.Тандер.72,5%.180г.фол.12шт;2025-05-25 11:31:46;13464.0;857.0;2076956.64;188814.24;Тандер ЗАО (Ярославль РЦ);"ООО ""ВоронежАгро-М""";Ярославль;2025-05
Мас.Тандер.72,5%.180г.фол.12шт;2025-05-25 01:44:13;7344.0;857.0;1132885.44;102989.59;Тандер ЗАО (Тула РЦ) ;"ООО ""ВоронежАгро-М""";Тула;2025-05
Мас.Тандер.72,5%.180г.фол.12шт;2025-05-24 11:07:13;12036.0;857.0;1856673.36;168788.49;Тандер ЗАО (Ерзовка РЦ);"ООО ""ВоронежАгро-М""";Волгоград;2025-05
Мас.Тандер.72,5%.180г.фол.12шт;2025-05-24 06:50:27;6936.0;857.0;1069947.36;97267.94;Тандер ЗАО (Воронеж РЦ);"ООО ""ВоронежАгро-М""";Воронеж;2025-05
Мас.Тандер.72,5%.180г.фол.12шт;2025-05-24 03:53:13;3264.0;857.0;503504.64;45773.15;Тандер ЗАО (Тамбов РЦ);"ООО ""ВоронежАгро-М""";Тамбов;2025-05
Мас.Тандер.72,5%.180г.фол.12шт;2025-05-22 12:36:16;5100.0;857.0;786726.0;71520.55;Тандер ЗАО (Ногинск РЦ);"ООО ""ВоронежАгро-М""";Ногинск;2025-05
Мас.Тандер.72,5%.180г.фол.12шт;2025-05-22 09:57:12;7140.0;857.0;1101416.4;100128.76;Тандер ЗАО (Дмитров РЦ) ;"ООО ""ВоронежАгро-М""";Дмитров;2025-05
Мас.Тандер.72,5%.180г.фол.12шт;2025-05-22 08:39:17;2448.0;857.0;377628.48;34329.86;Тандер ЗАО (Дзержинск РЦ);"ООО ""ВоронежАгро-М""";Дзержинск;2025-05
Мас.Тандер.72,5%.180г.фол.12шт;2025-05-22 05:37:32;2448.0;857.0;377628.48;34329.86;Тандер ЗАО (Воронеж РЦ);"ООО ""ВоронежАгро-М""";Воронеж;2025-05
Мас.Тандер.72,5%.180г.фол.12шт;2025-05-22 01:11:22;408.0;857.0;62938.08;5721.64;Тандер ЗАО (Тамбов РЦ);"ООО ""ВоронежАгро-М""";Тамбов;2025-05
Мас.Тандер.72,5%.180г.фол.12шт;2025-05-21 12:04:37;5916.0;857.0;912602.16;82963.83;Тандер ЗАО (Ерзовка РЦ);"ООО ""ВоронежАгро-М""";Волгоград;2025-05
Мас.Тандер.72,5%.180г.фол.12шт;2025-05-21 06:17:52;6528.0;857.0;1007009.28;91546.3;Тандер ЗАО (Ярославль РЦ);"ООО ""ВоронежАгро-М""";Ярославль;2025-05
Мас.Тандер.72,5%.180г.фол.12шт;2025-05-21 04:26:48;3876.0;857.0;597911.76;54355.61;Тандер ЗАО (Тула РЦ) ;"ООО ""ВоронежАгро-М""";Тула;2025-05
Мас.Тандер.72,5%.180г.фол.12шт;2025-05-20 19:23:11;11016.0;857.0;1699328.16;154484.38;Тандер ЗАО (Мурманск РЦ);"ООО ""ВоронежАгро-М""";Мурманск;2025-05
Мас.Тандер.72,5%.180г.фол.12шт;2025-05-20 19:23:07;3876.0;857.0;597911.76;54355.61;Тандер ЗАО (Ногинск РЦ);"ООО ""ВоронежАгро-М""";Ногинск;2025-05
Мас.Тандер.72,5%.180г.фол.12шт;2025-05-20 06:08:23;3468.0;857.0;534973.68;48633.97;Тандер ЗАО (Воронеж РЦ);"ООО ""ВоронежАгро-М""";Воронеж;2025-05
Мас.Тандер.72,5%.180г.фол.12шт;2025-05-20 03:31:54;2040.0;857.0;314690.4;28608.22;Тандер ЗАО (Тамбов РЦ);"ООО ""ВоронежАгро-М""";Тамбов;2025-05
Мас.Тандер.72,5%.180г.фол.12шт;2025-05-20 03:13:14;1836.0;857.0;283221.36;25747.4;Тандер ЗАО (Дзержинск РЦ);"ООО ""ВоронежАгро-М""";Дзержинск;2025-05
Мас.Тандер.72,5%.180г.фол.12шт;2025-05-19 08:51:00;7956.0;857.0;1227292.56;111572.05;Тандер ЗАО (Дмитров РЦ) ;"ООО ""ВоронежАгро-М""";Дмитров;2025-05
Мас.Тандер.72,5%.180г.фол.12шт;2025-05-18 05:53:48;6732.0;857.0;1038478.32;94407.12;Тандер ЗАО (Ярославль РЦ);"ООО ""ВоронежАгро-М""";Ярославль;2025-05
Мас.Тандер.72,5%.180г.фол.12шт;2025-05-18 00:03:49;1224.0;857.0;188814.24;17164.93;Тандер ЗАО (Тула РЦ) ;"ООО ""ВоронежАгро-М""";Тула;2025-05
Мас.Тандер.72,5%.180г.фол.12шт;2025-05-17 10:42:08;9588.0;857.0;1479044.88;134458.63;Тандер ЗАО (Ерзовка РЦ);"ООО ""ВоронежАгро-М""";Волгоград;2025-05
Мас.Тандер.72,5%.180г.фол.12шт;2025-05-17 06:22:18;2652.0;857.0;409097.52;37190.68;Тандер ЗАО (Воронеж РЦ);"ООО ""ВоронежАгро-М""";Воронеж;2025-05
Мас.Тандер.72,5%.180г.фол.12шт;2025-05-17 00:03:10;816.0;857.0;125876.16;11443.29;Тандер ЗАО (Тамбов РЦ);"ООО ""ВоронежАгро-М""";Тамбов;2025-05
Мас.Тандер.72,5%.180г.фол.12шт;2025-05-16 10:27:24;1632.0;857.0;251752.32;22886.57;Тандер ЗАО (Ногинск РЦ);"ООО ""ВоронежАгро-М""";Ногинск;2025-05
Мас.Тандер.72,5%.180г.фол.12шт;2025-05-15 11:38:33;1020.0;857.0;157345.2;14304.11;Тандер ЗАО (Дзержинск РЦ);"ООО ""ВоронежАгро-М""";Дзержинск;2025-05
Мас.Тандер.72,5%.180г.фол.12шт;2025-05-15 11:14:00;2652.0;857.0;409097.52;37190.68;Тандер ЗАО (Дмитров РЦ) ;"ООО ""ВоронежАгро-М""";Дмитров;2025-05
Мас.Тандер.72,5%.180г.фол.12шт;2025-05-15 06:27:28;2652.0;857.0;409097.52;37190.68;Тандер ЗАО (Воронеж РЦ);"ООО ""ВоронежАгро-М""";Воронеж;2025-05
Мас.Тандер.72,5%.180г.фол.12шт;2025-05-15 03:21:10;1020.0;857.0;157345.2;14304.11;Тандер ЗАО (Тамбов РЦ);"ООО ""ВоронежАгро-М""";Тамбов;2025-05
Мас.Тандер.72,5%.180г.фол.12шт;2025-05-14 13:08:23;4488.0;857.0;692318.88;62938.08;Тандер ЗАО (Ерзовка РЦ);"ООО ""ВоронежАгро-М""";Волгоград;2025-05
Мас.Тандер.72,5%.180г.фол.12шт;2025-05-14 02:38:45;3876.0;857.0;597911.76;54355.61;Тандер ЗАО (Тула РЦ) ;"ООО ""ВоронежАгро-М""";Тула;2025-05
Мас.Тандер.72,5%.180г.фол.12шт;2025-05-13 18:34:00;2040.0;857.0;314690.4;28608.22;Тандер ЗАО (Ногинск РЦ);"ООО ""ВоронежАгро-М""";Ногинск;2025-05
Мас.Тандер.72,5%.180г.фол.12шт;2025-05-13 16:49:03;4692.0;857.0;723787.92;65798.9;Тандер ЗАО (Ярославль РЦ);"ООО ""ВоронежАгро-М""";Ярославль;2025-05
Мас.Тандер.72,5%.180г.фол.12шт;2025-05-13 04:49:06;3672.0;857.0;566442.72;51494.79;Тандер ЗАО (Мурманск РЦ);"ООО ""ВоронежАгро-М""";Мурманск;2025-05
Мас.Тандер.72,5%.180г.фол.12шт;2025-05-13 00:03:55;408.0;857.0;62938.08;5721.64;Тандер ЗАО (Воронеж РЦ);"ООО ""ВоронежАгро-М""";Воронеж;2025-05
Мас.Тандер.72,5%.180г.фол.12шт;2025-05-13 00:01:42;1224.0;857.0;188814.24;17164.93;Тандер ЗАО (Тамбов РЦ);"ООО ""ВоронежАгро-М""";Тамбов;2025-05
Мас.Тандер.72,5%.180г.фол.12шт;2025-05-12 09:38:10;1632.0;857.0;251752.32;22886.57;Тандер ЗАО (Дмитров РЦ) ;"ООО ""ВоронежАгро-М""";Дмитров;2025-05
Мас.Тандер.72,5%.180г.фол.12шт;2025-05-11 14:30:39;3264.0;857.0;503504.64;45773.15;Тандер ЗАО (Ярославль РЦ);"ООО ""ВоронежАгро-М""";Ярославль;2025-05
Мас.Тандер.72,5%.180г.фол.12шт;2025-05-11 05:44:45;816.0;857.0;125876.16;11443.29;Тандер ЗАО (Тула РЦ) ;"ООО ""ВоронежАгро-М""";Тула;2025-05
Мас.Тандер.72,5%.180г.фол.12шт;2025-05-10 13:34:53;5712.0;857.0;881133.12;80103.01;Тандер ЗАО (Ерзовка РЦ);"ООО ""ВоронежАгро-М""";Волгоград;2025-05
Мас.Тандер.72,5%.180г.фол.12шт;2025-05-10 06:58:45;4488.0;857.0;692318.88;62938.08;Тандер ЗАО (Воронеж РЦ);"ООО ""ВоронежАгро-М""";Воронеж;2025-05
Мас.Тандер.72,5%.180г.фол.12шт;2025-05-10 01:38:56;408.0;857.0;62938.08;5721.64;Тандер ЗАО (Тамбов РЦ);"ООО ""ВоронежАгро-М""";Тамбов;2025-05
Мас.Тандер.72,5%.180г.фол.12шт;2025-05-09 09:05:30;408.0;857.0;62938.08;5721.64;Тандер ЗАО (Ногинск РЦ);"ООО ""ВоронежАгро-М""";Ногинск;2025-05
Мас.Тандер.72,5%.180г.фол.12шт;2025-05-09 02:49:06;1020.0;857.0;157345.2;14304.11;Тандер ЗАО (Тамбов РЦ);"ООО ""ВоронежАгро-М""";Тамбов;2025-05
Мас.Тандер.72,5%.180г.фол.12шт;2025-05-08 11:34:25;4284.0;857.0;660849.84;60077.26;Тандер ЗАО (Дмитров РЦ) ;"ООО ""ВоронежАгро-М""";Дмитров;2025-05
Мас.Тандер.72,5%.180г.фол.12шт;2025-05-08 06:25:31;2856.0;857.0;440566.56;40051.51;Тандер ЗАО (Воронеж РЦ);"ООО ""ВоронежАгро-М""";Воронеж;2025-05
Мас.Тандер.72,5%.180г.фол.12шт;2025-05-08 00:41:17;2652.0;857.0;409097.52;37190.68;Тандер ЗАО (Дзержинск РЦ);"ООО ""ВоронежАгро-М""";Дзержинск;2025-05
Мас.Тандер.72,5%.180г.фол.12шт;2025-05-07 10:40:58;5508.0;857.0;849664.08;77242.19;Тандер ЗАО (Ерзовка РЦ);"ООО ""ВоронежАгро-М""";Волгоград;2025-05
Мас.Тандер.72,5%.180г.фол.12шт;2025-05-07 01:44:32;7344.0;857.0;1132885.44;102989.59;Тандер ЗАО (Ярославль РЦ);"ООО ""ВоронежАгро-М""";Ярославль;2025-05
Мас.Тандер.72,5%.180г.фол.12шт;2025-05-07 00:44:20;3264.0;857.0;503504.64;45773.15;Тандер ЗАО (Тула РЦ) ;"ООО ""ВоронежАгро-М""";Тула;2025-05
Мас.Тандер.72,5%.180г.фол.12шт;2025-05-06 10:03:13;3672.0;857.0;566442.72;51494.79;Тандер ЗАО (Мурманск РЦ);"ООО ""ВоронежАгро-М""";Мурманск;2025-05
Мас.Тандер.72,5%.180г.фол.12шт;2025-05-06 10:03:09;2244.0;857.0;346159.44;31469.04;Тандер ЗАО (Ногинск РЦ);"ООО ""ВоронежАгро-М""";Ногинск;2025-05
Мас.Тандер.72,5%.180г.фол.12шт;2025-05-06 04:58:53;2244.0;857.0;346159.44;31469.04;Тандер ЗАО (Воронеж РЦ);"ООО ""ВоронежАгро-М""";Воронеж;2025-05
Мас.Тандер.72,5%.180г.фол.12шт;2025-05-05 22:44:32;816.0;857.0;125876.16;11443.29;Тандер ЗАО (Дзержинск РЦ);"ООО ""ВоронежАгро-М""";Дзержинск;2025-05
Мас.Тандер.72,5%.180г.фол.12шт;2025-05-05 22:44:06;612.0;857.0;94407.12;8582.47;Тандер ЗАО (Тамбов РЦ);"ООО ""ВоронежАгро-М""";Тамбов;2025-05
Мас.Тандер.72,5%.180г.фол.12шт;2025-05-05 09:55:47;1428.0;857.0;220283.28;20025.75;Тандер ЗАО (Дмитров РЦ) ;"ООО ""ВоронежАгро-М""";Дмитров;2025-05
Мас.Тандер.72,5%.180г.фол.12шт;2025-05-03 22:28:49;3264.0;857.0;503504.64;45773.15;Тандер ЗАО (Ярославль РЦ);"ООО ""ВоронежАгро-М""";Ярославль;2025-05
Мас.Тандер.72,5%.180г.фол.12шт;2025-05-03 22:28:33;1020.0;857.0;157345.2;14304.11;Тандер ЗАО (Тула РЦ) ;"ООО ""ВоронежАгро-М""";Тула;2025-05
Мас.Тандер.72,5%.180г.фол.12шт;2025-05-03 10:08:51;2856.0;857.0;440566.56;40051.51;Тандер ЗАО (Ерзовка РЦ);"ООО ""ВоронежАгро-М""";Волгоград;2025-05
Мас.Тандер.72,5%.180г.фол.12шт;2025-05-03 07:02:19;204.0;857.0;31469.04;2860.82;Тандер ЗАО (Воронеж РЦ);"ООО ""ВоронежАгро-М""";Воронеж;2025-05
Мас.Тандер.72,5%.180г.фол.12шт;2025-05-03 02:30:08;816.0;857.0;125876.16;11443.29;Тандер ЗАО (Тамбов РЦ);"ООО ""ВоронежАгро-М""";Тамбов;2025-05
Мас.Тандер.72,5%.180г.фол.12шт;2025-05-01 17:58:02;408.0;857.0;62938.08;5721.64;Тандер ЗАО (Дзержинск РЦ);"ООО ""ВоронежАгро-М""";Дзержинск;2025-05
Мас.Тандер.72,5%.180г.фол.12шт;2025-04-30 20:42:20;1632.0;857.0;251752.32;22886.57;Тандер ЗАО (Дмитров РЦ) ;"ООО ""ВоронежАгро-М""";Дмитров;2025-04
Мас.Тандер.72,5%.180г.фол.12шт;2025-04-30 18:48:22;1632.0;857.0;251752.32;22886.57;Тандер ЗАО (Ярославль РЦ);"ООО ""ВоронежАгро-М""";Ярославль;2025-04
Мас.Тандер.72,5%.180г.фол.12шт;2025-04-29 14:04:19;2244.0;857.0;346159.44;31469.04;Тандер ЗАО (Ногинск РЦ);"ООО ""ВоронежАгро-М""";Ногинск;2025-04
Мас.Тандер.72,5%.180г.фол.12шт;2025-04-28 13:29:26;5916.0;857.0;912602.16;82963.83;Тандер ЗАО (Тула РЦ) ;"ООО ""ВоронежАгро-М""";Тула;2025-04
Мас.Тандер.72,5%.180г.фол.12шт;2025-04-28 10:20:21;4692.0;857.0;723787.92;65798.9;Тандер ЗАО (Дмитров РЦ) ;"ООО ""ВоронежАгро-М""";Дмитров;2025-04
Мас.Тандер.72,5%.180г.фол.12шт;2025-04-27 09:28:56;6324.0;857.0;975540.24;88685.48;Тандер ЗАО (Ярославль РЦ);"ООО ""ВоронежАгро-М""";Ярославль;2025-04
Мас.Тандер.72,5%.180г.фол.12шт;2025-04-26 15:14:59;14892.0;857.0;2297239.92;208839.99;Тандер ЗАО (Ерзовка РЦ);"ООО ""ВоронежАгро-М""";Волгоград;2025-04
Мас.Тандер.72,5%.180г.фол.12шт;2025-04-26 07:32:27;8364.0;857.0;1290230.64;117293.69;Тандер ЗАО (Воронеж РЦ);"ООО ""ВоронежАгро-М""";Воронеж;2025-04
Мас.Тандер.72,5%.180г.фол.12шт;2025-04-26 04:06:21;2652.0;857.0;409097.52;37190.68;Тандер ЗАО (Тамбов РЦ);"ООО ""ВоронежАгро-М""";Тамбов;2025-04
Мас.Тандер.72,5%.180г.фол.12шт;2025-04-25 13:41:41;1428.0;857.0;220283.28;20025.75;Тандер ЗАО (Ногинск РЦ);"ООО ""ВоронежАгро-М""";Ногинск;2025-04
Мас.Тандер.72,5%.180г.фол.12шт;2025-04-25 03:16:09;816.0;857.0;125876.16;11443.29;Тандер ЗАО (Тамбов РЦ);"ООО ""ВоронежАгро-М""";Тамбов;2025-04
Мас.Тандер.72,5%.180г.фол.12шт;2025-04-24 13:24:00;3672.0;857.0;566442.72;51494.79;Тандер ЗАО (Дзержинск РЦ);"ООО ""ВоронежАгро-М""";Дзержинск;2025-04
Мас.Тандер.72,5%.180г.фол.12шт;2025-04-24 10:48:10;6120.0;857.0;944071.2;85824.65;Тандер ЗАО (Дмитров РЦ) ;"ООО ""ВоронежАгро-М""";Дмитров;2025-04
Мас.Тандер.72,5%.180г.фол.12шт;2025-04-24 06:26:59;4284.0;857.0;660849.84;60077.26;Тандер ЗАО (Воронеж РЦ);"ООО ""ВоронежАгро-М""";Воронеж;2025-04
Мас.Тандер.72,5%.180г.фол.12шт;2025-04-23 18:53:09;7548.0;857.0;1164354.48;105850.41;Тандер ЗАО (Ерзовка РЦ);"ООО ""ВоронежАгро-М""";Волгоград;2025-04
Мас.Тандер.72,5%.180г.фол.12шт;2025-04-23 13:12:03;9384.0;857.0;1447575.84;131597.8;Тандер ЗАО (Тула РЦ) ;"ООО ""ВоронежАгро-М""";Тула;2025-04
Мас.Тандер.72,5%.180г.фол.12шт;2025-04-23 08:39:01;9384.0;857.0;1447575.84;131597.8;Тандер ЗАО (Ярославль РЦ);"ООО ""ВоронежАгро-М""";Ярославль;2025-04
Мас.Тандер.72,5%.180г.фол.12шт;2025-04-22 23:28:01;7344.0;857.0;1132885.44;102989.59;Тандер ЗАО (Мурманск РЦ);"ООО ""ВоронежАгро-М""";Мурманск;2025-04
Мас.Тандер.72,5%.180г.фол.12шт;2025-04-22 23:27:56;3876.0;857.0;597911.76;54355.61;Тандер ЗАО (Ногинск РЦ);"ООО ""ВоронежАгро-М""";Ногинск;2025-04
Мас.Тандер.72,5%.180г.фол.12шт;2025-04-22 10:17:30;10404.0;857.0;1604921.04;145901.91;Тандер ЗАО (Воронеж РЦ);"ООО ""ВоронежАгро-М""";Воронеж;2025-04
Мас.Тандер.72,5%.180г.фол.12шт;2025-04-22 04:05:35;2448.0;857.0;377628.48;34329.86;Тандер ЗАО (Тамбов РЦ);"ООО ""ВоронежАгро-М""";Тамбов;2025-04
Мас.Тандер.72,5%.180г.фол.12шт;2025-04-21 22:40:21;3876.0;857.0;597911.76;54355.61;Тандер ЗАО (Дзержинск РЦ);"ООО ""ВоронежАгро-М""";Дзержинск;2025-04
Мас.Тандер.72,5%.180г.фол.12шт;2025-04-21 12:17:16;5304.0;857.0;818195.04;74381.37;Тандер ЗАО (Дмитров РЦ) ;"ООО ""ВоронежАгро-М""";Дмитров;2025-04
Мас.Тандер.72,5%.180г.фол.12шт;2025-04-20 17:55:13;8364.0;857.0;1290230.64;117293.69;Тандер ЗАО (Ярославль РЦ);"ООО ""ВоронежАгро-М""";Ярославль;2025-04
Мас.Тандер.72,5%.180г.фол.12шт;2025-04-20 04:36:48;612.0;857.0;94407.12;8582.47;Тандер ЗАО (Тула РЦ) ;"ООО ""ВоронежАгро-М""";Тула;2025-04
Мас.Тандер.72,5%.180г.фол.12шт;2025-04-19 21:57:32;8832.0;857.0;1362424.32;123856.76;Тандер ЗАО (Ерзовка РЦ);"ООО ""ВоронежАгро-М""";Волгоград;2025-04
Мас.Тандер.72,5%.180г.фол.12шт;2025-04-19 08:09:11;3672.0;857.0;566442.72;51494.79;Тандер ЗАО (Воронеж РЦ);"ООО ""ВоронежАгро-М""";Воронеж;2025-04
Мас.Тандер.72,5%.180г.фол.12шт;2025-04-19 02:13:19;2040.0;857.0;314690.4;28608.22;Тандер ЗАО (Тамбов РЦ);"ООО ""ВоронежАгро-М""";Тамбов;2025-04
Мас.Тандер.72,5%.180г.фол.12шт;2025-04-17 22:46:47;3264.0;857.0;503504.64;45773.15;Тандер ЗАО (Ногинск РЦ);"ООО ""ВоронежАгро-М""";Ногинск;2025-04
Мас.Тандер.72,5%.180г.фол.12шт;2025-04-17 11:24:59;1428.0;857.0;220283.28;20025.75;Тандер ЗАО (Дмитров РЦ) ;"ООО ""ВоронежАгро-М""";Дмитров;2025-04
Мас.Тандер.72,5%.180г.фол.12шт;2025-04-17 06:27:20;1632.0;857.0;251752.32;22886.57;Тандер ЗАО (Воронеж РЦ);"ООО ""ВоронежАгро-М""";Воронеж;2025-04
Мас.Тандер.72,5%.180г.фол.12шт;2025-04-17 04:01:50;204.0;857.0;31469.04;2860.82;Тандер ЗАО (Тамбов РЦ);"ООО ""ВоронежАгро-М""";Тамбов;2025-04
Мас.Тандер.72,5%.180г.фол.12шт;2025-04-16 20:17:45;204.0;857.0;31469.04;2860.82;Тандер ЗАО (Дзержинск РЦ);"ООО ""ВоронежАгро-М""";Дзержинск;2025-04
Мас.Тандер.72,5%.180г.фол.12шт;2025-04-16 17:59:19;3672.0;857.0;566442.72;51494.79;Тандер ЗАО (Ерзовка РЦ);"ООО ""ВоронежАгро-М""";Волгоград;2025-04
Мас.Тандер.72,5%.180г.фол.12шт;2025-04-16 03:50:20;5916.0;857.0;912602.16;82963.83;Тандер ЗАО (Ярославль РЦ);"ООО ""ВоронежАгро-М""";Ярославль;2025-04
Мас.Тандер.72,5%.180г.фол.12шт;2025-04-16 02:51:31;4080.0;857.0;629380.8;57216.44;Тандер ЗАО (Тула РЦ) ;"ООО ""ВоронежАгро-М""";Тула;2025-04
Мас.Тандер.72,5%.180г.фол.12шт;2025-04-15 15:22:47;3672.0;857.0;566442.72;51494.79;Тандер ЗАО (Мурманск РЦ);"ООО ""ВоронежАгро-М""";Мурманск;2025-04
Мас.Тандер.72,5%.180г.фол.12шт;2025-04-15 15:22:42;612.0;857.0;94407.12;8582.47;Тандер ЗАО (Ногинск РЦ);"ООО ""ВоронежАгро-М""";Ногинск;2025-04
Мас.Тандер.72,5%.180г.фол.12шт;2025-04-15 06:49:22;1224.0;857.0;188814.24;17164.93;Тандер ЗАО (Воронеж РЦ);"ООО ""ВоронежАгро-М""";Воронеж;2025-04
Мас.Тандер.72,5%.180г.фол.12шт;2025-04-15 04:18:20;1632.0;857.0;251752.32;22886.57;Тандер ЗАО (Тамбов РЦ);"ООО ""ВоронежАгро-М""";Тамбов;2025-04
Мас.Тандер.72,5%.180г.фол.12шт;2025-04-14 10:22:51;2244.0;857.0;346159.44;31469.04;Тандер ЗАО (Дмитров РЦ) ;"ООО ""ВоронежАгро-М""";Дмитров;2025-04
Мас.Тандер.72,5%.180г.фол.12шт;2025-04-13 05:33:52;2040.0;857.0;314690.4;28608.22;Тандер ЗАО (Тула РЦ) ;"ООО ""ВоронежАгро-М""";Тула;2025-04
Мас.Тандер.72,5%.180г.фол.12шт;2025-04-13 05:33:47;2244.0;857.0;346159.44;31469.04;Тандер ЗАО (Ярославль РЦ);"ООО ""ВоронежАгро-М""";Ярославль;2025-04
Мас.Тандер.72,5%.180г.фол.12шт;2025-04-13 02:39:52;6936.0;857.0;1069947.36;97267.94;Тандер ЗАО (Ерзовка РЦ);"ООО ""ВоронежАгро-М""";Волгоград;2025-04
Мас.Тандер.72,5%.180г.фол.12шт;2025-04-12 06:44:57;6732.0;857.0;1038478.32;94407.12;Тандер ЗАО (Воронеж РЦ);"ООО ""ВоронежАгро-М""";Воронеж;2025-04
Мас.Тандер.72,5%.180г.фол.12шт;2025-04-12 05:50:55;408.0;857.0;62938.08;5721.64;Тандер ЗАО (Тамбов РЦ);"ООО ""ВоронежАгро-М""";Тамбов;2025-04
Мас.Тандер.72,5%.180г.фол.12шт;2025-04-10 13:53:15;1428.0;857.0;220283.28;20025.75;Тандер ЗАО (Ногинск РЦ);"ООО ""ВоронежАгро-М""";Ногинск;2025-04
Мас.Тандер.72,5%.180г.фол.12шт;2025-04-10 10:44:28;3060.0;857.0;472035.6;42912.33;Тандер ЗАО (Дзержинск РЦ);"ООО ""ВоронежАгро-М""";Дзержинск;2025-04
Мас.Тандер.72,5%.180г.фол.12шт;2025-04-10 09:45:49;5100.0;857.0;786726.0;71520.55;Тандер ЗАО (Дмитров РЦ) ;"ООО ""ВоронежАгро-М""";Дмитров;2025-04
Мас.Тандер.72,5%.180г.фол.12шт;2025-04-10 07:10:48;2448.0;857.0;377628.48;34329.86;Тандер ЗАО (Воронеж РЦ);"ООО ""ВоронежАгро-М""";Воронеж;2025-04
Мас.Тандер.72,5%.180г.фол.12шт;2025-04-10 01:11:39;816.0;857.0;125876.16;11443.29;Тандер ЗАО (Тамбов РЦ);"ООО ""ВоронежАгро-М""";Тамбов;2025-04
Мас.Тандер.72,5%.180г.фол.12шт;2025-04-09 13:52:55;3876.0;857.0;597911.76;54355.61;Тандер ЗАО (Ерзовка РЦ);"ООО ""ВоронежАгро-М""";Волгоград;2025-04
Мас.Тандер.72,5%.180г.фол.12шт;2025-04-09 04:42:41;4488.0;857.0;692318.88;62938.08;Тандер ЗАО (Ярославль РЦ);"ООО ""ВоронежАгро-М""";Ярославль;2025-04
Мас.Тандер.72,5%.180г.фол.12шт;2025-04-08 23:16:23;5100.0;857.0;786726.0;71520.55;Тандер ЗАО (Тула РЦ) ;"ООО ""ВоронежАгро-М""";Тула;2025-04
Мас.Тандер.72,5%.180г.фол.12шт;2025-04-08 13:09:50;2652.0;857.0;409097.52;37190.68;Тандер ЗАО (Ногинск РЦ);"ООО ""ВоронежАгро-М""";Ногинск;2025-04
Мас.Тандер.72,5%.180г.фол.12шт;2025-04-08 10:27:22;3672.0;857.0;566442.72;51494.79;Тандер ЗАО (Мурманск РЦ);"ООО ""ВоронежАгро-М""";Мурманск;2025-04
Мас.Тандер.72,5%.180г.фол.12шт;2025-04-08 08:17:43;1632.0;857.0;251752.32;22886.57;Тандер ЗАО (Воронеж РЦ);"ООО ""ВоронежАгро-М""";Воронеж;2025-04
Мас.Тандер.72,5%.180г.фол.12шт;2025-04-07 22:34:08;1224.0;857.0;188814.24;17164.93;Тандер ЗАО (Тамбов РЦ);"ООО ""ВоронежАгро-М""";Тамбов;2025-04
Мас.Тандер.72,5%.180г.фол.12шт;2025-04-07 11:21:50;3672.0;917.61;606504.24;55136.75;Тандер ЗАО (Тула РЦ) ;"ООО ""ВоронежАгро-М""";Тула;2025-04
Мас.Тандер.72,5%.180г.фол.12шт;2025-04-07 09:04:52;2244.0;857.0;346159.44;31469.04;Тандер ЗАО (Дмитров РЦ) ;"ООО ""ВоронежАгро-М""";Дмитров;2025-04
Мас.Тандер.72,5%.180г.фол.12шт;2025-04-06 05:58:43;3264.0;917.61;539114.88;49010.44;Тандер ЗАО (Ярославль РЦ);"ООО ""ВоронежАгро-М""";Ярославль;2025-04
Мас.Тандер.72,5%.180г.фол.12шт;2025-04-05 12:58:12;6120.0;917.61;1010840.4;91894.58;Тандер ЗАО (Ерзовка РЦ);"ООО ""ВоронежАгро-М""";Волгоград;2025-04
Мас.Тандер.72,5%.180г.фол.12шт;2025-04-05 06:29:50;4692.0;917.61;774977.64;70452.51;Тандер ЗАО (Воронеж РЦ);"ООО ""ВоронежАгро-М""";Воронеж;2025-04
Мас.Тандер.72,5%.180г.фол.12шт;2025-04-05 04:13:07;1836.0;917.61;303252.12;27568.37;Тандер ЗАО (Тамбов РЦ);"ООО ""ВоронежАгро-М""";Тамбов;2025-04
Мас.Тандер.72,5%.180г.фол.12шт;2025-04-03 09:12:32;3672.0;917.61;606504.24;55136.75;Тандер ЗАО (Дмитров РЦ) ;"ООО ""ВоронежАгро-М""";Дмитров;2025-04
Мас.Тандер.72,5%.180г.фол.12шт;2025-04-03 03:39:43;2244.0;917.61;370641.48;33694.68;Тандер ЗАО (Воронеж РЦ);"ООО ""ВоронежАгро-М""";Воронеж;2025-04
Мас.Тандер.72,5%.180г.фол.12шт;2025-04-03 02:59:59;2244.0;917.61;370641.48;33694.68;Тандер ЗАО (Ногинск РЦ);"ООО ""ВоронежАгро-М""";Ногинск;2025-04
Мас.Тандер.72,5%.180г.фол.12шт;2025-04-03 00:25:09;204.0;917.61;33694.68;3063.15;Тандер ЗАО (Тамбов РЦ);"ООО ""ВоронежАгро-М""";Тамбов;2025-04
Мас.Тандер.72,5%.180г.фол.12шт;2025-04-02 21:42:31;2856.0;917.61;471725.52;42884.14;Тандер ЗАО (Дзержинск РЦ);"ООО ""ВоронежАгро-М""";Дзержинск;2025-04
Мас.Тандер.72,5%.180г.фол.12шт;2025-04-02 16:02:35;2652.0;917.61;438030.84;39820.99;Тандер ЗАО (Ногинск РЦ);"ООО ""ВоронежАгро-М""";Ногинск;2025-04
Мас.Тандер.72,5%.180г.фол.12шт;2025-04-02 15:03:52;4692.0;917.61;774977.64;70452.51;Тандер ЗАО (Ерзовка РЦ);"ООО ""ВоронежАгро-М""";Волгоград;2025-04
Мас.Тандер.72,5%.180г.фол.12шт;2025-04-02 11:14:16;7752.0;917.61;1280397.84;116399.8;Тандер ЗАО (Ярославль РЦ);"ООО ""ВоронежАгро-М""";Ярославль;2025-04
Мас.Тандер.72,5%.180г.фол.12шт;2025-04-02 05:44:25;3468.0;917.61;572809.56;52073.6;Тандер ЗАО (Тула РЦ) ;"ООО ""ВоронежАгро-М""";Тула;2025-04
Мас.Тандер.72,5%.180г.фол.12шт;2025-04-01 17:45:24;408.0;917.61;67389.36;6126.31;Тандер ЗАО (Дзержинск РЦ);"ООО ""ВоронежАгро-М""";Дзержинск;2025-04
Мас.Тандер.72,5%.180г.фол.12шт;2025-04-01 09:56:15;3672.0;917.61;606504.24;55136.75;Тандер ЗАО (Мурманск РЦ);"ООО ""ВоронежАгро-М""";Мурманск;2025-04
Мас.Тандер.72,5%.180г.фол.12шт;2025-04-01 09:23:25;5916.0;917.61;977145.72;88831.43;Тандер ЗАО (Воронеж РЦ);"ООО ""ВоронежАгро-М""";Воронеж;2025-04
Мас.Тандер.72,5%.180г.фол.12шт;2025-04-01 03:20:23;1836.0;917.61;303252.12;27568.37;Тандер ЗАО (Тамбов РЦ);"ООО ""ВоронежАгро-М""";Тамбов;2025-04
Мас.Тандер.72,5%.180г.фол.12шт;2025-03-31 18:44:59;2448.0;917.61;404336.16;36757.83;Тандер ЗАО (Дмитров РЦ) ;"ООО ""ВоронежАгро-М""";Дмитров;2025-03
Мас.Тандер.72,5%.180г.фол.12шт;2025-03-30 10:45:07;2448.0;917.61;404336.16;36757.83;Тандер ЗАО (Ногинск РЦ);"ООО ""ВоронежАгро-М""";Ногинск;2025-03
Мас.Тандер.72,5%.180г.фол.12шт;2025-03-29 23:20:22;612.0;917.61;101084.04;9189.46;Тандер ЗАО (Ярославль РЦ);"ООО ""ВоронежАгро-М""";Ярославль;2025-03
Мас.Тандер.72,5%.180г.фол.12шт;2025-03-29 23:20:03;4896.0;917.61;808672.32;73515.67;Тандер ЗАО (Тула РЦ) ;"ООО ""ВоронежАгро-М""";Тула;2025-03
Мас.Тандер.72,5%.180г.фол.12шт;2025-03-29 16:56:28;7548.0;917.61;1246703.16;113336.65;Тандер ЗАО (Ерзовка РЦ);"ООО ""ВоронежАгро-М""";Волгоград;2025-03
Мас.Тандер.72,5%.180г.фол.12шт;2025-03-29 08:36:22;612.0;917.61;101084.04;9189.46;Тандер ЗАО (Воронеж РЦ);"ООО ""ВоронежАгро-М""";Воронеж;2025-03
Мас.Тандер.72,5%.180г.фол.12шт;2025-03-29 03:57:59;408.0;917.61;67389.36;6126.31;Тандер ЗАО (Тамбов РЦ);"ООО ""ВоронежАгро-М""";Тамбов;2025-03
Мас.Тандер.72,5%.180г.фол.12шт;2025-03-27 16:21:47;5508.0;917.61;909756.36;82705.12;Тандер ЗАО (Дмитров РЦ) ;"ООО ""ВоронежАгро-М""";Дмитров;2025-03
Мас.Тандер.72,5%.180г.фол.12шт;2025-03-27 11:13:27;3468.0;917.61;572809.56;52073.6;Тандер ЗАО (Дзержинск РЦ);"ООО ""ВоронежАгро-М""";Дзержинск;2025-03
Мас.Тандер.72,5%.180г.фол.12шт;2025-03-27 11:04:34;8772.0;917.61;1448871.24;131715.57;Тандер ЗАО (Воронеж РЦ);"ООО ""ВоронежАгро-М""";Воронеж;2025-03
Мас.Тандер.72,5%.180г.фол.12шт;2025-03-27 04:56:08;2040.0;917.61;336946.8;30631.53;Тандер ЗАО (Тамбов РЦ);"ООО ""ВоронежАгро-М""";Тамбов;2025-03
Мас.Тандер.72,5%.180г.фол.12шт;2025-03-26 14:43:08;4896.0;917.61;808672.32;73515.67;Тандер ЗАО (Ерзовка РЦ);"ООО ""ВоронежАгро-М""";Волгоград;2025-03
Мас.Тандер.72,5%.180г.фол.12шт;2025-03-26 05:01:37;13464.0;917.61;2223848.88;202168.08;Тандер ЗАО (Ярославль РЦ);"ООО ""ВоронежАгро-М""";Ярославль;2025-03
Мас.Тандер.72,5%.180г.фол.12шт;2025-03-26 00:09:20;5100.0;917.61;842367.0;76578.82;Тандер ЗАО (Тула РЦ) ;"ООО ""ВоронежАгро-М""";Тула;2025-03
Мас.Тандер.72,5%.180г.фол.12шт;2025-03-25 15:48:39;3672.0;917.61;606504.24;55136.75;Тандер ЗАО (Мурманск РЦ);"ООО ""ВоронежАгро-М""";Мурманск;2025-03
Мас.Тандер.72,5%.180г.фол.12шт;2025-03-25 15:48:35;2856.0;917.61;471725.52;42884.14;Тандер ЗАО (Ногинск РЦ);"ООО ""ВоронежАгро-М""";Ногинск;2025-03
Мас.Тандер.72,5%.180г.фол.12шт;2025-03-25 07:57:58;2448.0;917.61;404336.16;36757.83;Тандер ЗАО (Воронеж РЦ);"ООО ""ВоронежАгро-М""";Воронеж;2025-03
Мас.Тандер.72,5%.180г.фол.12шт;2025-03-25 05:17:08;2244.0;917.61;370641.48;33694.68;Тандер ЗАО (Дзержинск РЦ);"ООО ""ВоронежАгро-М""";Дзержинск;2025-03
Мас.Тандер.72,5%.180г.фол.12шт;2025-03-25 01:33:00;816.0;917.61;134778.72;12252.61;Тандер ЗАО (Тамбов РЦ);"ООО ""ВоронежАгро-М""";Тамбов;2025-03
Мас.Тандер.72,5%.180г.фол.12шт;2025-03-24 19:23:50;3672.0;917.61;606504.24;55136.75;Тандер ЗАО (Дмитров РЦ) ;"ООО ""ВоронежАгро-М""";Дмитров;2025-03
Мас.Тандер.72,5%.180г.фол.12шт;2025-03-23 10:10:37;6528.0;917.61;1078229.76;98020.89;Тандер ЗАО (Ярославль РЦ);"ООО ""ВоронежАгро-М""";Ярославль;2025-03
Мас.Тандер.72,5%.180г.фол.12шт;2025-03-23 00:19:12;3468.0;917.61;572809.56;52073.6;Тандер ЗАО (Тула РЦ) ;"ООО ""ВоронежАгро-М""";Тула;2025-03
Мас.Тандер.72,5%.180г.фол.12шт;2025-03-22 17:49:21;11424.0;917.61;1886902.08;171536.55;Тандер ЗАО (Ерзовка РЦ);"ООО ""ВоронежАгро-М""";Волгоград;2025-03
Мас.Тандер.72,5%.180г.фол.12шт;2025-03-22 03:05:58;1428.0;917.61;235862.76;21442.07;Тандер ЗАО (Тамбов РЦ);"ООО ""ВоронежАгро-М""";Тамбов;2025-03
Мас.Тандер.72,5%.180г.фол.12шт;2025-03-22 01:22:51;5304.0;917.61;876061.68;79641.97;Тандер ЗАО (Воронеж РЦ);"ООО ""ВоронежАгро-М""";Воронеж;2025-03
Мас.Тандер.72,5%.180г.фол.12шт;2025-03-20 15:58:37;6732.0;917.61;1111924.44;101084.04;Тандер ЗАО (Дмитров РЦ) ;"ООО ""ВоронежАгро-М""";Дмитров;2025-03
Мас.Тандер.72,5%.180г.фол.12шт;2025-03-20 06:13:37;2040.0;917.61;336946.8;30631.53;Тандер ЗАО (Воронеж РЦ);"ООО ""ВоронежАгро-М""";Воронеж;2025-03
Мас.Тандер.72,5%.180г.фол.12шт;2025-03-20 05:41:11;2040.0;917.61;336946.8;30631.53;Тандер ЗАО (Ногинск РЦ);"ООО ""ВоронежАгро-М""";Ногинск;2025-03
Мас.Тандер.72,5%.180г.фол.12шт;2025-03-20 02:57:43;408.0;917.61;67389.36;6126.31;Тандер ЗАО (Тамбов РЦ);"ООО ""ВоронежАгро-М""";Тамбов;2025-03
Мас.Тандер.72,5%.180г.фол.12шт;2025-03-19 16:32:20;7344.0;917.61;1213008.48;110273.5;Тандер ЗАО (Ерзовка РЦ);"ООО ""ВоронежАгро-М""";Волгоград;2025-03
Мас.Тандер.72,5%.180г.фол.12шт;2025-03-19 14:51:24;7752.0;917.61;1280397.84;116399.8;Тандер ЗАО (Ярославль РЦ);"ООО ""ВоронежАгро-М""";Ярославль;2025-03
Мас.Тандер.72,5%.180г.фол.12шт;2025-03-19 06:17:56;4896.0;917.61;808672.32;73515.67;Тандер ЗАО (Тула РЦ) ;"ООО ""ВоронежАгро-М""";Тула;2025-03
Мас.Тандер.72,5%.180г.фол.12шт;2025-03-18 18:14:58;7344.0;917.61;1213008.48;110273.5;Тандер ЗАО (Мурманск РЦ);"ООО ""ВоронежАгро-М""";Мурманск;2025-03
Мас.Тандер.72,5%.180г.фол.12шт;2025-03-18 18:14:50;3876.0;917.61;640198.92;58199.9;Тандер ЗАО (Ногинск РЦ);"ООО ""ВоронежАгро-М""";Ногинск;2025-03
Мас.Тандер.72,5%.180г.фол.12шт;2025-03-18 18:14:46;2448.0;917.61;404336.16;36757.83;Тандер ЗАО (Дзержинск РЦ);"ООО ""ВоронежАгро-М""";Дзержинск;2025-03
Мас.Тандер.72,5%.180г.фол.12шт;2025-03-18 02:26:57;6936.0;917.61;1145619.12;104147.19;Тандер ЗАО (Воронеж РЦ);"ООО ""ВоронежАгро-М""";Воронеж;2025-03
Мас.Тандер.72,5%.180г.фол.12шт;2025-03-18 02:08:52;1224.0;917.61;202168.08;18378.92;Тандер ЗАО (Дзержинск РЦ);"ООО ""ВоронежАгро-М""";Дзержинск;2025-03
Мас.Тандер.72,5%.180г.фол.12шт;2025-03-18 02:08:46;2040.0;917.61;336946.8;30631.53;Тандер ЗАО (Тамбов РЦ);"ООО ""ВоронежАгро-М""";Тамбов;2025-03
Мас.Тандер.72,5%.180г.фол.12шт;2025-03-17 08:27:15;2652.0;917.61;438030.84;39820.99;Тандер ЗАО (Дмитров РЦ) ;"ООО ""ВоронежАгро-М""";Дмитров;2025-03
Мас.Тандер.72,5%.180г.фол.12шт;2025-03-16 00:56:48;2652.0;917.61;438030.84;39820.99;Тандер ЗАО (Тула РЦ) ;"ООО ""ВоронежАгро-М""";Тула;2025-03
Мас.Тандер.72,5%.180г.фол.12шт;2025-03-16 00:56:44;4284.0;917.61;707588.28;64326.21;Тандер ЗАО (Ярославль РЦ);"ООО ""ВоронежАгро-М""";Ярославль;2025-03
Мас.Тандер.72,5%.180г.фол.12шт;2025-03-15 15:37:48;8364.0;917.61;1381481.88;125589.26;Тандер ЗАО (Ерзовка РЦ);"ООО ""ВоронежАгро-М""";Волгоград;2025-03
Мас.Тандер.72,5%.180г.фол.12шт;2025-03-15 07:08:20;2856.0;917.61;471725.52;42884.14;Тандер ЗАО (Воронеж РЦ);"ООО ""ВоронежАгро-М""";Воронеж;2025-03
Мас.Тандер.72,5%.180г.фол.12шт;2025-03-15 04:16:31;1224.0;917.61;202168.08;18378.92;Тандер ЗАО (Тамбов РЦ);"ООО ""ВоронежАгро-М""";Тамбов;2025-03
Мас.Тандер.72,5%.180г.фол.12шт;2025-03-13 20:59:39;2652.0;917.61;438030.84;39820.99;Тандер ЗАО (Дмитров РЦ) ;"ООО ""ВоронежАгро-М""";Дмитров;2025-03
Мас.Тандер.72,5%.180г.фол.12шт;2025-03-13 10:51:54;1632.0;917.61;269557.44;24505.22;Тандер ЗАО (Ногинск РЦ);"ООО ""ВоронежАгро-М""";Ногинск;2025-03
Мас.Тандер.72,5%.180г.фол.12шт;2025-03-13 09:39:20;816.0;917.61;134778.72;12252.61;Тандер ЗАО (Воронеж РЦ);"ООО ""ВоронежАгро-М""";Воронеж;2025-03
