Номенклатура;Дата;Количество;Цена;Сумма;НДС;Контрагент;Организация
"Пр.из творога ""365 дней"" 24%.500г.пакет.8шт";2026-03-06 00:05:28;648.0;162.53;52659.2;9495.92;Лента ООО РЦ Лешино;"ООО ""ВоронежАгро-М"""
"Пр.из творога ""365 дней"" 24%.500г.пакет.8шт";2026-03-03 23:59:57;448.0;148.4;33241.6;5994.39;ВРА-М ООО;"ООО ""7 Утра"""
"Пр.из творога ""365 дней"" 24%.500г.пакет.8шт";2026-03-03 18:42:43;448.0;158.01;35395.23;6382.75;Лента ООО РЦ Ижора;"ООО ""ВоронежАгро-М"""
"Пр.из творога ""365 дней"" 24%.500г.пакет.8шт";2026-02-27 23:59:57;744.0;148.4;55204.8;9954.96;ВРА-М ООО;"ООО ""7 Утра"""
"Пр.из творога ""365 дней"" 24%.500г.пакет.8шт";2026-02-27 21:27:18;744.0;162.53;60460.56;10902.72;Лента ООО РЦ Лешино;"ООО ""ВоронежАгро-М"""
"Пр.из творога ""365 дней"" 24%.500г.пакет.8шт";2026-02-26 23:59:57;944.0;148.4;70044.8;12631.03;ВРА-М ООО;"ООО ""7 Утра"""
"Пр.из творога ""365 дней"" 24%.500г.пакет.8шт";2026-02-26 05:30:57;944.0;150.5;71035.62;12809.7;Лента ООО РЦ Ростов ;"ООО ""ВоронежАгро-М"""
"Пр.из творога ""365 дней"" 24%.500г.пакет.8шт";2026-02-25 23:59:57;888.0;148.4;65889.6;11881.73;ВРА-М ООО;"ООО ""7 Утра"""
"Пр.из творога ""365 дней"" 24%.500г.пакет.8шт";2026-02-25 11:39:03;888.0;150.5;66821.64;12049.8;Лента ООО РЦ Тольятти;"ООО ""ВоронежАгро-М"""
"Пр.из творога ""365 дней"" 24%.500г.пакет.8шт";2026-02-24 23:59:57;1288.0;148.4;95569.6;17233.86;ВРА-М ООО;"ООО ""7 Утра"""
"Пр.из творога ""365 дней"" 24%.500г.пакет.8шт";2026-02-24 14:21:21;664.0;158.01;52460.78;9460.14;Лента ООО РЦ Ижора;"ООО ""ВоронежАгро-М"""
"Пр.из творога ""365 дней"" 24%.500г.пакет.8шт";2026-02-24 08:29:27;624.0;220.19;68697.91;12388.15;Лента ООО РЦ Новосибирск;"ООО ""ВоронежАгро-М"""
"Пр.из творога ""365 дней"" 24%.500г.пакет.8шт";2026-02-20 23:59:57;760.0;148.4;56392.0;10169.05;ВРА-М ООО;"ООО ""7 Утра"""
"Пр.из творога ""365 дней"" 24%.500г.пакет.8шт";2026-02-20 01:52:26;760.0;162.53;61760.79;11137.19;Лента ООО РЦ Лешино;"ООО ""ВоронежАгро-М"""
"Пр.из творога ""365 дней"" 24%.500г.пакет.8шт";2026-02-17 23:59:57;864.0;148.4;64108.8;11560.6;ВРА-М ООО;"ООО ""7 Утра"""
"Пр.из творога ""365 дней"" 24%.500г.пакет.8шт";2026-02-17 22:24:03;496.0;158.01;39187.57;7066.61;Лента ООО РЦ Ижора;"ООО ""ВоронежАгро-М"""
"Пр.из творога ""365 дней"" 24%.500г.пакет.8шт";2026-02-17 17:15:32;368.0;168.21;30951.3;5581.38;Лента ООО РЦ Екатеринбург;"ООО ""ВоронежАгро-М"""
"Пр.из творога ""365 дней"" 24%.500г.пакет.8шт";2026-02-16 23:59:58;536.0;148.4;39771.2;7171.86;7 Утра ООО;"ООО ""ВоронежАгро-М"""
"Пр.из творога ""365 дней"" 24%.500г.пакет.8шт";2026-02-12 23:59:57;1680.0;148.4;124656.0;22478.95;ВРА-М ООО;"ООО ""7 Утра"""
"Пр.из творога ""365 дней"" 24%.500г.пакет.8шт";2026-02-12 22:14:31;856.0;162.53;69562.16;12544.0;Лента ООО РЦ Лешино;"ООО ""ВоронежАгро-М"""
"Пр.из творога ""365 дней"" 24%.500г.пакет.8шт";2026-02-12 06:36:20;824.0;150.5;62005.67;11181.35;Лента ООО РЦ Ростов ;"ООО ""ВоронежАгро-М"""
"Пр.из творога ""365 дней"" 24%.500г.пакет.8шт";2026-02-11 23:59:57;880.0;148.4;65296.0;11774.69;ВРА-М ООО;"ООО ""7 Утра"""
"Пр.из творога ""365 дней"" 24%.500г.пакет.8шт";2026-02-11 22:59:52;880.0;150.5;66219.65;11941.25;Лента ООО РЦ Тольятти;"ООО ""ВоронежАгро-М"""
"Пр.из творога ""365 дней"" 24%.500г.пакет.8шт";2026-02-10 23:59:57;1256.0;148.4;93195.2;16805.69;ВРА-М ООО;"ООО ""7 Утра"""
"Пр.из творога ""365 дней"" 24%.500г.пакет.8шт";2026-02-10 20:13:37;304.0;168.21;25568.47;4610.71;Лента ООО РЦ Екатеринбург;"ООО ""ВоронежАгро-М"""
"Пр.из творога ""365 дней"" 24%.500г.пакет.8шт";2026-02-10 20:13:33;616.0;158.01;48668.44;8776.28;Лента ООО РЦ Ижора;"ООО ""ВоронежАгро-М"""
"Пр.из творога ""365 дней"" 24%.500г.пакет.8шт";2026-02-10 20:13:29;336.0;220.19;36991.18;6670.54;Лента ООО РЦ Новосибирск;"ООО ""ВоронежАгро-М"""
"Пр.из творога ""365 дней"" 24%.500г.пакет.8шт";2026-02-05 23:59:57;720.0;148.4;53424.0;9633.84;ВРА-М ООО;"ООО ""7 Утра"""
"Пр.из творога ""365 дней"" 24%.500г.пакет.8шт";2026-02-05 20:33:34;720.0;162.53;58510.22;10551.02;Лента ООО РЦ Лешино;"ООО ""ВоронежАгро-М"""
"Пр.из творога ""365 дней"" 24%.500г.пакет.8шт";2026-02-04 23:59:57;720.0;148.4;53424.0;9633.84;ВРА-М ООО;"ООО ""7 Утра"""
"Пр.из творога ""365 дней"" 24%.500г.пакет.8шт";2026-02-04 00:21:12;320.0;168.21;26914.18;4853.38;Лента ООО РЦ Екатеринбург;"ООО ""ВоронежАгро-М"""
"Пр.из творога ""365 дней"" 24%.500г.пакет.8шт";2026-02-04 00:21:09;400.0;158.01;31602.88;5698.88;Лента ООО РЦ Ижора;"ООО ""ВоронежАгро-М"""
"Пр.из творога ""365 дней"" 24%.500г.пакет.8шт";2026-01-30 23:59:57;656.0;148.4;48675.2;8777.5;ВРА-М ООО;"ООО ""7 Утра"""
"Пр.из творога ""365 дней"" 24%.500г.пакет.8шт";2026-01-30 15:16:10;656.0;162.53;53309.32;9613.16;Лента ООО РЦ Лешино;"ООО ""ВоронежАгро-М"""
"Пр.из творога ""365 дней"" 24%.500г.пакет.8шт";2026-01-29 23:59:58;272.0;148.4;20182.4;3639.45;7 Утра ООО;"ООО ""ВоронежАгро-М"""
"Пр.из творога ""365 дней"" 24%.500г.пакет.8шт";2026-01-27 23:59:57;2272.0;148.4;168582.4;30400.1;ВРА-М ООО;"ООО ""7 Утра"""
"Пр.из творога ""365 дней"" 24%.500г.пакет.8шт";2026-01-27 13:40:24;272.0;168.21;22877.05;4125.37;Лента ООО РЦ Екатеринбург;"ООО ""ВоронежАгро-М"""
"Пр.из творога ""365 дней"" 24%.500г.пакет.8шт";2026-01-27 13:40:19;600.0;150.5;45149.76;8141.76;Лента ООО РЦ Ростов ;"ООО ""ВоронежАгро-М"""
"Пр.из творога ""365 дней"" 24%.500г.пакет.8шт";2026-01-27 13:40:15;632.0;220.19;69578.65;12546.97;Лента ООО РЦ Новосибирск;"ООО ""ВоронежАгро-М"""
"Пр.из творога ""365 дней"" 24%.500г.пакет.8шт";2026-01-27 07:47:22;768.0;158.01;60677.53;10941.85;Лента ООО РЦ Ижора;"ООО ""ВоронежАгро-М"""
"Пр.из творога ""365 дней"" 24%.500г.пакет.8шт";2026-01-23 23:59:57;664.0;148.4;49268.8;8884.54;ВРА-М ООО;"ООО ""7 Утра"""
"Пр.из творога ""365 дней"" 24%.500г.пакет.8шт";2026-01-23 11:49:46;664.0;162.53;53959.43;9730.39;Лента ООО РЦ Лешино;"ООО ""ВоронежАгро-М"""
"Пр.из творога ""365 дней"" 24%.500г.пакет.8шт";2026-01-20 23:59:57;808.0;148.4;59953.6;10811.3;ВРА-М ООО;"ООО ""7 Утра"""
"Пр.из творога ""365 дней"" 24%.500г.пакет.8шт";2026-01-20 19:12:48;472.0;158.01;37291.4;6724.68;Лента ООО РЦ Ижора;"ООО ""ВоронежАгро-М"""
"Пр.из творога ""365 дней"" 24%.500г.пакет.8шт";2026-01-20 07:00:32;336.0;168.21;28259.88;5096.04;Лента ООО РЦ Екатеринбург;"ООО ""ВоронежАгро-М"""
"Пр.из творога ""365 дней"" 24%.500г.пакет.8шт";2026-01-15 23:59:57;536.0;148.4;39771.2;7171.86;ВРА-М ООО;"ООО ""7 Утра"""
"Пр.из творога ""365 дней"" 24%.500г.пакет.8шт";2026-01-15 16:32:55;8.0;162.53;650.11;117.23;Лента ООО РЦ Лешино;"ООО ""ВоронежАгро-М"""
"Пр.из творога ""365 дней"" 24%.500г.пакет.8шт";2026-01-15 04:50:14;528.0;150.5;39731.79;7164.75;Лента ООО РЦ Ростов ;"ООО ""ВоронежАгро-М"""
"Пр.из творога ""365 дней"" 24%.500г.пакет.8шт";2026-01-13 23:59:57;1168.0;148.4;86665.6;15628.22;ВРА-М ООО;"ООО ""7 Утра"""
"Пр.из творога ""365 дней"" 24%.500г.пакет.8шт";2026-01-13 15:15:34;272.0;168.21;22877.05;4125.37;Лента ООО РЦ Екатеринбург;"ООО ""ВоронежАгро-М"""
"Пр.из творога ""365 дней"" 24%.500г.пакет.8шт";2026-01-13 15:15:29;536.0;158.01;42347.86;7636.5;Лента ООО РЦ Ижора;"ООО ""ВоронежАгро-М"""
"Пр.из творога ""365 дней"" 24%.500г.пакет.8шт";2026-01-13 09:25:44;360.0;220.19;39633.41;7147.01;Лента ООО РЦ Новосибирск;"ООО ""ВоронежАгро-М"""
"Пр.из творога ""365 дней"" 24%.500г.пакет.8шт";2026-01-06 23:59:57;1272.0;148.4;94382.4;17019.78;ВРА-М ООО;"ООО ""7 Утра"""
"Пр.из творога ""365 дней"" 24%.500г.пакет.8шт";2026-01-06 16:03:28;264.0;158.01;20857.9;3761.26;Лента ООО РЦ Ижора;"ООО ""ВоронежАгро-М"""
"Пр.из творога ""365 дней"" 24%.500г.пакет.8шт";2026-01-06 10:10:49;544.0;162.53;44207.72;7971.88;Лента ООО РЦ Лешино;"ООО ""ВоронежАгро-М"""
"Пр.из творога ""365 дней"" 24%.500г.пакет.8шт";2026-01-06 10:10:46;464.0;168.21;39025.56;7037.4;Лента ООО РЦ Екатеринбург;"ООО ""ВоронежАгро-М"""
"Пр.из творога ""365 дней"" 24%.500г.пакет.8шт";2025-12-29 23:59:57;320.0;148.4;23744.0;3957.33;ВРА-М ООО;"ООО ""7 Утра"""
"Пр.из творога ""365 дней"" 24%.500г.пакет.8шт";2025-12-29 04:03:08;320.0;159.86;25578.24;4263.04;Лента ООО РЦ Лешино;"ООО ""ВоронежАгро-М"""
"Пр.из творога ""365 дней"" 24%.500г.пакет.8шт";2025-12-27 23:59:57;464.0;148.4;34428.8;5738.13;ВРА-М ООО;"ООО ""7 Утра"""
"Пр.из творога ""365 дней"" 24%.500г.пакет.8шт";2025-12-27 16:14:41;464.0;148.03;34343.42;5723.9;Лента ООО РЦ Тольятти;"ООО ""ВоронежАгро-М"""
"Пр.из творога ""365 дней"" 24%.500г.пакет.8шт";2025-12-26 23:59:57;712.0;148.4;52830.4;8805.07;ВРА-М ООО;"ООО ""7 Утра"""
"Пр.из творога ""365 дней"" 24%.500г.пакет.8шт";2025-12-26 13:58:28;272.0;165.46;22502.02;3750.34;Лента ООО РЦ Екатеринбург;"ООО ""ВоронежАгро-М"""
"Пр.из творога ""365 дней"" 24%.500г.пакет.8шт";2025-12-26 11:05:47;336.0;159.86;26857.15;4476.19;Лента ООО РЦ Лешино;"ООО ""ВоронежАгро-М"""
"Пр.из творога ""365 дней"" 24%.500г.пакет.8шт";2025-12-26 00:47:43;104.0;155.42;8082.05;1347.01;Лента ООО РЦ Ижора;"ООО ""ВоронежАгро-М"""
"Пр.из творога ""365 дней"" 24%.500г.пакет.8шт";2025-12-25 23:59:57;456.0;148.4;33835.2;5639.2;ВРА-М ООО;"ООО ""7 Утра"""
"Пр.из творога ""365 дней"" 24%.500г.пакет.8шт";2025-12-25 05:02:07;456.0;148.03;33751.3;5625.22;Лента ООО РЦ Ростов ;"ООО ""ВоронежАгро-М"""
"Пр.из творога ""365 дней"" 24%.500г.пакет.8шт";2025-12-23 23:59:57;480.0;148.4;35616.0;5936.0;ВРА-М ООО;"ООО ""7 Утра"""
"Пр.из творога ""365 дней"" 24%.500г.пакет.8шт";2025-12-23 17:59:16;224.0;155.42;17407.49;2901.25;Лента ООО РЦ Ижора;"ООО ""ВоронежАгро-М"""
"Пр.из творога ""365 дней"" 24%.500г.пакет.8шт";2025-12-23 14:32:05;256.0;165.46;21178.37;3529.73;Лента ООО РЦ Екатеринбург;"ООО ""ВоронежАгро-М"""
"Пр.из творога ""365 дней"" 24%.500г.пакет.8шт";2025-12-19 23:59:58;40.0;148.4;2968.0;494.67;7 Утра ООО;"ООО ""ВоронежАгро-М"""
"Пр.из творога ""365 дней"" 24%.500г.пакет.8шт";2025-12-19 10:40:35;248.0;159.86;19823.14;3303.86;Лента ООО РЦ Лешино;"ООО ""ВоронежАгро-М"""
"Пр.из творога ""365 дней"" 24%.500г.пакет.8шт";2025-12-17 23:59:57;816.0;148.4;60547.2;10091.2;ВРА-М ООО;"ООО ""7 Утра"""
"Пр.из творога ""365 дней"" 24%.500г.пакет.8шт";2025-12-17 09:07:08;320.0;165.46;26472.96;4412.16;Лента ООО РЦ Екатеринбург;"ООО ""ВоронежАгро-М"""
"Пр.из творога ""365 дней"" 24%.500г.пакет.8шт";2025-12-17 09:07:04;208.0;155.42;16164.1;2694.02;Лента ООО РЦ Ижора;"ООО ""ВоронежАгро-М"""
"Пр.из творога ""365 дней"" 24%.500г.пакет.8шт";2025-12-17 08:52:19;288.0;148.03;21316.61;3552.77;Лента ООО РЦ Тольятти;"ООО ""ВоронежАгро-М"""
"Пр.из творога ""365 дней"" 24%.500г.пакет.8шт";2025-12-16 23:59:57;472.0;148.4;35022.4;5837.07;ВРА-М ООО;"ООО ""7 Утра"""
"Пр.из творога ""365 дней"" 24%.500г.пакет.8шт";2025-12-16 12:00:50;184.0;148.03;13618.94;2269.82;Лента ООО РЦ Ростов ;"ООО ""ВоронежАгро-М"""
"Пр.из творога ""365 дней"" 24%.500г.пакет.8шт";2025-12-16 06:20:52;288.0;216.58;31186.94;5197.82;Лента ООО РЦ Новосибирск;"ООО ""ВоронежАгро-М"""
"Пр.из творога ""365 дней"" 24%.500г.пакет.8шт";2025-12-12 23:59:57;272.0;148.4;20182.4;3363.73;ВРА-М ООО;"ООО ""7 Утра"""
"Пр.из творога ""365 дней"" 24%.500г.пакет.8шт";2025-12-12 13:21:19;272.0;159.86;21741.5;3623.58;Лента ООО РЦ Лешино;"ООО ""ВоронежАгро-М"""
"Пр.из творога ""365 дней"" 24%.500г.пакет.8шт";2025-12-09 23:59:57;672.0;148.4;49862.4;8310.4;ВРА-М ООО;"ООО ""7 Утра"""
"Пр.из творога ""365 дней"" 24%.500г.пакет.8шт";2025-12-09 21:03:57;272.0;155.42;21137.66;3522.94;Лента ООО РЦ Ижора;"ООО ""ВоронежАгро-М"""
"Пр.из творога ""365 дней"" 24%.500г.пакет.8шт";2025-12-09 14:31:32;400.0;165.46;33091.2;5515.2;Лента ООО РЦ Екатеринбург;"ООО ""ВоронежАгро-М"""
"Пр.из творога ""365 дней"" 24%.500г.пакет.8шт";2025-12-08 23:59:58;304.0;148.4;22556.8;3759.47;7 Утра ООО;"ООО ""ВоронежАгро-М"""
"Пр.из творога ""365 дней"" 24%.500г.пакет.8шт";2025-12-05 23:59:57;184.0;148.4;13652.8;2275.47;ВРА-М ООО;"ООО ""7 Утра"""
"Пр.из творога ""365 дней"" 24%.500г.пакет.8шт";2025-12-05 12:38:18;184.0;159.86;14707.49;2451.25;Лента ООО РЦ Лешино;"ООО ""ВоронежАгро-М"""
"Пр.из творога ""365 дней"" 24%.500г.пакет.8шт";2025-12-03 23:59:57;376.0;148.4;27899.2;4649.87;ВРА-М ООО;"ООО ""7 Утра"""
"Пр.из творога ""365 дней"" 24%.500г.пакет.8шт";2025-12-03 05:15:54;376.0;148.03;27830.02;4638.34;Лента ООО РЦ Тольятти;"ООО ""ВоронежАгро-М"""
"Пр.из творога ""365 дней"" 24%.500г.пакет.8шт";2025-12-02 23:59:57;1104.0;148.4;81916.8;13652.8;ВРА-М ООО;"ООО ""7 Утра"""
"Пр.из творога ""365 дней"" 24%.500г.пакет.8шт";2025-12-02 19:37:10;224.0;155.42;17407.49;2901.25;Лента ООО РЦ Ижора;"ООО ""ВоронежАгро-М"""
"Пр.из творога ""365 дней"" 24%.500г.пакет.8шт";2025-12-02 07:57:17;168.0;165.46;13898.3;2316.38;Лента ООО РЦ Екатеринбург;"ООО ""ВоронежАгро-М"""
"Пр.из творога ""365 дней"" 24%.500г.пакет.8шт";2025-12-02 07:57:15;280.0;148.03;20724.48;3454.08;Лента ООО РЦ Ростов ;"ООО ""ВоронежАгро-М"""
"Пр.из творога ""365 дней"" 24%.500г.пакет.8шт";2025-12-02 07:57:12;432.0;216.58;46780.42;7796.74;Лента ООО РЦ Новосибирск;"ООО ""ВоронежАгро-М"""
"Пр.из творога ""365 дней"" 24%.500г.пакет.8шт";2025-11-27 23:59:57;192.0;148.4;14246.4;2374.4;ВРА-М ООО;"ООО ""7 Утра"""
"Пр.из творога ""365 дней"" 24%.500г.пакет.8шт";2025-11-27 19:12:35;192.0;159.86;15346.94;2557.82;Лента ООО РЦ Лешино;"ООО ""ВоронежАгро-М"""
"Пр.из творога ""365 дней"" 24%.500г.пакет.8шт";2025-11-25 23:59:57;584.0;148.4;43332.8;7222.13;ВРА-М ООО;"ООО ""7 Утра"""
"Пр.из творога ""365 дней"" 24%.500г.пакет.8шт";2025-11-25 22:36:53;280.0;155.42;21759.36;3626.56;Лента ООО РЦ Ижора;"ООО ""ВоронежАгро-М"""
"Пр.из творога ""365 дней"" 24%.500г.пакет.8шт";2025-11-25 18:28:46;304.0;165.46;25149.31;4191.55;Лента ООО РЦ Екатеринбург;"ООО ""ВоронежАгро-М"""
"Пр.из творога ""365 дней"" 24%.500г.пакет.8шт";2025-11-21 23:59:57;376.0;148.4;27899.2;4649.87;ВРА-М ООО;"ООО ""7 Утра"""
"Пр.из творога ""365 дней"" 24%.500г.пакет.8шт";2025-11-21 13:56:59;376.0;159.86;30054.43;5009.07;Лента ООО РЦ Лешино;"ООО ""ВоронежАгро-М"""
"Пр.из творога ""365 дней"" 24%.500г.пакет.8шт";2025-11-18 23:59:57;1200.0;148.4;89040.0;14840.0;ВРА-М ООО;"ООО ""7 Утра"""
"Пр.из творога ""365 дней"" 24%.500г.пакет.8шт";2025-11-18 22:26:01;168.0;148.03;12434.69;2072.45;Лента ООО РЦ Тольятти;"ООО ""ВоронежАгро-М"""
"Пр.из творога ""365 дней"" 24%.500г.пакет.8шт";2025-11-18 13:26:41;224.0;155.42;17407.49;2901.25;Лента ООО РЦ Ижора;"ООО ""ВоронежАгро-М"""
"Пр.из творога ""365 дней"" 24%.500г.пакет.8шт";2025-11-18 09:22:17;392.0;165.46;32429.38;5404.9;Лента ООО РЦ Екатеринбург;"ООО ""ВоронежАгро-М"""
"Пр.из творога ""365 дней"" 24%.500г.пакет.8шт";2025-11-18 09:22:12;120.0;148.03;8881.92;1480.32;Лента ООО РЦ Ростов ;"ООО ""ВоронежАгро-М"""
"Пр.из творога ""365 дней"" 24%.500г.пакет.8шт";2025-11-18 07:17:23;296.0;216.58;32053.25;5342.21;Лента ООО РЦ Новосибирск;"ООО ""ВоронежАгро-М"""
"Пр.из творога ""365 дней"" 24%.500г.пакет.8шт";2025-11-12 23:59:57;160.0;148.4;11872.0;1978.67;ВРА-М ООО;"ООО ""7 Утра"""
"Пр.из творога ""365 дней"" 24%.500г.пакет.8шт";2025-11-12 04:45:03;160.0;148.03;11842.56;1973.76;Лента ООО РЦ Тольятти;"ООО ""ВоронежАгро-М"""
"Пр.из творога ""365 дней"" 24%.500г.пакет.8шт";2025-11-11 23:59:57;352.0;148.4;26118.4;4353.07;ВРА-М ООО;"ООО ""7 Утра"""
"Пр.из творога ""365 дней"" 24%.500г.пакет.8шт";2025-11-11 15:52:09;208.0;155.42;16164.1;2694.02;Лента ООО РЦ Ижора;"ООО ""ВоронежАгро-М"""
"Пр.из творога ""365 дней"" 24%.500г.пакет.8шт";2025-11-11 06:00:24;144.0;148.03;10658.3;1776.38;Лента ООО РЦ Ростов ;"ООО ""ВоронежАгро-М"""
"Пр.из творога ""365 дней"" 24%.500г.пакет.8шт";2025-11-07 23:59:57;632.0;148.4;46894.4;7815.73;ВРА-М ООО;"ООО ""7 Утра"""
"Пр.из творога ""365 дней"" 24%.500г.пакет.8шт";2025-11-07 19:42:06;632.0;159.86;50517.02;8419.5;Лента ООО РЦ Лешино;"ООО ""ВоронежАгро-М"""
"Пр.из творога ""365 дней"" 24%.500г.пакет.8шт";2025-11-04 23:59:57;1232.0;148.4;91414.4;15235.73;ВРА-М ООО;"ООО ""7 Утра"""
"Пр.из творога ""365 дней"" 24%.500г.пакет.8шт";2025-11-04 21:31:56;104.0;148.03;7697.66;1282.94;Лента ООО РЦ Тольятти;"ООО ""ВоронежАгро-М"""
"Пр.из творога ""365 дней"" 24%.500г.пакет.8шт";2025-11-04 13:13:06;120.0;155.42;9325.44;1554.24;Лента ООО РЦ Ижора;"ООО ""ВоронежАгро-М"""
"Пр.из творога ""365 дней"" 24%.500г.пакет.8шт";2025-11-04 12:27:05;144.0;148.03;10658.3;1776.38;Лента ООО РЦ Ростов ;"ООО ""ВоронежАгро-М"""
"Пр.из творога ""365 дней"" 24%.500г.пакет.8шт";2025-11-04 10:10:27;528.0;165.46;43680.38;7280.06;Лента ООО РЦ Екатеринбург;"ООО ""ВоронежАгро-М"""
"Пр.из творога ""365 дней"" 24%.500г.пакет.8шт";2025-11-04 10:10:23;336.0;216.58;36384.77;6064.13;Лента ООО РЦ Новосибирск;"ООО ""ВоронежАгро-М"""
"Пр.из творога ""365 дней"" 24%.500г.пакет.8шт";2025-10-31 23:59:58;544.0;148.4;40364.8;6727.47;7 Утра ООО;"ООО ""ВоронежАгро-М"""
"Пр.из творога ""365 дней"" 24%.500г.пакет.8шт";2025-10-28 23:59:57;896.0;148.4;66483.2;11080.53;ВРА-М ООО;"ООО ""7 Утра"""
"Пр.из творога ""365 дней"" 24%.500г.пакет.8шт";2025-10-28 20:44:10;192.0;148.03;14211.07;2368.51;Лента ООО РЦ Тольятти;"ООО ""ВоронежАгро-М"""
"Пр.из творога ""365 дней"" 24%.500г.пакет.8шт";2025-10-28 16:53:17;288.0;155.42;22381.06;3730.18;Лента ООО РЦ Ижора;"ООО ""ВоронежАгро-М"""
"Пр.из творога ""365 дней"" 24%.500г.пакет.8шт";2025-10-28 11:17:33;416.0;148.03;30790.66;5131.78;Лента ООО РЦ Ростов ;"ООО ""ВоронежАгро-М"""
"Пр.из творога ""365 дней"" 24%.500г.пакет.8шт";2025-10-27 23:59:58;120.0;148.4;8904.0;1484.0;7 Утра ООО;"ООО ""ВоронежАгро-М"""
"Пр.из творога ""365 дней"" 24%.500г.пакет.8шт";2025-10-24 23:59:57;720.0;148.4;53424.0;8904.0;ВРА-М ООО;"ООО ""7 Утра"""
"Пр.из творога ""365 дней"" 24%.500г.пакет.8шт";2025-10-24 14:14:13;720.0;159.86;57551.04;9591.84;Лента ООО РЦ Лешино;"ООО ""ВоронежАгро-М"""
"Пр.из творога ""365 дней"" 24%.500г.пакет.8шт";2025-10-21 23:59:57;1936.0;148.4;143651.2;23941.87;ВРА-М ООО;"ООО ""7 Утра"""
"Пр.из творога ""365 дней"" 24%.500г.пакет.8шт";2025-10-21 14:41:25;288.0;155.42;22381.06;3730.18;Лента ООО РЦ Ижора;"ООО ""ВоронежАгро-М"""
"Пр.из творога ""365 дней"" 24%.500г.пакет.8шт";2025-10-21 13:44:04;240.0;148.03;17763.84;2960.64;Лента ООО РЦ Тольятти;"ООО ""ВоронежАгро-М"""
"Пр.из творога ""365 дней"" 24%.500г.пакет.8шт";2025-10-21 09:11:38;840.0;165.46;69491.52;11581.92;Лента ООО РЦ Екатеринбург;"ООО ""ВоронежАгро-М"""
"Пр.из творога ""365 дней"" 24%.500г.пакет.8шт";2025-10-21 05:47:54;96.0;148.03;7105.54;1184.26;Лента ООО РЦ Ростов ;"ООО ""ВоронежАгро-М"""
"Пр.из творога ""365 дней"" 24%.500г.пакет.8шт";2025-10-21 05:47:50;472.0;216.58;51111.94;8518.66;Лента ООО РЦ Новосибирск;"ООО ""ВоронежАгро-М"""
"Пр.из творога ""365 дней"" 24%.500г.пакет.8шт";2025-10-16 23:59:58;384.0;148.4;28492.8;4748.8;7 Утра ООО;"ООО ""ВоронежАгро-М"""
"Пр.из творога ""365 дней"" 24%.500г.пакет.8шт";2025-10-14 23:59:57;944.0;148.4;70044.8;11674.13;ВРА-М ООО;"ООО ""7 Утра"""
"Пр.из творога ""365 дней"" 24%.500г.пакет.8шт";2025-10-14 22:08:29;296.0;148.03;21908.74;3651.46;Лента ООО РЦ Тольятти;"ООО ""ВоронежАгро-М"""
"Пр.из творога ""365 дней"" 24%.500г.пакет.8шт";2025-10-14 18:50:13;264.0;155.42;20515.97;3419.33;Лента ООО РЦ Ижора;"ООО ""ВоронежАгро-М"""
"Пр.из творога ""365 дней"" 24%.500г.пакет.8шт";2025-10-14 18:41:19;384.0;148.03;28422.14;4737.02;Лента ООО РЦ Ростов ;"ООО ""ВоронежАгро-М"""
"Пр.из творога ""365 дней"" 24%.500г.пакет.8шт";2025-10-10 23:59:57;848.0;148.4;62921.6;10486.93;ВРА-М ООО;"ООО ""7 Утра"""
"Пр.из творога ""365 дней"" 24%.500г.пакет.8шт";2025-10-10 10:22:02;848.0;159.86;67782.34;11297.06;Лента ООО РЦ Лешино;"ООО ""ВоронежАгро-М"""
"Пр.из творога ""365 дней"" 24%.500г.пакет.8шт";2025-10-07 23:59:57;1000.0;148.4;74200.0;12366.67;ВРА-М ООО;"ООО ""7 Утра"""
"Пр.из творога ""365 дней"" 24%.500г.пакет.8шт";2025-10-07 12:55:28;56.0;155.42;4351.87;725.31;Лента ООО РЦ Ижора;"ООО ""ВоронежАгро-М"""
"Пр.из творога ""365 дней"" 24%.500г.пакет.8шт";2025-10-07 11:19:31;544.0;165.46;45004.03;7500.67;Лента ООО РЦ Екатеринбург;"ООО ""ВоронежАгро-М"""
"Пр.из творога ""365 дней"" 24%.500г.пакет.8шт";2025-10-07 11:19:27;120.0;148.03;8881.92;1480.32;Лента ООО РЦ Ростов ;"ООО ""ВоронежАгро-М"""
"Пр.из творога ""365 дней"" 24%.500г.пакет.8шт";2025-10-07 11:19:23;280.0;216.58;30320.64;5053.44;Лента ООО РЦ Новосибирск;"ООО ""ВоронежАгро-М"""
"Пр.из творога ""365 дней"" 24%.500г.пакет.8шт";2025-09-30 23:59:57;304.0;148.4;22556.8;3759.47;ВРА-М ООО;"ООО ""7 Утра"""
"Пр.из творога ""365 дней"" 24%.500г.пакет.8шт";2025-09-30 07:05:52;304.0;155.42;23624.45;3937.41;Лента ООО РЦ Ижора;"ООО ""ВоронежАгро-М"""
"Пр.из творога ""365 дней"" 24%.500г.пакет.8шт";2025-09-26 23:59:58;312.0;148.4;23150.4;3858.4;7 Утра ООО;"ООО ""ВоронежАгро-М"""
"Пр.из творога ""365 дней"" 24%.500г.пакет.8шт";2025-09-25 23:59:57;608.0;148.4;45113.6;7518.93;ВРА-М ООО;"ООО ""7 Утра"""
"Пр.из творога ""365 дней"" 24%.500г.пакет.8шт";2025-09-25 14:29:42;160.0;148.03;11842.56;1973.76;Лента ООО РЦ Ростов ;"ООО ""ВоронежАгро-М"""
"Пр.из творога ""365 дней"" 24%.500г.пакет.8шт";2025-09-25 14:05:44;448.0;159.86;35809.54;5968.26;Лента ООО РЦ Лешино;"ООО ""ВоронежАгро-М"""
"Пр.из творога ""365 дней"" 24%.500г.пакет.8шт";2025-09-23 23:59:57;1488.0;148.4;110409.6;18401.6;ВРА-М ООО;"ООО ""7 Утра"""
"Пр.из творога ""365 дней"" 24%.500г.пакет.8шт";2025-09-23 17:28:21;176.0;148.03;13026.82;2171.14;Лента ООО РЦ Тольятти;"ООО ""ВоронежАгро-М"""
"Пр.из творога ""365 дней"" 24%.500г.пакет.8шт";2025-09-23 12:33:23;248.0;155.42;19272.58;3212.1;Лента ООО РЦ Ижора;"ООО ""ВоронежАгро-М"""
"Пр.из творога ""365 дней"" 24%.500г.пакет.8шт";2025-09-23 09:15:45;552.0;165.46;45665.86;7610.98;Лента ООО РЦ Екатеринбург;"ООО ""ВоронежАгро-М"""
"Пр.из творога ""365 дней"" 24%.500г.пакет.8шт";2025-09-23 07:24:33;512.0;216.58;55443.46;9240.58;Лента ООО РЦ Новосибирск;"ООО ""ВоронежАгро-М"""
"Пр.из творога ""365 дней"" 24%.500г.пакет.8шт";2025-09-19 23:59:57;312.0;148.4;23150.4;3858.4;ВРА-М ООО;"ООО ""7 Утра"""
"Пр.из творога ""365 дней"" 24%.500г.пакет.8шт";2025-09-19 15:30:06;312.0;148.03;23092.99;3848.83;Лента ООО РЦ Ростов ;"ООО ""ВоронежАгро-М"""
"Пр.из творога ""365 дней"" 24%.500г.пакет.8шт";2025-09-18 23:59:57;384.0;148.4;28492.8;4748.8;ВРА-М ООО;"ООО ""7 Утра"""
"Пр.из творога ""365 дней"" 24%.500г.пакет.8шт";2025-09-18 13:13:39;384.0;159.86;30693.89;5115.65;Лента ООО РЦ Лешино;"ООО ""ВоронежАгро-М"""
"Пр.из творога ""365 дней"" 24%.500г.пакет.8шт";2025-09-16 23:59:57;392.0;148.4;29086.4;4847.73;ВРА-М ООО;"ООО ""7 Утра"""
"Пр.из творога ""365 дней"" 24%.500г.пакет.8шт";2025-09-16 17:54:11;152.0;148.03;11250.43;1875.07;Лента ООО РЦ Тольятти;"ООО ""ВоронежАгро-М"""
"Пр.из творога ""365 дней"" 24%.500г.пакет.8шт";2025-09-16 03:54:53;240.0;155.42;18650.88;3108.48;Лента ООО РЦ Ижора;"ООО ""ВоронежАгро-М"""
"Пр.из творога ""365 дней"" 24%.500г.пакет.8шт";2025-09-11 23:59:57;472.0;148.4;35022.4;5837.07;ВРА-М ООО;"ООО ""7 Утра"""
"Пр.из творога ""365 дней"" 24%.500г.пакет.8шт";2025-09-11 12:25:10;224.0;159.86;17904.77;2984.13;Лента ООО РЦ Лешино;"ООО ""ВоронежАгро-М"""
"Пр.из творога ""365 дней"" 24%.500г.пакет.8шт";2025-09-11 05:08:43;248.0;148.03;18355.97;3059.33;Лента ООО РЦ Ростов ;"ООО ""ВоронежАгро-М"""
"Пр.из творога ""365 дней"" 24%.500г.пакет.8шт";2025-09-09 23:59:57;1144.0;148.4;84884.8;14147.47;ВРА-М ООО;"ООО ""7 Утра"""
"Пр.из творога ""365 дней"" 24%.500г.пакет.8шт";2025-09-09 21:15:55;288.0;148.03;21316.61;3552.77;Лента ООО РЦ Тольятти;"ООО ""ВоронежАгро-М"""
"Пр.из творога ""365 дней"" 24%.500г.пакет.8шт";2025-09-09 16:44:45;224.0;155.42;17407.49;2901.25;Лента ООО РЦ Ижора;"ООО ""ВоронежАгро-М"""
"Пр.из творога ""365 дней"" 24%.500г.пакет.8шт";2025-09-09 11:56:03;440.0;165.46;36400.32;6066.72;Лента ООО РЦ Екатеринбург;"ООО ""ВоронежАгро-М"""
"Пр.из творога ""365 дней"" 24%.500г.пакет.8шт";2025-09-09 11:55:58;192.0;216.58;20791.3;3465.22;Лента ООО РЦ Новосибирск;"ООО ""ВоронежАгро-М"""
"Пр.из творога ""365 дней"" 24%.500г.пакет.8шт";2025-09-08 23:59:58;176.0;148.4;13059.2;2176.53;7 Утра ООО;"ООО ""ВоронежАгро-М"""
"Пр.из творога ""365 дней"" 24%.500г.пакет.8шт";2025-09-08 23:59:58;248.0;148.4;18401.6;3066.93;7 Утра ООО;"ООО ""ВоронежАгро-М"""
"Пр.из творога ""365 дней"" 24%.500г.пакет.8шт";2025-09-05 23:59:57;224.0;148.4;16620.8;2770.13;ВРА-М ООО;"ООО ""7 Утра"""
"Пр.из творога ""365 дней"" 24%.500г.пакет.8шт";2025-09-05 10:21:42;224.0;159.86;17904.77;2984.13;Лента ООО РЦ Лешино;"ООО ""ВоронежАгро-М"""
"Пр.из творога ""365 дней"" 24%.500г.пакет.8шт";2025-09-04 23:59:57;248.0;148.4;18401.6;3066.93;ВРА-М ООО;"ООО ""7 Утра"""
"Пр.из творога ""365 дней"" 24%.500г.пакет.8шт";2025-09-04 03:09:14;248.0;148.03;18355.97;3059.33;Лента ООО РЦ Ростов ;"ООО ""ВоронежАгро-М"""
"Пр.из творога ""365 дней"" 24%.500г.пакет.8шт";2025-09-03 23:59:57;200.0;148.4;14840.0;2473.33;ВРА-М ООО;"ООО ""7 Утра"""
"Пр.из творога ""365 дней"" 24%.500г.пакет.8шт";2025-09-03 08:12:24;200.0;148.03;14803.2;2467.2;Лента ООО РЦ Тольятти;"ООО ""ВоронежАгро-М"""
"Пр.из творога ""365 дней"" 24%.500г.пакет.8шт";2025-09-02 23:59:57;176.0;148.4;13059.2;2176.53;ВРА-М ООО;"ООО ""7 Утра"""
"Пр.из творога ""365 дней"" 24%.500г.пакет.8шт";2025-09-02 15:11:28;176.0;155.42;13677.31;2279.55;Лента ООО РЦ Ижора;"ООО ""ВоронежАгро-М"""
"Пр.из творога ""365 дней"" 24%.500г.пакет.8шт";2025-08-29 23:59:57;272.0;164.4;22358.4;3726.4;ВРА-М ООО;"ООО ""7 Утра"""
"Пр.из творога ""365 дней"" 24%.500г.пакет.8шт";2025-08-29 13:46:41;272.0;159.86;21741.5;3623.58;Лента ООО РЦ Лешино;"ООО ""ВоронежАгро-М"""
"Пр.из творога ""365 дней"" 24%.500г.пакет.8шт";2025-08-28 23:59:57;160.0;164.4;13152.0;2192.0;ВРА-М ООО;"ООО ""7 Утра"""
"Пр.из творога ""365 дней"" 24%.500г.пакет.8шт";2025-08-28 05:34:40;160.0;148.03;11842.56;1973.76;Лента ООО РЦ Ростов ;"ООО ""ВоронежАгро-М"""
"Пр.из творога ""365 дней"" 24%.500г.пакет.8шт";2025-08-27 23:59:57;968.0;164.4;79569.6;13261.6;ВРА-М ООО;"ООО ""7 Утра"""
"Пр.из творога ""365 дней"" 24%.500г.пакет.8шт";2025-08-27 12:40:22;552.0;165.46;45665.86;7610.98;Лента ООО РЦ Екатеринбург;"ООО ""ВоронежАгро-М"""
"Пр.из творога ""365 дней"" 24%.500г.пакет.8шт";2025-08-27 12:40:18;240.0;155.42;18650.88;3108.48;Лента ООО РЦ Ижора;"ООО ""ВоронежАгро-М"""
"Пр.из творога ""365 дней"" 24%.500г.пакет.8шт";2025-08-27 09:56:08;176.0;148.03;13026.82;2171.14;Лента ООО РЦ Тольятти;"ООО ""ВоронежАгро-М"""
"Пр.из творога ""365 дней"" 24%.500г.пакет.8шт";2025-08-26 23:59:57;448.0;164.4;36825.6;6137.6;ВРА-М ООО;"ООО ""7 Утра"""
"Пр.из творога ""365 дней"" 24%.500г.пакет.8шт";2025-08-26 12:10:53;448.0;216.58;48513.02;8085.5;Лента ООО РЦ Новосибирск;"ООО ""ВоронежАгро-М"""
"Пр.из творога ""365 дней"" 24%.500г.пакет.8шт";2025-08-25 23:59:58;104.0;164.4;8548.8;1424.8;7 Утра ООО;"ООО ""ВоронежАгро-М"""
"Пр.из творога ""365 дней"" 24%.500г.пакет.8шт";2025-08-22 23:59:57;544.0;164.4;44716.8;7452.8;ВРА-М ООО;"ООО ""7 Утра"""
"Пр.из творога ""365 дней"" 24%.500г.пакет.8шт";2025-08-22 17:30:18;544.0;159.86;43483.01;7247.17;Лента ООО РЦ Лешино;"ООО ""ВоронежАгро-М"""
"Пр.из творога ""365 дней"" 24%.500г.пакет.8шт";2025-08-21 23:59:57;104.0;164.4;8548.8;1424.8;ВРА-М ООО;"ООО ""7 Утра"""
"Пр.из творога ""365 дней"" 24%.500г.пакет.8шт";2025-08-21 02:48:32;104.0;148.03;7697.66;1282.94;Лента ООО РЦ Ростов ;"ООО ""ВоронежАгро-М"""
"Пр.из творога ""365 дней"" 24%.500г.пакет.8шт";2025-08-19 23:59:57;360.0;164.4;29592.0;4932.0;ВРА-М ООО;"ООО ""7 Утра"""
"Пр.из творога ""365 дней"" 24%.500г.пакет.8шт";2025-08-19 23:01:27;144.0;148.03;10658.3;1776.38;Лента ООО РЦ Тольятти;"ООО ""ВоронежАгро-М"""
"Пр.из творога ""365 дней"" 24%.500г.пакет.8шт";2025-08-19 13:48:29;216.0;155.42;16785.79;2797.63;Лента ООО РЦ Ижора;"ООО ""ВоронежАгро-М"""
"Пр.из творога ""365 дней"" 24%.500г.пакет.8шт";2025-08-14 23:59:57;472.0;164.4;38798.4;6466.4;ВРА-М ООО;"ООО ""7 Утра"""
"Пр.из творога ""365 дней"" 24%.500г.пакет.8шт";2025-08-14 19:54:42;240.0;159.86;19183.68;3197.28;Лента ООО РЦ Лешино;"ООО ""ВоронежАгро-М"""
"Пр.из творога ""365 дней"" 24%.500г.пакет.8шт";2025-08-14 03:57:06;232.0;148.03;17171.71;2861.95;Лента ООО РЦ Ростов ;"ООО ""ВоронежАгро-М"""
"Пр.из творога ""365 дней"" 24%.500г.пакет.8шт";2025-08-12 23:59:57;1360.0;164.4;111792.0;18632.0;ВРА-М ООО;"ООО ""7 Утра"""
"Пр.из творога ""365 дней"" 24%.500г.пакет.8шт";2025-08-12 21:13:11;176.0;148.03;13026.82;2171.14;Лента ООО РЦ Тольятти;"ООО ""ВоронежАгро-М"""
"Пр.из творога ""365 дней"" 24%.500г.пакет.8шт";2025-08-12 05:46:50;728.0;165.46;60225.98;10037.66;Лента ООО РЦ Екатеринбург;"ООО ""ВоронежАгро-М"""
"Пр.из творога ""365 дней"" 24%.500г.пакет.8шт";2025-08-12 05:46:46;152.0;155.42;11812.22;1968.7;Лента ООО РЦ Ижора;"ООО ""ВоронежАгро-М"""
"Пр.из творога ""365 дней"" 24%.500г.пакет.8шт";2025-08-12 05:46:43;304.0;216.58;32919.55;5486.59;Лента ООО РЦ Новосибирск;"ООО ""ВоронежАгро-М"""
"Пр.из творога ""365 дней"" 24%.500г.пакет.8шт";2025-08-11 23:59:58;360.0;164.4;29592.0;4932.0;7 Утра ООО;"ООО ""ВоронежАгро-М"""
"Пр.из творога ""365 дней"" 24%.500г.пакет.8шт";2025-08-08 23:59:57;360.0;164.4;29592.0;4932.0;ВРА-М ООО;"ООО ""7 Утра"""
"Пр.из творога ""365 дней"" 24%.500г.пакет.8шт";2025-08-08 10:59:33;360.0;159.86;28775.52;4795.92;Лента ООО РЦ Лешино;"ООО ""ВоронежАгро-М"""
"Пр.из творога ""365 дней"" 24%.500г.пакет.8шт";2025-08-07 23:59:57;96.0;164.4;7891.2;1315.2;ВРА-М ООО;"ООО ""7 Утра"""
"Пр.из творога ""365 дней"" 24%.500г.пакет.8шт";2025-08-07 05:21:17;96.0;148.03;7105.54;1184.26;Лента ООО РЦ Ростов ;"ООО ""ВоронежАгро-М"""
"Пр.из творога ""365 дней"" 24%.500г.пакет.8шт";2025-08-05 23:59:57;328.0;164.4;26961.6;4493.6;ВРА-М ООО;"ООО ""7 Утра"""
"Пр.из творога ""365 дней"" 24%.500г.пакет.8шт";2025-08-05 23:31:36;120.0;148.03;8881.92;1480.32;Лента ООО РЦ Тольятти;"ООО ""ВоронежАгро-М"""
"Пр.из творога ""365 дней"" 24%.500г.пакет.8шт";2025-08-05 21:15:22;208.0;155.42;16164.1;2694.02;Лента ООО РЦ Ижора;"ООО ""ВоронежАгро-М"""
"Пр.из творога ""365 дней"" 24%.500г.пакет.8шт";2025-08-04 23:59:58;64.0;164.4;5260.8;876.8;7 Утра ООО;"ООО ""ВоронежАгро-М"""
"Пр.из творога ""365 дней"" 24%.500г.пакет.8шт";2025-08-01 23:59:57;400.0;164.4;32880.0;5480.0;ВРА-М ООО;"ООО ""7 Утра"""
"Пр.из творога ""365 дней"" 24%.500г.пакет.8шт";2025-08-01 16:55:55;400.0;159.86;31972.8;5328.8;Лента ООО РЦ Лешино;"ООО ""ВоронежАгро-М"""
"Пр.из творога ""365 дней"" 24%.500г.пакет.8шт";2025-07-31 23:59:57;64.0;148.4;4748.8;791.47;ВРА-М ООО;"ООО ""7 Утра"""
"Пр.из творога ""365 дней"" 24%.500г.пакет.8шт";2025-07-31 09:12:56;64.0;148.03;4737.02;789.5;Лента ООО РЦ Ростов ;"ООО ""ВоронежАгро-М"""
"Пр.из творога ""365 дней"" 24%.500г.пакет.8шт";2025-07-30 23:59:57;136.0;148.4;10091.2;1681.87;ВРА-М ООО;"ООО ""7 Утра"""
"Пр.из творога ""365 дней"" 24%.500г.пакет.8шт";2025-07-30 23:44:56;136.0;148.03;10066.18;1677.7;Лента ООО РЦ Тольятти;"ООО ""ВоронежАгро-М"""
"Пр.из творога ""365 дней"" 24%.500г.пакет.8шт";2025-07-29 23:59:57;632.0;148.4;46894.4;7815.73;ВРА-М ООО;"ООО ""7 Утра"""
"Пр.из творога ""365 дней"" 24%.500г.пакет.8шт";2025-07-29 17:06:33;120.0;155.42;9325.44;1554.24;Лента ООО РЦ Ижора;"ООО ""ВоронежАгро-М"""
"Пр.из творога ""365 дней"" 24%.500г.пакет.8шт";2025-07-29 12:38:16;512.0;216.58;55443.46;9240.58;Лента ООО РЦ Новосибирск;"ООО ""ВоронежАгро-М"""
"Пр.из творога ""365 дней"" 24%.500г.пакет.8шт";2025-07-25 23:59:57;288.0;148.4;21369.6;3561.6;ВРА-М ООО;"ООО ""7 Утра"""
"Пр.из творога ""365 дней"" 24%.500г.пакет.8шт";2025-07-25 16:38:47;288.0;159.86;23020.42;3836.74;Лента ООО РЦ Лешино;"ООО ""ВоронежАгро-М"""
"Пр.из творога ""365 дней"" 24%.500г.пакет.8шт";2025-07-24 23:59:57;192.0;148.4;14246.4;2374.4;ВРА-М ООО;"ООО ""7 Утра"""
"Пр.из творога ""365 дней"" 24%.500г.пакет.8шт";2025-07-24 03:44:43;192.0;148.03;14211.07;2368.51;Лента ООО РЦ Ростов ;"ООО ""ВоронежАгро-М"""
"Пр.из творога ""365 дней"" 24%.500г.пакет.8шт";2025-07-23 23:59:57;144.0;148.4;10684.8;1780.8;ВРА-М ООО;"ООО ""7 Утра"""
"Пр.из творога ""365 дней"" 24%.500г.пакет.8шт";2025-07-23 04:30:56;144.0;148.03;10658.3;1776.38;Лента ООО РЦ Тольятти;"ООО ""ВоронежАгро-М"""
"Пр.из творога ""365 дней"" 24%.500г.пакет.8шт";2025-07-22 23:59:57;216.0;148.4;16027.2;2671.2;ВРА-М ООО;"ООО ""7 Утра"""
"Пр.из творога ""365 дней"" 24%.500г.пакет.8шт";2025-07-22 23:30:25;216.0;155.42;16785.79;2797.63;Лента ООО РЦ Ижора;"ООО ""ВоронежАгро-М"""
"Пр.из творога ""365 дней"" 24%.500г.пакет.8шт";2025-07-18 23:59:57;312.0;148.4;23150.4;3858.4;ВРА-М ООО;"ООО ""7 Утра"""
"Пр.из творога ""365 дней"" 24%.500г.пакет.8шт";2025-07-18 14:07:57;312.0;159.86;24938.78;4156.46;Лента ООО РЦ Лешино;"ООО ""ВоронежАгро-М"""
"Пр.из творога ""365 дней"" 24%.500г.пакет.8шт";2025-07-16 23:59:57;224.0;148.4;16620.8;2770.13;ВРА-М ООО;"ООО ""7 Утра"""
"Пр.из творога ""365 дней"" 24%.500г.пакет.8шт";2025-07-16 21:51:40;224.0;148.03;16579.58;2763.26;Лента ООО РЦ Тольятти;"ООО ""ВоронежАгро-М"""
"Пр.из творога ""365 дней"" 24%.500г.пакет.8шт";2025-07-15 23:59:57;1512.0;148.4;112190.4;18698.4;ВРА-М ООО;"ООО ""7 Утра"""
"Пр.из творога ""365 дней"" 24%.500г.пакет.8шт";2025-07-15 21:03:23;232.0;155.42;18029.18;3004.86;Лента ООО РЦ Ижора;"ООО ""ВоронежАгро-М"""
"Пр.из творога ""365 дней"" 24%.500г.пакет.8шт";2025-07-15 16:21:59;768.0;165.46;63535.1;10589.18;Лента ООО РЦ Екатеринбург;"ООО ""ВоронежАгро-М"""
"Пр.из творога ""365 дней"" 24%.500г.пакет.8шт";2025-07-15 16:21:52;80.0;148.03;5921.28;986.88;Лента ООО РЦ Ростов ;"ООО ""ВоронежАгро-М"""
"Пр.из творога ""365 дней"" 24%.500г.пакет.8шт";2025-07-15 12:43:51;432.0;216.58;46780.42;7796.74;Лента ООО РЦ Новосибирск;"ООО ""ВоронежАгро-М"""
"Пр.из творога ""365 дней"" 24%.500г.пакет.8шт";2025-07-11 23:59:57;888.0;148.4;65889.6;10981.6;ВРА-М ООО;"ООО ""7 Утра"""
"Пр.из творога ""365 дней"" 24%.500г.пакет.8шт";2025-07-11 15:21:25;296.0;155.42;23002.75;3833.79;Лента ООО РЦ Ижора;"ООО ""ВоронежАгро-М"""
"Пр.из творога ""365 дней"" 24%.500г.пакет.8шт";2025-07-11 04:09:55;592.0;159.86;47319.74;7886.62;Лента ООО РЦ Лешино;"ООО ""ВоронежАгро-М"""
"Пр.из творога ""365 дней"" 24%.500г.пакет.8шт";2025-07-10 23:59:57;112.0;148.4;8310.4;1385.07;ВРА-М ООО;"ООО ""7 Утра"""
"Пр.из творога ""365 дней"" 24%.500г.пакет.8шт";2025-07-10 08:46:02;112.0;148.03;8289.79;1381.63;Лента ООО РЦ Ростов ;"ООО ""ВоронежАгро-М"""
"Пр.из творога ""365 дней"" 24%.500г.пакет.8шт";2025-07-09 23:59:57;200.0;148.4;14840.0;2473.33;ВРА-М ООО;"ООО ""7 Утра"""
"Пр.из творога ""365 дней"" 24%.500г.пакет.8шт";2025-07-09 19:11:43;200.0;148.03;14803.2;2467.2;Лента ООО РЦ Тольятти;"ООО ""ВоронежАгро-М"""
"Пр.из творога ""365 дней"" 24%.500г.пакет.8шт";2025-07-04 23:59:57;296.0;148.4;21963.2;3660.53;ВРА-М ООО;"ООО ""7 Утра"""
"Пр.из творога ""365 дней"" 24%.500г.пакет.8шт";2025-07-04 16:12:05;296.0;159.86;23659.87;3943.31;Лента ООО РЦ Лешино;"ООО ""ВоронежАгро-М"""
"Пр.из творога ""365 дней"" 24%.500г.пакет.8шт";2025-07-02 23:59:57;384.0;148.4;28492.8;4748.8;ВРА-М ООО;"ООО ""7 Утра"""
"Пр.из творога ""365 дней"" 24%.500г.пакет.8шт";2025-07-02 11:43:41;384.0;155.42;29841.41;4973.57;Лента ООО РЦ Ижора;"ООО ""ВоронежАгро-М"""
"Пр.из творога ""365 дней"" 24%.500г.пакет.8шт";2025-07-01 23:59:57;768.0;148.4;56985.6;9497.6;ВРА-М ООО;"ООО ""7 Утра"""
"Пр.из творога ""365 дней"" 24%.500г.пакет.8шт";2025-07-01 16:33:03;232.0;148.03;17171.71;2861.95;Лента ООО РЦ Ростов ;"ООО ""ВоронежАгро-М"""
"Пр.из творога ""365 дней"" 24%.500г.пакет.8шт";2025-07-01 16:32:58;384.0;216.58;41582.59;6930.43;Лента ООО РЦ Новосибирск;"ООО ""ВоронежАгро-М"""
"Пр.из творога ""365 дней"" 24%.500г.пакет.8шт";2025-07-01 12:31:19;152.0;148.03;11250.43;1875.07;Лента ООО РЦ Тольятти;"ООО ""ВоронежАгро-М"""
"Пр.из творога ""365 дней"" 24%.500г.пакет.8шт";2025-06-26 23:59:57;240.0;148.4;17808.0;2968.0;ВРА-М ООО;"ООО ""7 Утра"""
"Пр.из творога ""365 дней"" 24%.500г.пакет.8шт";2025-06-26 06:23:19;240.0;148.03;17763.84;2960.64;Лента ООО РЦ Ростов ;"ООО ""ВоронежАгро-М"""
"Пр.из творога ""365 дней"" 24%.500г.пакет.8шт";2025-06-25 23:59:57;536.0;148.4;39771.2;6628.53;ВРА-М ООО;"ООО ""7 Утра"""
"Пр.из творога ""365 дней"" 24%.500г.пакет.8шт";2025-06-25 11:15:58;224.0;148.03;16579.58;2763.26;Лента ООО РЦ Тольятти;"ООО ""ВоронежАгро-М"""
"Пр.из творога ""365 дней"" 24%.500г.пакет.8шт";2025-06-25 10:56:33;312.0;155.42;24246.14;4041.02;Лента ООО РЦ Ижора;"ООО ""ВоронежАгро-М"""
"Пр.из творога ""365 дней"" 24%.500г.пакет.8шт";2025-06-20 23:59:57;256.0;148.4;18995.2;3165.87;ВРА-М ООО;"ООО ""7 Утра"""
"Пр.из творога ""365 дней"" 24%.500г.пакет.8шт";2025-06-20 15:03:51;256.0;159.86;20462.59;3410.43;Лента ООО РЦ Лешино;"ООО ""ВоронежАгро-М"""
"Пр.из творога ""365 дней"" 24%.500г.пакет.8шт";2025-06-19 23:59:57;136.0;148.4;10091.2;1681.87;ВРА-М ООО;"ООО ""7 Утра"""
"Пр.из творога ""365 дней"" 24%.500г.пакет.8шт";2025-06-19 09:04:45;136.0;148.03;10066.18;1677.7;Лента ООО РЦ Ростов ;"ООО ""ВоронежАгро-М"""
"Пр.из творога ""365 дней"" 24%.500г.пакет.8шт";2025-06-18 23:59:57;144.0;148.4;10684.8;1780.8;ВРА-М ООО;"ООО ""7 Утра"""
"Пр.из творога ""365 дней"" 24%.500г.пакет.8шт";2025-06-18 11:10:08;144.0;148.03;10658.3;1776.38;Лента ООО РЦ Тольятти;"ООО ""ВоронежАгро-М"""
"Пр.из творога ""365 дней"" 24%.500г.пакет.8шт";2025-06-17 23:59:57;992.0;148.4;73606.4;12267.73;ВРА-М ООО;"ООО ""7 Утра"""
"Пр.из творога ""365 дней"" 24%.500г.пакет.8шт";2025-06-17 15:33:36;208.0;155.42;16164.1;2694.02;Лента ООО РЦ Ижора;"ООО ""ВоронежАгро-М"""
"Пр.из творога ""365 дней"" 24%.500г.пакет.8шт";2025-06-17 13:46:47;400.0;165.46;33091.2;5515.2;Лента ООО РЦ Екатеринбург;"ООО ""ВоронежАгро-М"""
"Пр.из творога ""365 дней"" 24%.500г.пакет.8шт";2025-06-17 13:46:42;384.0;216.58;41582.59;6930.43;Лента ООО РЦ Новосибирск;"ООО ""ВоронежАгро-М"""
"Пр.из творога ""365 дней"" 24%.500г.пакет.8шт";2025-06-13 23:59:57;288.0;148.4;21369.6;3561.6;ВРА-М ООО;"ООО ""7 Утра"""
"Пр.из творога ""365 дней"" 24%.500г.пакет.8шт";2025-06-13 12:56:17;288.0;159.86;23020.42;3836.74;Лента ООО РЦ Лешино;"ООО ""ВоронежАгро-М"""
"Пр.из творога ""365 дней"" 24%.500г.пакет.8шт";2025-06-12 23:59:57;176.0;148.4;13059.2;2176.53;ВРА-М ООО;"ООО ""7 Утра"""
"Пр.из творога ""365 дней"" 24%.500г.пакет.8шт";2025-06-12 18:29:58;176.0;148.03;13026.82;2171.14;Лента ООО РЦ Ростов ;"ООО ""ВоронежАгро-М"""
"Пр.из творога ""365 дней"" 24%.500г.пакет.8шт";2025-06-10 23:59:57;680.0;148.4;50456.0;8409.33;ВРА-М ООО;"ООО ""7 Утра"""
"Пр.из творога ""365 дней"" 24%.500г.пакет.8шт";2025-06-10 20:59:08;544.0;155.42;42275.33;7045.89;Лента ООО РЦ Ижора;"ООО ""ВоронежАгро-М"""
"Пр.из творога ""365 дней"" 24%.500г.пакет.8шт";2025-06-10 08:33:18;136.0;148.03;10066.18;1677.7;Лента ООО РЦ Тольятти;"ООО ""ВоронежАгро-М"""
"Пр.из творога ""365 дней"" 24%.500г.пакет.8шт";2025-06-06 23:59:57;280.0;148.4;20776.0;3462.67;ВРА-М ООО;"ООО ""7 Утра"""
"Пр.из творога ""365 дней"" 24%.500г.пакет.8шт";2025-06-06 09:31:23;280.0;159.86;22380.96;3730.16;Лента ООО РЦ Лешино;"ООО ""ВоронежАгро-М"""
"Пр.из творога ""365 дней"" 24%.500г.пакет.8шт";2025-06-05 23:59:57;160.0;148.4;11872.0;1978.67;ВРА-М ООО;"ООО ""7 Утра"""
"Пр.из творога ""365 дней"" 24%.500г.пакет.8шт";2025-06-05 14:11:19;160.0;148.03;11842.56;1973.76;Лента ООО РЦ Ростов ;"ООО ""ВоронежАгро-М"""
"Пр.из творога ""365 дней"" 24%.500г.пакет.8шт";2025-06-04 23:59:58;296.0;148.4;21963.2;3660.53;7 Утра ООО;"ООО ""ВоронежАгро-М"""
"Пр.из творога ""365 дней"" 24%.500г.пакет.8шт";2025-06-03 23:59:57;1080.0;148.4;80136.0;13356.0;ВРА-М ООО;"ООО ""7 Утра"""
"Пр.из творога ""365 дней"" 24%.500г.пакет.8шт";2025-06-03 21:13:25;96.0;148.03;7105.54;1184.26;Лента ООО РЦ Тольятти;"ООО ""ВоронежАгро-М"""
"Пр.из творога ""365 дней"" 24%.500г.пакет.8шт";2025-06-03 09:43:41;400.0;165.46;33091.2;5515.2;Лента ООО РЦ Екатеринбург;"ООО ""ВоронежАгро-М"""
"Пр.из творога ""365 дней"" 24%.500г.пакет.8шт";2025-06-03 09:43:38;208.0;155.42;16164.1;2694.02;Лента ООО РЦ Ижора;"ООО ""ВоронежАгро-М"""
"Пр.из творога ""365 дней"" 24%.500г.пакет.8шт";2025-06-03 09:43:35;376.0;216.58;40716.29;6786.05;Лента ООО РЦ Новосибирск;"ООО ""ВоронежАгро-М"""
"Пр.из творога ""365 дней"" 24%.500г.пакет.8шт";2025-05-30 23:59:57;248.0;148.4;18401.6;3066.93;ВРА-М ООО;"ООО ""7 Утра"""
"Пр.из творога ""365 дней"" 24%.500г.пакет.8шт";2025-05-30 14:18:29;248.0;159.86;19823.14;3303.86;Лента ООО РЦ Лешино;"ООО ""ВоронежАгро-М"""
"Пр.из творога ""365 дней"" 24%.500г.пакет.8шт";2025-05-29 23:59:57;400.0;148.4;29680.0;4946.67;ВРА-М ООО;"ООО ""7 Утра"""
"Пр.из творога ""365 дней"" 24%.500г.пакет.8шт";2025-05-29 14:02:00;296.0;155.42;23002.75;3833.79;Лента ООО РЦ Ижора;"ООО ""ВоронежАгро-М"""
"Пр.из творога ""365 дней"" 24%.500г.пакет.8шт";2025-05-29 05:44:12;104.0;148.03;7697.66;1282.94;Лента ООО РЦ Ростов ;"ООО ""ВоронежАгро-М"""
"Пр.из творога ""365 дней"" 24%.500г.пакет.8шт";2025-05-28 23:59:57;104.0;148.4;7716.8;1286.13;ВРА-М ООО;"ООО ""7 Утра"""
"Пр.из творога ""365 дней"" 24%.500г.пакет.8шт";2025-05-28 11:10:22;104.0;148.03;7697.66;1282.94;Лента ООО РЦ Тольятти;"ООО ""ВоронежАгро-М"""
"Пр.из творога ""365 дней"" 24%.500г.пакет.8шт";2025-05-23 23:59:57;376.0;148.4;27899.2;4649.87;ВРА-М ООО;"ООО ""7 Утра"""
"Пр.из творога ""365 дней"" 24%.500г.пакет.8шт";2025-05-23 09:20:44;376.0;159.86;30054.43;5009.07;Лента ООО РЦ Лешино;"ООО ""ВоронежАгро-М"""
"Пр.из творога ""365 дней"" 24%.500г.пакет.8шт";2025-05-22 23:59:57;120.0;148.4;8904.0;1484.0;ВРА-М ООО;"ООО ""7 Утра"""
"Пр.из творога ""365 дней"" 24%.500г.пакет.8шт";2025-05-22 14:09:44;120.0;148.03;8881.92;1480.32;Лента ООО РЦ Ростов ;"ООО ""ВоронежАгро-М"""
"Пр.из творога ""365 дней"" 24%.500г.пакет.8шт";2025-05-20 23:59:57;1120.0;148.4;83104.0;13850.67;ВРА-М ООО;"ООО ""7 Утра"""
"Пр.из творога ""365 дней"" 24%.500г.пакет.8шт";2025-05-20 19:23:30;240.0;216.58;25989.12;4331.52;Лента ООО РЦ Новосибирск;"ООО ""ВоронежАгро-М"""
"Пр.из творога ""365 дней"" 24%.500г.пакет.8шт";2025-05-20 18:50:10;136.0;148.03;10066.18;1677.7;Лента ООО РЦ Тольятти;"ООО ""ВоронежАгро-М"""
"Пр.из творога ""365 дней"" 24%.500г.пакет.8шт";2025-05-20 16:42:44;280.0;155.42;21759.36;3626.56;Лента ООО РЦ Ижора;"ООО ""ВоронежАгро-М"""
"Пр.из творога ""365 дней"" 24%.500г.пакет.8шт";2025-05-20 12:23:58;464.0;165.46;38385.79;6397.63;Лента ООО РЦ Екатеринбург;"ООО ""ВоронежАгро-М"""
"Пр.из творога ""365 дней"" 24%.500г.пакет.8шт";2025-05-15 23:59:57;400.0;148.4;29680.0;4946.67;ВРА-М ООО;"ООО ""7 Утра"""
"Пр.из творога ""365 дней"" 24%.500г.пакет.8шт";2025-05-15 21:25:31;280.0;159.86;22380.96;3730.16;Лента ООО РЦ Лешино;"ООО ""ВоронежАгро-М"""
"Пр.из творога ""365 дней"" 24%.500г.пакет.8шт";2025-05-15 08:54:11;120.0;148.03;8881.92;1480.32;Лента ООО РЦ Ростов ;"ООО ""ВоронежАгро-М"""
"Пр.из творога ""365 дней"" 24%.500г.пакет.8шт";2025-05-14 23:59:57;120.0;148.4;8904.0;1484.0;ВРА-М ООО;"ООО ""7 Утра"""
"Пр.из творога ""365 дней"" 24%.500г.пакет.8шт";2025-05-14 14:59:50;120.0;148.03;8881.92;1480.32;Лента ООО РЦ Тольятти;"ООО ""ВоронежАгро-М"""
"Пр.из творога ""365 дней"" 24%.500г.пакет.8шт";2025-05-13 23:59:57;224.0;148.4;16620.8;2770.13;ВРА-М ООО;"ООО ""7 Утра"""
"Пр.из творога ""365 дней"" 24%.500г.пакет.8шт";2025-05-13 11:32:37;224.0;155.42;17407.49;2901.25;Лента ООО РЦ Ижора;"ООО ""ВоронежАгро-М"""
"Пр.из творога ""365 дней"" 24%.500г.пакет.8шт";2025-05-09 23:59:57;432.0;148.4;32054.4;5342.4;ВРА-М ООО;"ООО ""7 Утра"""
"Пр.из творога ""365 дней"" 24%.500г.пакет.8шт";2025-05-09 10:55:10;432.0;159.86;34530.62;5755.1;Лента ООО РЦ Лешино;"ООО ""ВоронежАгро-М"""
"Пр.из творога ""365 дней"" 24%.500г.пакет.8шт";2025-05-08 23:59:57;112.0;148.4;8310.4;1385.07;ВРА-М ООО;"ООО ""7 Утра"""
"Пр.из творога ""365 дней"" 24%.500г.пакет.8шт";2025-05-08 11:28:05;112.0;148.03;8289.79;1381.63;Лента ООО РЦ Ростов ;"ООО ""ВоронежАгро-М"""
"Пр.из творога ""365 дней"" 24%.500г.пакет.8шт";2025-05-06 23:59:57;1264.0;148.4;93788.8;15631.47;ВРА-М ООО;"ООО ""7 Утра"""
"Пр.из творога ""365 дней"" 24%.500г.пакет.8шт";2025-05-06 18:35:46;184.0;155.42;14299.01;2383.17;Лента ООО РЦ Ижора;"ООО ""ВоронежАгро-М"""
"Пр.из творога ""365 дней"" 24%.500г.пакет.8шт";2025-05-06 17:25:27;96.0;148.03;7105.54;1184.26;Лента ООО РЦ Тольятти;"ООО ""ВоронежАгро-М"""
"Пр.из творога ""365 дней"" 24%.500г.пакет.8шт";2025-05-06 10:45:13;360.0;165.46;29782.08;4963.68;Лента ООО РЦ Екатеринбург;"ООО ""ВоронежАгро-М"""
"Пр.из творога ""365 дней"" 24%.500г.пакет.8шт";2025-05-06 10:45:09;624.0;216.58;67571.71;11261.95;Лента ООО РЦ Новосибирск;"ООО ""ВоронежАгро-М"""
"Пр.из творога ""365 дней"" 24%.500г.пакет.8шт";2025-05-03 23:59:57;248.0;148.4;18401.6;3066.93;ВРА-М ООО;"ООО ""7 Утра"""
"Пр.из творога ""365 дней"" 24%.500г.пакет.8шт";2025-05-03 01:03:54;248.0;159.86;19823.14;3303.86;Лента ООО РЦ Лешино;"ООО ""ВоронежАгро-М"""
"Пр.из творога ""365 дней"" 24%.500г.пакет.8шт";2025-05-01 23:59:57;232.0;148.4;17214.4;2869.07;ВРА-М ООО;"ООО ""7 Утра"""
"Пр.из творога ""365 дней"" 24%.500г.пакет.8шт";2025-05-01 20:31:18;232.0;148.03;17171.71;2861.95;Лента ООО РЦ Ростов ;"ООО ""ВоронежАгро-М"""
"Пр.из творога ""365 дней"" 24%.500г.пакет.8шт";2025-04-30 23:59:57;312.0;148.4;23150.4;3858.4;ВРА-М ООО;"ООО ""7 Утра"""
"Пр.из творога ""365 дней"" 24%.500г.пакет.8шт";2025-04-30 18:59:27;312.0;148.03;23092.99;3848.83;Лента ООО РЦ Тольятти;"ООО ""ВоронежАгро-М"""
"Пр.из творога ""365 дней"" 24%.500г.пакет.8шт";2025-04-29 23:59:57;264.0;148.4;19588.8;3264.8;ВРА-М ООО;"ООО ""7 Утра"""
"Пр.из творога ""365 дней"" 24%.500г.пакет.8шт";2025-04-29 18:37:34;264.0;155.42;20515.97;3419.33;Лента ООО РЦ Ижора;"ООО ""ВоронежАгро-М"""
"Пр.из творога ""365 дней"" 24%.500г.пакет.8шт";2025-04-25 23:59:57;640.0;148.4;47488.0;7914.67;ВРА-М ООО;"ООО ""7 Утра"""
"Пр.из творога ""365 дней"" 24%.500г.пакет.8шт";2025-04-25 15:05:24;640.0;159.86;51156.48;8526.08;Лента ООО РЦ Лешино;"ООО ""ВоронежАгро-М"""
"Пр.из творога ""365 дней"" 24%.500г.пакет.8шт";2025-04-24 23:59:57;288.0;148.4;21369.6;3561.6;ВРА-М ООО;"ООО ""7 Утра"""
"Пр.из творога ""365 дней"" 24%.500г.пакет.8шт";2025-04-24 05:05:15;288.0;148.03;21316.61;3552.77;Лента ООО РЦ Ростов ;"ООО ""ВоронежАгро-М"""
"Пр.из творога ""365 дней"" 24%.500г.пакет.8шт";2025-04-23 23:59:57;616.0;148.4;45707.2;7617.87;ВРА-М ООО;"ООО ""7 Утра"""
"Пр.из творога ""365 дней"" 24%.500г.пакет.8шт";2025-04-23 16:31:45;304.0;148.03;22500.86;3750.14;Лента ООО РЦ Тольятти;"ООО ""ВоронежАгро-М"""
"Пр.из творога ""365 дней"" 24%.500г.пакет.8шт";2025-04-23 02:42:57;312.0;155.42;24246.14;4041.02;Лента ООО РЦ Ижора;"ООО ""ВоронежАгро-М"""
"Пр.из творога ""365 дней"" 24%.500г.пакет.8шт";2025-04-22 23:59:57;1536.0;148.4;113971.2;18995.2;ВРА-М ООО;"ООО ""7 Утра"""
"Пр.из творога ""365 дней"" 24%.500г.пакет.8шт";2025-04-22 11:52:57;960.0;165.46;79418.88;13236.48;Лента ООО РЦ Екатеринбург;"ООО ""ВоронежАгро-М"""
"Пр.из творога ""365 дней"" 24%.500г.пакет.8шт";2025-04-22 11:52:52;576.0;216.58;62373.89;10395.65;Лента ООО РЦ Новосибирск;"ООО ""ВоронежАгро-М"""
"Пр.из творога ""365 дней"" 24%.500г.пакет.8шт";2025-04-18 23:59:57;424.0;148.4;31460.8;5243.47;ВРА-М ООО;"ООО ""7 Утра"""
"Пр.из творога ""365 дней"" 24%.500г.пакет.8шт";2025-04-18 11:51:22;424.0;159.86;33891.17;5648.53;Лента ООО РЦ Лешино;"ООО ""ВоронежАгро-М"""
"Пр.из творога ""365 дней"" 24%.500г.пакет.8шт";2025-04-17 23:59:57;312.0;148.4;23150.4;3858.4;ВРА-М ООО;"ООО ""7 Утра"""
"Пр.из творога ""365 дней"" 24%.500г.пакет.8шт";2025-04-17 05:40:44;312.0;148.03;23092.99;3848.83;Лента ООО РЦ Ростов ;"ООО ""ВоронежАгро-М"""
"Пр.из творога ""365 дней"" 24%.500г.пакет.8шт";2025-04-16 23:59:57;232.0;148.4;17214.4;2869.07;ВРА-М ООО;"ООО ""7 Утра"""
"Пр.из творога ""365 дней"" 24%.500г.пакет.8шт";2025-04-16 15:29:48;232.0;148.03;17171.71;2861.95;Лента ООО РЦ Тольятти;"ООО ""ВоронежАгро-М"""
"Пр.из творога ""365 дней"" 24%.500г.пакет.8шт";2025-04-15 23:59:57;360.0;148.4;26712.0;4452.0;ВРА-М ООО;"ООО ""7 Утра"""
"Пр.из творога ""365 дней"" 24%.500г.пакет.8шт";2025-04-15 18:53:38;360.0;155.42;27976.32;4662.72;Лента ООО РЦ Ижора;"ООО ""ВоронежАгро-М"""
"Пр.из творога ""365 дней"" 24%.500г.пакет.8шт";2025-04-10 23:59:57;216.0;148.4;16027.2;2671.2;ВРА-М ООО;"ООО ""7 Утра"""
"Пр.из творога ""365 дней"" 24%.500г.пакет.8шт";2025-04-10 06:11:55;216.0;148.03;15987.46;2664.58;Лента ООО РЦ Ростов ;"ООО ""ВоронежАгро-М"""
"Пр.из творога ""365 дней"" 24%.500г.пакет.8шт";2025-04-08 23:59:57;2424.0;148.4;179860.8;29976.8;ВРА-М ООО;"ООО ""7 Утра"""
"Пр.из творога ""365 дней"" 24%.500г.пакет.8шт";2025-04-08 19:31:00;504.0;148.03;37304.06;6217.34;Лента ООО РЦ Ижора;"ООО ""ВоронежАгро-М"""
"Пр.из творога ""365 дней"" 24%.500г.пакет.8шт";2025-04-08 17:06:29;192.0;148.03;14211.07;2368.51;Лента ООО РЦ Тольятти;"ООО ""ВоронежАгро-М"""
"Пр.из творога ""365 дней"" 24%.500г.пакет.8шт";2025-04-08 10:28:22;616.0;150.41;46325.66;7720.94;Лента ООО РЦ Екатеринбург;"ООО ""ВоронежАгро-М"""
"Пр.из творога ""365 дней"" 24%.500г.пакет.8шт";2025-04-08 10:28:18;1112.0;196.9;109474.18;18245.7;Лента ООО РЦ Новосибирск;"ООО ""ВоронежАгро-М"""
"Пр.из творога ""365 дней"" 24%.500г.пакет.8шт";2025-04-04 23:59:57;664.0;148.4;49268.8;8211.47;ВРА-М ООО;"ООО ""7 Утра"""
"Пр.из творога ""365 дней"" 24%.500г.пакет.8шт";2025-04-04 10:49:17;664.0;148.03;49146.62;8191.1;Лента ООО РЦ Лешино;"ООО ""ВоронежАгро-М"""
"Пр.из творога ""365 дней"" 24%.500г.пакет.8шт";2025-04-03 23:59:57;352.0;148.4;26118.4;4353.07;ВРА-М ООО;"ООО ""7 Утра"""
"Пр.из творога ""365 дней"" 24%.500г.пакет.8шт";2025-04-03 17:10:49;352.0;148.03;26053.63;4342.27;Лента ООО РЦ Ростов ;"ООО ""ВоронежАгро-М"""
"Пр.из творога ""365 дней"" 24%.500г.пакет.8шт";2025-04-02 23:59:57;240.0;148.4;17808.0;2968.0;ВРА-М ООО;"ООО ""7 Утра"""
"Пр.из творога ""365 дней"" 24%.500г.пакет.8шт";2025-04-02 12:57:45;240.0;148.03;17763.84;2960.64;Лента ООО РЦ Тольятти;"ООО ""ВоронежАгро-М"""
"Пр.из творога ""365 дней"" 24%.500г.пакет.8шт";2025-04-01 23:59:57;432.0;148.4;32054.4;5342.4;ВРА-М ООО;"ООО ""7 Утра"""
"Пр.из творога ""365 дней"" 24%.500г.пакет.8шт";2025-04-01 18:17:53;432.0;148.03;31974.91;5329.15;Лента ООО РЦ Ижора;"ООО ""ВоронежАгро-М"""
"Пр.из творога ""365 дней"" 24%.500г.пакет.8шт";2025-03-28 23:59:57;384.0;129.22;24810.24;4135.04;ВРА-М ООО;"ООО ""7 Утра"""
"Пр.из творога ""365 дней"" 24%.500г.пакет.8шт";2025-03-28 13:27:17;384.0;148.03;28422.14;4737.02;Лента ООО РЦ Лешино;"ООО ""ВоронежАгро-М"""
"Пр.из творога ""365 дней"" 24%.500г.пакет.8шт";2025-03-27 23:59:57;152.0;129.22;9820.72;1636.79;ВРА-М ООО;"ООО ""7 Утра"""
"Пр.из творога ""365 дней"" 24%.500г.пакет.8шт";2025-03-27 09:51:37;152.0;148.03;11250.43;1875.07;Лента ООО РЦ Ростов ;"ООО ""ВоронежАгро-М"""
"Пр.из творога ""365 дней"" 24%.500г.пакет.8шт";2025-03-26 23:59:57;296.0;129.22;19124.56;3187.43;ВРА-М ООО;"ООО ""7 Утра"""
"Пр.из творога ""365 дней"" 24%.500г.пакет.8шт";2025-03-26 17:46:00;296.0;148.03;21908.74;3651.46;Лента ООО РЦ Ижора;"ООО ""ВоронежАгро-М"""
"Пр.из творога ""365 дней"" 24%.500г.пакет.8шт";2025-03-25 23:59:57;1240.0;129.22;80116.4;13352.73;ВРА-М ООО;"ООО ""7 Утра"""
"Пр.из творога ""365 дней"" 24%.500г.пакет.8шт";2025-03-25 17:28:53;168.0;148.03;12434.69;2072.45;Лента ООО РЦ Тольятти;"ООО ""ВоронежАгро-М"""
"Пр.из творога ""365 дней"" 24%.500г.пакет.8шт";2025-03-25 10:42:20;536.0;150.41;40309.34;6718.22;Лента ООО РЦ Екатеринбург;"ООО ""ВоронежАгро-М"""
"Пр.из творога ""365 дней"" 24%.500г.пакет.8шт";2025-03-25 10:42:16;536.0;196.9;52768.13;8794.69;Лента ООО РЦ Новосибирск;"ООО ""ВоронежАгро-М"""
"Пр.из творога ""365 дней"" 24%.500г.пакет.8шт";2025-03-20 23:59:57;120.0;129.22;7753.2;1292.2;ВРА-М ООО;"ООО ""7 Утра"""
"Пр.из творога ""365 дней"" 24%.500г.пакет.8шт";2025-03-20 13:26:13;120.0;148.03;8881.92;1480.32;Лента ООО РЦ Тольятти;"ООО ""ВоронежАгро-М"""
"Пр.из творога ""365 дней"" 24%.500г.пакет.8шт";2025-03-18 23:59:57;680.0;129.22;43934.8;7322.47;ВРА-М ООО;"ООО ""7 Утра"""
"Пр.из творога ""365 дней"" 24%.500г.пакет.8шт";2025-03-18 18:37:08;456.0;148.03;33751.3;5625.22;Лента ООО РЦ Ижора;"ООО ""ВоронежАгро-М"""
"Пр.из творога ""365 дней"" 24%.500г.пакет.8шт";2025-03-18 02:55:22;224.0;150.41;16845.7;2807.62;Лента ООО РЦ Екатеринбург;"ООО ""ВоронежАгро-М"""
"Пр.из творога ""365 дней"" 24%.500г.пакет.8шт";2025-03-14 23:59:57;288.0;129.22;18607.68;3101.28;ВРА-М ООО;"ООО ""7 Утра"""
"Пр.из творога ""365 дней"" 24%.500г.пакет.8шт";2025-03-14 06:35:17;288.0;148.03;21316.61;3552.77;Лента ООО РЦ Лешино;"ООО ""ВоронежАгро-М"""
"Пр.из творога ""365 дней"" 24%.500г.пакет.8шт";2025-03-13 23:59:57;232.0;129.22;14989.52;2498.25;ВРА-М ООО;"ООО ""7 Утра"""
"Пр.из творога ""365 дней"" 24%.500г.пакет.8шт";2025-03-13 04:59:26;232.0;148.03;17171.71;2861.95;Лента ООО РЦ Ростов ;"ООО ""ВоронежАгро-М"""
"Пр.из творога ""365 дней"" 24%.500г.пакет.8шт";2025-03-11 23:59:57;1592.0;129.22;102859.12;17143.19;ВРА-М ООО;"ООО ""7 Утра"""
"Пр.из творога ""365 дней"" 24%.500г.пакет.8шт";2025-03-11 16:28:35;232.0;148.03;17171.71;2861.95;Лента ООО РЦ Ижора;"ООО ""ВоронежАгро-М"""
"Пр.из творога ""365 дней"" 24%.500г.пакет.8шт";2025-03-11 16:05:52;176.0;148.03;13026.82;2171.14;Лента ООО РЦ Тольятти;"ООО ""ВоронежАгро-М"""
"Пр.из творога ""365 дней"" 24%.500г.пакет.8шт";2025-03-11 10:56:28;496.0;150.41;37301.18;6216.86;Лента ООО РЦ Екатеринбург;"ООО ""ВоронежАгро-М"""
"Пр.из творога ""365 дней"" 24%.500г.пакет.8шт";2025-03-11 10:56:24;688.0;196.9;67732.22;11288.7;Лента ООО РЦ Новосибирск;"ООО ""ВоронежАгро-М"""
"Пр.из творога ""365 дней"" 24%.500г.пакет.8шт";2025-03-07 23:59:57;384.0;129.22;24810.24;4135.04;ВРА-М ООО;"ООО ""7 Утра"""
"Пр.из творога ""365 дней"" 24%.500г.пакет.8шт";2025-03-07 00:57:52;384.0;148.03;28422.14;4737.02;Лента ООО РЦ Лешино;"ООО ""ВоронежАгро-М"""
"Пр.из творога ""365 дней"" 24%.500г.пакет.8шт";2025-03-06 23:59:57;264.0;129.22;17057.04;2842.84;ВРА-М ООО;"ООО ""7 Утра"""
"Пр.из творога ""365 дней"" 24%.500г.пакет.8шт";2025-03-06 05:07:25;264.0;148.03;19540.22;3256.7;Лента ООО РЦ Ростов ;"ООО ""ВоронежАгро-М"""
"Пр.из творога ""365 дней"" 24%.500г.пакет.8шт";2025-03-04 23:59:57;840.0;129.22;54272.4;9045.4;ВРА-М ООО;"ООО ""7 Утра"""
"Пр.из творога ""365 дней"" 24%.500г.пакет.8шт";2025-03-04 20:39:43;256.0;148.03;18948.1;3158.02;Лента ООО РЦ Тольятти;"ООО ""ВоронежАгро-М"""
"Пр.из творога ""365 дней"" 24%.500г.пакет.8шт";2025-03-04 18:55:50;232.0;148.03;17171.71;2861.95;Лента ООО РЦ Ижора;"ООО ""ВоронежАгро-М"""
"Пр.из творога ""365 дней"" 24%.500г.пакет.8шт";2025-03-04 10:04:08;352.0;150.41;26471.81;4411.97;Лента ООО РЦ Екатеринбург;"ООО ""ВоронежАгро-М"""
"Пр.из творога ""365 дней"" 24%.500г.пакет.8шт";2025-02-28 23:59:57;376.0;129.22;24293.36;4048.89;ВРА-М ООО;"ООО ""7 Утра"""
"Пр.из творога ""365 дней"" 24%.500г.пакет.8шт";2025-02-28 10:27:02;376.0;148.03;27830.02;4638.34;Лента ООО РЦ Лешино;"ООО ""ВоронежАгро-М"""
"Пр.из творога ""365 дней"" 24%.500г.пакет.8шт";2025-02-27 23:59:57;232.0;129.22;14989.52;2498.25;ВРА-М ООО;"ООО ""7 Утра"""
"Пр.из творога ""365 дней"" 24%.500г.пакет.8шт";2025-02-27 20:45:36;232.0;148.03;17171.71;2861.95;Лента ООО РЦ Ростов ;"ООО ""ВоронежАгро-М"""
"Пр.из творога ""365 дней"" 24%.500г.пакет.8шт";2025-02-26 23:59:57;176.0;129.22;11371.36;1895.23;ВРА-М ООО;"ООО ""7 Утра"""
"Пр.из творога ""365 дней"" 24%.500г.пакет.8шт";2025-02-26 08:56:46;176.0;148.03;13026.82;2171.14;Лента ООО РЦ Тольятти;"ООО ""ВоронежАгро-М"""
"Пр.из творога ""365 дней"" 24%.500г.пакет.8шт";2025-02-25 23:59:57;1008.0;129.22;65126.88;10854.48;ВРА-М ООО;"ООО ""7 Утра"""
"Пр.из творога ""365 дней"" 24%.500г.пакет.8шт";2025-02-25 12:29:53;680.0;196.9;66944.64;11157.44;Лента ООО РЦ Новосибирск;"ООО ""ВоронежАгро-М"""
"Пр.из творога ""365 дней"" 24%.500г.пакет.8шт";2025-02-25 04:36:35;328.0;148.03;24277.25;4046.21;Лента ООО РЦ Ижора;"ООО ""ВоронежАгро-М"""
"Пр.из творога ""365 дней"" 24%.500г.пакет.8шт";2025-02-21 23:59:57;424.0;129.22;27394.64;4565.77;ВРА-М ООО;"ООО ""7 Утра"""
"Пр.из творога ""365 дней"" 24%.500г.пакет.8шт";2025-02-21 22:03:36;424.0;148.03;31382.78;5230.46;Лента ООО РЦ Лешино;"ООО ""ВоронежАгро-М"""
"Пр.из творога ""365 дней"" 24%.500г.пакет.8шт";2025-02-20 23:59:57;184.0;129.22;11888.24;1981.37;ВРА-М ООО;"ООО ""7 Утра"""
"Пр.из творога ""365 дней"" 24%.500г.пакет.8шт";2025-02-20 14:57:21;184.0;148.03;13618.94;2269.82;Лента ООО РЦ Ростов ;"ООО ""ВоронежАгро-М"""
"Пр.из творога ""365 дней"" 24%.500г.пакет.8шт";2025-02-18 23:59:57;888.0;129.22;57373.68;9562.28;ВРА-М ООО;"ООО ""7 Утра"""
"Пр.из творога ""365 дней"" 24%.500г.пакет.8шт";2025-02-18 20:31:22;128.0;148.03;9474.05;1579.01;Лента ООО РЦ Тольятти;"ООО ""ВоронежАгро-М"""
"Пр.из творога ""365 дней"" 24%.500г.пакет.8шт";2025-02-18 14:28:24;296.0;148.03;21908.74;3651.46;Лента ООО РЦ Ижора;"ООО ""ВоронежАгро-М"""
"Пр.из творога ""365 дней"" 24%.500г.пакет.8шт";2025-02-18 11:38:36;464.0;150.41;34894.66;5815.78;Лента ООО РЦ Екатеринбург;"ООО ""ВоронежАгро-М"""
"Пр.из творога ""365 дней"" 24%.500г.пакет.8шт";2025-02-14 23:59:57;512.0;129.22;33080.32;5513.39;ВРА-М ООО;"ООО ""7 Утра"""
"Пр.из творога ""365 дней"" 24%.500г.пакет.8шт";2025-02-14 10:52:20;512.0;148.03;37896.19;6316.03;Лента ООО РЦ Лешино;"ООО ""ВоронежАгро-М"""
"Пр.из творога ""365 дней"" 24%.500г.пакет.8шт";2025-02-13 23:59:57;216.0;129.22;13955.76;2325.96;ВРА-М ООО;"ООО ""7 Утра"""
"Пр.из творога ""365 дней"" 24%.500г.пакет.8шт";2025-02-13 15:30:52;216.0;148.03;15987.46;2664.58;Лента ООО РЦ Ростов ;"ООО ""ВоронежАгро-М"""
"Пр.из творога ""365 дней"" 24%.500г.пакет.8шт";2025-02-11 23:59:57;1360.0;129.22;87869.6;14644.93;ВРА-М ООО;"ООО ""7 Утра"""
"Пр.из творога ""365 дней"" 24%.500г.пакет.8шт";2025-02-11 18:36:22;200.0;148.03;14803.2;2467.2;Лента ООО РЦ Тольятти;"ООО ""ВоронежАгро-М"""
"Пр.из творога ""365 дней"" 24%.500г.пакет.8шт";2025-02-11 12:40:27;360.0;148.03;26645.76;4440.96;Лента ООО РЦ Ижора;"ООО ""ВоронежАгро-М"""
"Пр.из творога ""365 дней"" 24%.500г.пакет.8шт";2025-02-11 08:58:32;344.0;150.41;25870.18;4311.7;Лента ООО РЦ Екатеринбург;"ООО ""ВоронежАгро-М"""
"Пр.из творога ""365 дней"" 24%.500г.пакет.8шт";2025-02-11 08:58:27;456.0;196.9;44892.29;7482.05;Лента ООО РЦ Новосибирск;"ООО ""ВоронежАгро-М"""
"Пр.из творога ""365 дней"" 24%.500г.пакет.8шт";2025-02-07 23:59:57;280.0;129.22;18090.8;3015.13;ВРА-М ООО;"ООО ""7 Утра"""
"Пр.из творога ""365 дней"" 24%.500г.пакет.8шт";2025-02-07 05:22:09;280.0;148.03;20724.48;3454.08;Лента ООО РЦ Лешино;"ООО ""ВоронежАгро-М"""
"Пр.из творога ""365 дней"" 24%.500г.пакет.8шт";2025-02-06 23:59:57;80.0;129.22;5168.8;861.47;ВРА-М ООО;"ООО ""7 Утра"""
"Пр.из творога ""365 дней"" 24%.500г.пакет.8шт";2025-02-06 16:31:38;80.0;148.03;5921.28;986.88;Лента ООО РЦ Ростов ;"ООО ""ВоронежАгро-М"""
"Пр.из творога ""365 дней"" 24%.500г.пакет.8шт";2025-02-04 23:59:57;272.0;129.22;17573.92;2928.99;ВРА-М ООО;"ООО ""7 Утра"""
"Пр.из творога ""365 дней"" 24%.500г.пакет.8шт";2025-02-04 18:16:32;120.0;148.03;8881.92;1480.32;Лента ООО РЦ Тольятти;"ООО ""ВоронежАгро-М"""
"Пр.из творога ""365 дней"" 24%.500г.пакет.8шт";2025-02-04 16:47:31;152.0;148.03;11250.43;1875.07;Лента ООО РЦ Ижора;"ООО ""ВоронежАгро-М"""
"Пр.из творога ""365 дней"" 24%.500г.пакет.8шт";2025-01-31 23:59:57;64.0;129.22;4135.04;689.17;ВРА-М ООО;"ООО ""7 Утра"""
"Пр.из творога ""365 дней"" 24%.500г.пакет.8шт";2025-01-31 11:07:57;64.0;148.03;4737.02;789.5;Лента ООО РЦ Лешино;"ООО ""ВоронежАгро-М"""
"Пр.из творога ""365 дней"" 24%.500г.пакет.8шт";2025-01-30 23:59:57;248.0;129.22;16023.28;2670.55;ВРА-М ООО;"ООО ""7 Утра"""
"Пр.из творога ""365 дней"" 24%.500г.пакет.8шт";2025-01-30 16:30:05;248.0;148.03;18355.97;3059.33;Лента ООО РЦ Ростов ;"ООО ""ВоронежАгро-М"""
"Пр.из творога ""365 дней"" 24%.500г.пакет.8шт";2025-01-29 23:59:57;200.0;129.22;12922.0;2153.67;ВРА-М ООО;"ООО ""7 Утра"""
"Пр.из творога ""365 дней"" 24%.500г.пакет.8шт";2025-01-29 00:02:16;200.0;148.03;14803.2;2467.2;Лента ООО РЦ Тольятти;"ООО ""ВоронежАгро-М"""
"Пр.из творога ""365 дней"" 24%.500г.пакет.8шт";2025-01-28 23:59:57;1048.0;129.22;67711.28;11285.21;ВРА-М ООО;"ООО ""7 Утра"""
"Пр.из творога ""365 дней"" 24%.500г.пакет.8шт";2025-01-28 16:23:18;208.0;150.41;15642.43;2607.07;Лента ООО РЦ Екатеринбург;"ООО ""ВоронежАгро-М"""
"Пр.из творога ""365 дней"" 24%.500г.пакет.8шт";2025-01-28 16:23:14;536.0;196.9;52768.13;8794.69;Лента ООО РЦ Новосибирск;"ООО ""ВоронежАгро-М"""
"Пр.из творога ""365 дней"" 24%.500г.пакет.8шт";2025-01-28 15:58:23;304.0;148.03;22500.86;3750.14;Лента ООО РЦ Ижора;"ООО ""ВоронежАгро-М"""
"Пр.из творога ""365 дней"" 24%.500г.пакет.8шт";2025-01-24 23:59:57;472.0;129.22;30495.92;5082.65;ВРА-М ООО;"ООО ""7 Утра"""
"Пр.из творога ""365 дней"" 24%.500г.пакет.8шт";2025-01-24 10:39:44;472.0;148.03;34935.55;5822.59;Лента ООО РЦ Лешино;"ООО ""ВоронежАгро-М"""
"Пр.из творога ""365 дней"" 24%.500г.пакет.8шт";2025-01-23 23:59:57;280.0;129.22;18090.8;3015.13;ВРА-М ООО;"ООО ""7 Утра"""
"Пр.из творога ""365 дней"" 24%.500г.пакет.8шт";2025-01-23 09:53:39;280.0;148.03;20724.48;3454.08;Лента ООО РЦ Ростов ;"ООО ""ВоронежАгро-М"""
"Пр.из творога ""365 дней"" 24%.500г.пакет.8шт";2025-01-21 23:59:57;1048.0;129.22;67711.28;11285.21;ВРА-М ООО;"ООО ""7 Утра"""
"Пр.из творога ""365 дней"" 24%.500г.пакет.8шт";2025-01-21 20:35:01;280.0;148.03;20724.48;3454.08;Лента ООО РЦ Тольятти;"ООО ""ВоронежАгро-М"""
"Пр.из творога ""365 дней"" 24%.500г.пакет.8шт";2025-01-21 13:15:34;328.0;148.03;24277.25;4046.21;Лента ООО РЦ Ижора;"ООО ""ВоронежАгро-М"""
"Пр.из творога ""365 дней"" 24%.500г.пакет.8шт";2025-01-21 04:05:39;440.0;150.41;33089.76;5514.96;Лента ООО РЦ Екатеринбург;"ООО ""ВоронежАгро-М"""
"Пр.из творога ""365 дней"" 24%.500г.пакет.8шт";2025-01-17 23:59:57;416.0;129.22;26877.76;4479.63;ВРА-М ООО;"ООО ""7 Утра"""
"Пр.из творога ""365 дней"" 24%.500г.пакет.8шт";2025-01-17 13:45:02;416.0;148.03;30790.66;5131.78;Лента ООО РЦ Лешино;"ООО ""ВоронежАгро-М"""
"Пр.из творога ""365 дней"" 24%.500г.пакет.8шт";2025-01-16 23:59:57;256.0;129.22;16540.16;2756.69;ВРА-М ООО;"ООО ""7 Утра"""
"Пр.из творога ""365 дней"" 24%.500г.пакет.8шт";2025-01-16 17:27:01;256.0;148.03;18948.1;3158.02;Лента ООО РЦ Ростов ;"ООО ""ВоронежАгро-М"""
"Пр.из творога ""365 дней"" 24%.500г.пакет.8шт";2025-01-14 23:59:57;1672.0;129.22;108027.92;18004.65;ВРА-М ООО;"ООО ""7 Утра"""
"Пр.из творога ""365 дней"" 24%.500г.пакет.8шт";2025-01-14 13:21:52;408.0;148.03;30198.53;5033.09;Лента ООО РЦ Тольятти;"ООО ""ВоронежАгро-М"""
"Пр.из творога ""365 дней"" 24%.500г.пакет.8шт";2025-01-14 11:28:18;456.0;148.03;33751.3;5625.22;Лента ООО РЦ Ижора;"ООО ""ВоронежАгро-М"""
"Пр.из творога ""365 дней"" 24%.500г.пакет.8шт";2025-01-14 10:16:32;432.0;196.9;42529.54;7088.26;Лента ООО РЦ Новосибирск;"ООО ""ВоронежАгро-М"""
"Пр.из творога ""365 дней"" 24%.500г.пакет.8шт";2025-01-14 10:16:28;376.0;150.41;28276.7;4712.78;Лента ООО РЦ Екатеринбург;"ООО ""ВоронежАгро-М"""
"Пр.из творога ""365 дней"" 24%.500г.пакет.8шт";2025-01-10 23:59:57;592.0;129.22;38249.12;6374.85;ВРА-М ООО;"ООО ""7 Утра"""
"Пр.из творога ""365 дней"" 24%.500г.пакет.8шт";2025-01-10 09:18:02;592.0;148.03;43817.47;7302.91;Лента ООО РЦ Лешино;"ООО ""ВоронежАгро-М"""
"Пр.из творога ""365 дней"" 24%.500г.пакет.8шт";2025-01-08 23:59:57;152.0;129.22;9820.72;1636.79;ВРА-М ООО;"ООО ""7 Утра"""
"Пр.из творога ""365 дней"" 24%.500г.пакет.8шт";2025-01-08 15:40:25;152.0;148.03;11250.43;1875.07;Лента ООО РЦ Тольятти;"ООО ""ВоронежАгро-М"""
"Пр.из творога ""365 дней"" 24%.500г.пакет.8шт";2025-01-07 23:59:57;1224.0;129.22;79082.64;13180.44;ВРА-М ООО;"ООО ""7 Утра"""
"Пр.из творога ""365 дней"" 24%.500г.пакет.8шт";2025-01-07 14:09:27;312.0;148.03;23092.99;3848.83;Лента ООО РЦ Ижора;"ООО ""ВоронежАгро-М"""
"Пр.из творога ""365 дней"" 24%.500г.пакет.8шт";2025-01-07 11:47:34;352.0;196.9;34653.7;5775.62;Лента ООО РЦ Новосибирск;"ООО ""ВоронежАгро-М"""
"Пр.из творога ""365 дней"" 24%.500г.пакет.8шт";2025-01-07 03:09:23;368.0;150.41;27675.07;4612.51;Лента ООО РЦ Екатеринбург;"ООО ""ВоронежАгро-М"""
"Пр.из творога ""365 дней"" 24%.500г.пакет.8шт";2025-01-07 01:40:04;192.0;148.03;14211.07;2368.51;Лента ООО РЦ Ростов ;"ООО ""ВоронежАгро-М"""
"Пр.из творога ""365 дней"" 24%.500г.пакет.8шт";2024-12-28 23:59:57;400.0;129.22;25844.0;4307.33;ВРА-М ООО;"ООО ""7 Утра"""
"Пр.из творога ""365 дней"" 24%.500г.пакет.8шт";2024-12-28 11:57:37;88.0;148.03;6513.41;1085.57;Лента ООО РЦ Ростов ;"ООО ""ВоронежАгро-М"""
"Пр.из творога ""365 дней"" 24%.500г.пакет.8шт";2024-12-28 11:57:32;312.0;148.03;23092.99;3848.83;Лента ООО РЦ Лешино;"ООО ""ВоронежАгро-М"""
"Пр.из творога ""365 дней"" 24%.500г.пакет.8шт";2024-12-26 23:59:57;232.0;129.22;14989.52;2498.25;ВРА-М ООО;"ООО ""7 Утра"""
"Пр.из творога ""365 дней"" 24%.500г.пакет.8шт";2024-12-26 15:32:41;232.0;148.03;17171.71;2861.95;Лента ООО РЦ Лешино;"ООО ""ВоронежАгро-М"""
"Пр.из творога ""365 дней"" 24%.500г.пакет.8шт";2024-12-24 23:59:57;608.0;129.22;39282.88;6547.15;ВРА-М ООО;"ООО ""7 Утра"""
"Пр.из творога ""365 дней"" 24%.500г.пакет.8шт";2024-12-24 20:13:41;232.0;148.03;17171.71;2861.95;Лента ООО РЦ Ижора;"ООО ""ВоронежАгро-М"""
"Пр.из творога ""365 дней"" 24%.500г.пакет.8шт";2024-12-24 04:45:14;88.0;148.03;6513.41;1085.57;Лента ООО РЦ Ростов ;"ООО ""ВоронежАгро-М"""
"Пр.из творога ""365 дней"" 24%.500г.пакет.8шт";2024-12-24 04:45:10;288.0;150.41;21658.75;3609.79;Лента ООО РЦ Екатеринбург;"ООО ""ВоронежАгро-М"""
"Пр.из творога ""365 дней"" 24%.500г.пакет.8шт";2024-12-20 23:59:57;224.0;129.22;14472.64;2412.11;ВРА-М ООО;"ООО ""7 Утра"""
"Пр.из творога ""365 дней"" 24%.500г.пакет.8шт";2024-12-20 11:46:19;224.0;148.03;16579.58;2763.26;Лента ООО РЦ Лешино;"ООО ""ВоронежАгро-М"""
"Пр.из творога ""365 дней"" 24%.500г.пакет.8шт";2024-12-19 23:59:57;112.0;129.22;7236.32;1206.05;ВРА-М ООО;"ООО ""7 Утра"""
"Пр.из творога ""365 дней"" 24%.500г.пакет.8шт";2024-12-19 11:09:04;112.0;148.03;8289.79;1381.63;Лента ООО РЦ Ростов ;"ООО ""ВоронежАгро-М"""
"Пр.из творога ""365 дней"" 24%.500г.пакет.8шт";2024-12-18 23:59:57;136.0;129.22;8786.96;1464.49;ВРА-М ООО;"ООО ""7 Утра"""
"Пр.из творога ""365 дней"" 24%.500г.пакет.8шт";2024-12-18 03:55:56;136.0;148.03;10066.18;1677.7;Лента ООО РЦ Тольятти;"ООО ""ВоронежАгро-М"""
"Пр.из творога ""365 дней"" 24%.500г.пакет.8шт";2024-12-17 23:59:57;696.0;129.22;44968.56;7494.76;ВРА-М ООО;"ООО ""7 Утра"""
"Пр.из творога ""365 дней"" 24%.500г.пакет.8шт";2024-12-17 14:49:03;232.0;148.03;17171.71;2861.95;Лента ООО РЦ Ижора;"ООО ""ВоронежАгро-М"""
"Пр.из творога ""365 дней"" 24%.500г.пакет.8шт";2024-12-17 10:56:07;160.0;150.41;12032.64;2005.44;Лента ООО РЦ Екатеринбург;"ООО ""ВоронежАгро-М"""
"Пр.из творога ""365 дней"" 24%.500г.пакет.8шт";2024-12-17 06:49:13;304.0;196.9;29928.19;4988.03;Лента ООО РЦ Новосибирск;"ООО ""ВоронежАгро-М"""
"Пр.из творога ""365 дней"" 24%.500г.пакет.8шт";2024-12-13 23:59:57;320.0;129.22;20675.2;3445.87;ВРА-М ООО;"ООО ""7 Утра"""
"Пр.из творога ""365 дней"" 24%.500г.пакет.8шт";2024-12-13 08:06:08;320.0;148.03;23685.12;3947.52;Лента ООО РЦ Лешино;"ООО ""ВоронежАгро-М"""
"Пр.из творога ""365 дней"" 24%.500г.пакет.8шт";2024-12-10 23:59:57;920.0;129.22;59441.2;9906.87;ВРА-М ООО;"ООО ""7 Утра"""
"Пр.из творога ""365 дней"" 24%.500г.пакет.8шт";2024-12-10 22:19:01;232.0;148.03;17171.71;2861.95;Лента ООО РЦ Тольятти;"ООО ""ВоронежАгро-М"""
"Пр.из творога ""365 дней"" 24%.500г.пакет.8шт";2024-12-10 21:57:42;160.0;148.03;11842.56;1973.76;Лента ООО РЦ Ижора;"ООО ""ВоронежАгро-М"""
"Пр.из творога ""365 дней"" 24%.500г.пакет.8шт";2024-12-10 17:36:02;336.0;150.41;25268.54;4211.42;Лента ООО РЦ Екатеринбург;"ООО ""ВоронежАгро-М"""
"Пр.из творога ""365 дней"" 24%.500г.пакет.8шт";2024-12-10 09:28:22;192.0;148.03;14211.07;2368.51;Лента ООО РЦ Ростов ;"ООО ""ВоронежАгро-М"""
"Пр.из творога ""365 дней"" 24%.500г.пакет.8шт";2024-12-06 23:59:57;344.0;129.22;22225.84;3704.31;ВРА-М ООО;"ООО ""7 Утра"""
"Пр.из творога ""365 дней"" 24%.500г.пакет.8шт";2024-12-06 10:09:09;344.0;148.03;25461.5;4243.58;Лента ООО РЦ Лешино;"ООО ""ВоронежАгро-М"""
"Пр.из творога ""365 дней"" 24%.500г.пакет.8шт";2024-12-04 23:59:57;512.0;129.22;33080.32;5513.39;ВРА-М ООО;"ООО ""7 Утра"""
"Пр.из творога ""365 дней"" 24%.500г.пакет.8шт";2024-12-04 18:28:21;392.0;196.9;38591.62;6431.94;Лента ООО РЦ Новосибирск;"ООО ""ВоронежАгро-М"""
"Пр.из творога ""365 дней"" 24%.500г.пакет.8шт";2024-12-04 16:45:49;120.0;148.03;8881.92;1480.32;Лента ООО РЦ Ростов ;"ООО ""ВоронежАгро-М"""
"Пр.из творога ""365 дней"" 24%.500г.пакет.8шт";2024-12-03 23:59:57;600.0;129.22;38766.0;6461.0;ВРА-М ООО;"ООО ""7 Утра"""
"Пр.из творога ""365 дней"" 24%.500г.пакет.8шт";2024-12-03 21:49:35;88.0;148.03;6513.41;1085.57;Лента ООО РЦ Тольятти;"ООО ""ВоронежАгро-М"""
"Пр.из творога ""365 дней"" 24%.500г.пакет.8шт";2024-12-03 19:54:01;248.0;148.03;18355.97;3059.33;Лента ООО РЦ Ижора;"ООО ""ВоронежАгро-М"""
"Пр.из творога ""365 дней"" 24%.500г.пакет.8шт";2024-12-03 10:06:40;264.0;150.41;19853.86;3308.98;Лента ООО РЦ Екатеринбург;"ООО ""ВоронежАгро-М"""
"Пр.из творога ""365 дней"" 24%.500г.пакет.8шт";2024-11-29 23:59:57;336.0;129.22;21708.96;3618.16;ВРА-М ООО;"ООО ""7 Утра"""
"Пр.из творога ""365 дней"" 24%.500г.пакет.8шт";2024-11-29 12:54:39;336.0;148.03;24869.38;4144.9;Лента ООО РЦ Лешино;"ООО ""ВоронежАгро-М"""
"Пр.из творога ""365 дней"" 24%.500г.пакет.8шт";2024-11-27 23:59:57;144.0;129.22;9303.84;1550.64;ВРА-М ООО;"ООО ""7 Утра"""
"Пр.из творога ""365 дней"" 24%.500г.пакет.8шт";2024-11-27 02:02:12;144.0;148.03;10658.3;1776.38;Лента ООО РЦ Тольятти;"ООО ""ВоронежАгро-М"""
"Пр.из творога ""365 дней"" 24%.500г.пакет.8шт";2024-11-26 23:59:57;424.0;129.22;27394.64;4565.77;ВРА-М ООО;"ООО ""7 Утра"""
"Пр.из творога ""365 дней"" 24%.500г.пакет.8шт";2024-11-26 22:22:28;136.0;148.03;10066.18;1677.7;Лента ООО РЦ Ижора;"ООО ""ВоронежАгро-М"""
"Пр.из творога ""365 дней"" 24%.500г.пакет.8шт";2024-11-26 06:23:26;208.0;150.41;15642.43;2607.07;Лента ООО РЦ Екатеринбург;"ООО ""ВоронежАгро-М"""
"Пр.из творога ""365 дней"" 24%.500г.пакет.8шт";2024-11-26 06:23:21;80.0;148.03;5921.28;986.88;Лента ООО РЦ Ростов ;"ООО ""ВоронежАгро-М"""
"Пр.из творога ""365 дней"" 24%.500г.пакет.8шт";2024-11-22 23:59:57;280.0;129.22;18090.8;3015.13;ВРА-М ООО;"ООО ""7 Утра"""
"Пр.из творога ""365 дней"" 24%.500г.пакет.8шт";2024-11-22 18:05:04;280.0;148.03;20724.48;3454.08;Лента ООО РЦ Лешино;"ООО ""ВоронежАгро-М"""
"Пр.из творога ""365 дней"" 24%.500г.пакет.8шт";2024-11-21 23:59:57;168.0;129.22;10854.48;1809.08;ВРА-М ООО;"ООО ""7 Утра"""
"Пр.из творога ""365 дней"" 24%.500г.пакет.8шт";2024-11-21 21:49:07;168.0;148.03;12434.69;2072.45;Лента ООО РЦ Ростов ;"ООО ""ВоронежАгро-М"""
"Пр.из творога ""365 дней"" 24%.500г.пакет.8шт";2024-11-20 23:59:57;128.0;129.22;8270.08;1378.35;ВРА-М ООО;"ООО ""7 Утра"""
"Пр.из творога ""365 дней"" 24%.500г.пакет.8шт";2024-11-20 05:59:04;128.0;148.03;9474.05;1579.01;Лента ООО РЦ Тольятти;"ООО ""ВоронежАгро-М"""
"Пр.из творога ""365 дней"" 24%.500г.пакет.8шт";2024-11-19 23:59:57;880.0;129.22;56856.8;9476.13;ВРА-М ООО;"ООО ""7 Утра"""
"Пр.из творога ""365 дней"" 24%.500г.пакет.8шт";2024-11-19 19:44:47;248.0;148.03;18355.97;3059.33;Лента ООО РЦ Ижора;"ООО ""ВоронежАгро-М"""
"Пр.из творога ""365 дней"" 24%.500г.пакет.8шт";2024-11-19 08:33:50;352.0;150.41;26471.81;4411.97;Лента ООО РЦ Екатеринбург;"ООО ""ВоронежАгро-М"""
"Пр.из творога ""365 дней"" 24%.500г.пакет.8шт";2024-11-19 08:33:45;280.0;196.9;27565.44;4594.24;Лента ООО РЦ Новосибирск;"ООО ""ВоронежАгро-М"""
"Пр.из творога ""365 дней"" 24%.500г.пакет.8шт";2024-11-15 23:59:57;352.0;129.22;22742.72;3790.45;ВРА-М ООО;"ООО ""7 Утра"""
"Пр.из творога ""365 дней"" 24%.500г.пакет.8шт";2024-11-15 08:46:01;352.0;148.03;26053.63;4342.27;Лента ООО РЦ Лешино;"ООО ""ВоронежАгро-М"""
"Пр.из творога ""365 дней"" 24%.500г.пакет.8шт";2024-11-13 23:59:57;128.0;129.22;8270.08;1378.35;ВРА-М ООО;"ООО ""7 Утра"""
"Пр.из творога ""365 дней"" 24%.500г.пакет.8шт";2024-11-13 02:31:00;128.0;148.03;9474.05;1579.01;Лента ООО РЦ Тольятти;"ООО ""ВоронежАгро-М"""
"Пр.из творога ""365 дней"" 24%.500г.пакет.8шт";2024-11-12 23:59:57;648.0;129.22;41867.28;6977.88;ВРА-М ООО;"ООО ""7 Утра"""
"Пр.из творога ""365 дней"" 24%.500г.пакет.8шт";2024-11-12 18:08:59;232.0;148.03;17171.71;2861.95;Лента ООО РЦ Ижора;"ООО ""ВоронежАгро-М"""
"Пр.из творога ""365 дней"" 24%.500г.пакет.8шт";2024-11-12 07:09:04;240.0;150.41;18048.96;3008.16;Лента ООО РЦ Екатеринбург;"ООО ""ВоронежАгро-М"""
"Пр.из творога ""365 дней"" 24%.500г.пакет.8шт";2024-11-12 07:09:00;176.0;148.03;13026.82;2171.14;Лента ООО РЦ Ростов ;"ООО ""ВоронежАгро-М"""
"Пр.из творога ""365 дней"" 24%.500г.пакет.8шт";2024-11-08 23:59:57;296.0;129.22;19124.56;3187.43;ВРА-М ООО;"ООО ""7 Утра"""
"Пр.из творога ""365 дней"" 24%.500г.пакет.8шт";2024-11-08 07:06:34;296.0;148.03;21908.74;3651.46;Лента ООО РЦ Лешино;"ООО ""ВоронежАгро-М"""
"Пр.из творога ""365 дней"" 24%.500г.пакет.8шт";2024-11-05 23:59:57;968.0;129.22;62542.48;10423.75;ВРА-М ООО;"ООО ""7 Утра"""
"Пр.из творога ""365 дней"" 24%.500г.пакет.8шт";2024-11-05 19:57:38;144.0;148.03;10658.3;1776.38;Лента ООО РЦ Тольятти;"ООО ""ВоронежАгро-М"""
"Пр.из творога ""365 дней"" 24%.500г.пакет.8шт";2024-11-05 16:02:58;216.0;148.03;15987.46;2664.58;Лента ООО РЦ Ижора;"ООО ""ВоронежАгро-М"""
"Пр.из творога ""365 дней"" 24%.500г.пакет.8шт";2024-11-05 12:48:55;352.0;196.9;34653.7;5775.62;Лента ООО РЦ Новосибирск;"ООО ""ВоронежАгро-М"""
"Пр.из творога ""365 дней"" 24%.500г.пакет.8шт";2024-11-05 04:17:25;64.0;148.03;4737.02;789.5;Лента ООО РЦ Ростов ;"ООО ""ВоронежАгро-М"""
"Пр.из творога ""365 дней"" 24%.500г.пакет.8шт";2024-11-05 04:17:21;192.0;150.41;14439.17;2406.53;Лента ООО РЦ Екатеринбург;"ООО ""ВоронежАгро-М"""
"Пр.из творога ""365 дней"" 24%.500г.пакет.8шт";2024-11-01 23:59:57;304.0;129.22;19641.44;3273.57;ВРА-М ООО;"ООО ""7 Утра"""
"Пр.из творога ""365 дней"" 24%.500г.пакет.8шт";2024-11-01 10:17:11;304.0;148.03;22500.86;3750.14;Лента ООО РЦ Лешино;"ООО ""ВоронежАгро-М"""
"Пр.из творога ""365 дней"" 24%.500г.пакет.8шт";2024-10-30 23:59:57;376.0;129.22;24293.36;4048.89;ВРА-М ООО;"ООО ""7 Утра"""
"Пр.из творога ""365 дней"" 24%.500г.пакет.8шт";2024-10-30 11:07:14;112.0;148.03;8289.79;1381.63;Лента ООО РЦ Тольятти;"ООО ""ВоронежАгро-М"""
"Пр.из творога ""365 дней"" 24%.500г.пакет.8шт";2024-10-30 01:44:50;264.0;148.03;19540.22;3256.7;Лента ООО РЦ Ижора;"ООО ""ВоронежАгро-М"""
"Пр.из творога ""365 дней"" 24%.500г.пакет.8шт";2024-10-29 23:59:57;336.0;129.22;21708.96;3618.16;ВРА-М ООО;"ООО ""7 Утра"""
"Пр.из творога ""365 дней"" 24%.500г.пакет.8шт";2024-10-29 21:14:55;208.0;150.41;15642.43;2607.07;Лента ООО РЦ Екатеринбург;"ООО ""ВоронежАгро-М"""
"Пр.из творога ""365 дней"" 24%.500г.пакет.8шт";2024-10-29 17:32:38;128.0;148.03;9474.05;1579.01;Лента ООО РЦ Ростов ;"ООО ""ВоронежАгро-М"""
"Пр.из творога ""365 дней"" 24%.500г.пакет.8шт";2024-10-25 23:59:57;232.0;129.22;14989.52;2498.25;ВРА-М ООО;"ООО ""7 Утра"""
"Пр.из творога ""365 дней"" 24%.500г.пакет.8шт";2024-10-25 11:22:55;232.0;148.03;17171.71;2861.95;Лента ООО РЦ Лешино;"ООО ""ВоронежАгро-М"""
"Пр.из творога ""365 дней"" 24%.500г.пакет.8шт";2024-10-24 23:59:57;128.0;129.22;8270.08;1378.35;ВРА-М ООО;"ООО ""7 Утра"""
"Пр.из творога ""365 дней"" 24%.500г.пакет.8шт";2024-10-24 11:28:54;128.0;148.03;9474.05;1579.01;Лента ООО РЦ Ростов ;"ООО ""ВоронежАгро-М"""
"Пр.из творога ""365 дней"" 24%.500г.пакет.8шт";2024-10-23 23:59:57;440.0;129.22;28428.4;4738.07;ВРА-М ООО;"ООО ""7 Утра"""
"Пр.из творога ""365 дней"" 24%.500г.пакет.8шт";2024-10-23 07:10:17;160.0;148.03;11842.56;1973.76;Лента ООО РЦ Тольятти;"ООО ""ВоронежАгро-М"""
"Пр.из творога ""365 дней"" 24%.500г.пакет.8шт";2024-10-23 00:20:38;280.0;148.03;20724.48;3454.08;Лента ООО РЦ Ижора;"ООО ""ВоронежАгро-М"""
"Пр.из творога ""365 дней"" 24%.500г.пакет.8шт";2024-10-22 23:59:57;480.0;129.22;31012.8;5168.8;ВРА-М ООО;"ООО ""7 Утра"""
"Пр.из творога ""365 дней"" 24%.500г.пакет.8шт";2024-10-22 11:13:19;280.0;150.41;21057.12;3509.52;Лента ООО РЦ Екатеринбург;"ООО ""ВоронежАгро-М"""
"Пр.из творога ""365 дней"" 24%.500г.пакет.8шт";2024-10-22 11:13:14;200.0;196.9;19689.6;3281.6;Лента ООО РЦ Новосибирск;"ООО ""ВоронежАгро-М"""
"Пр.из творога ""365 дней"" 24%.500г.пакет.8шт";2024-10-18 23:59:57;296.0;129.22;19124.56;3187.43;ВРА-М ООО;"ООО ""7 Утра"""
"Пр.из творога ""365 дней"" 24%.500г.пакет.8шт";2024-10-18 12:47:44;296.0;148.03;21908.74;3651.46;Лента ООО РЦ Лешино;"ООО ""ВоронежАгро-М"""
"Пр.из творога ""365 дней"" 24%.500г.пакет.8шт";2024-10-17 23:59:57;136.0;129.22;8786.96;1464.49;ВРА-М ООО;"ООО ""7 Утра"""
"Пр.из творога ""365 дней"" 24%.500г.пакет.8шт";2024-10-17 14:57:13;136.0;148.03;10066.18;1677.7;Лента ООО РЦ Ростов ;"ООО ""ВоронежАгро-М"""
"Пр.из творога ""365 дней"" 24%.500г.пакет.8шт";2024-10-16 23:59:57;264.0;129.22;17057.04;2842.84;ВРА-М ООО;"ООО ""7 Утра"""
"Пр.из творога ""365 дней"" 24%.500г.пакет.8шт";2024-10-16 01:05:23;264.0;148.03;19540.22;3256.7;Лента ООО РЦ Ижора;"ООО ""ВоронежАгро-М"""
"Пр.из творога ""365 дней"" 24%.500г.пакет.8шт";2024-10-15 23:59:57;344.0;129.22;22225.84;3704.31;ВРА-М ООО;"ООО ""7 Утра"""
"Пр.из творога ""365 дней"" 24%.500г.пакет.8шт";2024-10-15 21:24:10;128.0;148.03;9474.05;1579.01;Лента ООО РЦ Тольятти;"ООО ""ВоронежАгро-М"""
"Пр.из творога ""365 дней"" 24%.500г.пакет.8шт";2024-10-15 16:37:41;216.0;150.41;16244.06;2707.34;Лента ООО РЦ Екатеринбург;"ООО ""ВоронежАгро-М"""
"Пр.из творога ""365 дней"" 24%.500г.пакет.8шт";2024-10-11 23:59:57;320.0;129.22;20675.2;3445.87;ВРА-М ООО;"ООО ""7 Утра"""
"Пр.из творога ""365 дней"" 24%.500г.пакет.8шт";2024-10-11 08:19:48;320.0;148.03;23685.12;3947.52;Лента ООО РЦ Лешино;"ООО ""ВоронежАгро-М"""
"Пр.из творога ""365 дней"" 24%.500г.пакет.8шт";2024-10-09 23:59:57;160.0;129.22;10337.6;1722.93;ВРА-М ООО;"ООО ""7 Утра"""
"Пр.из творога ""365 дней"" 24%.500г.пакет.8шт";2024-10-09 09:44:57;160.0;148.03;11842.56;1973.76;Лента ООО РЦ Тольятти;"ООО ""ВоронежАгро-М"""
"Пр.из творога ""365 дней"" 24%.500г.пакет.8шт";2024-10-08 23:59:57;872.0;129.22;56339.92;9389.99;ВРА-М ООО;"ООО ""7 Утра"""
"Пр.из творога ""365 дней"" 24%.500г.пакет.8шт";2024-10-08 18:27:00;232.0;148.03;17171.71;2861.95;Лента ООО РЦ Ижора;"ООО ""ВоронежАгро-М"""
"Пр.из творога ""365 дней"" 24%.500г.пакет.8шт";2024-10-08 15:27:49;280.0;196.9;27565.44;4594.24;Лента ООО РЦ Новосибирск;"ООО ""ВоронежАгро-М"""
"Пр.из творога ""365 дней"" 24%.500г.пакет.8шт";2024-10-08 15:27:43;272.0;150.41;20455.49;3409.25;Лента ООО РЦ Екатеринбург;"ООО ""ВоронежАгро-М"""
"Пр.из творога ""365 дней"" 24%.500г.пакет.8шт";2024-10-08 11:27:26;88.0;148.03;6513.41;1085.57;Лента ООО РЦ Ростов ;"ООО ""ВоронежАгро-М"""
"Пр.из творога ""365 дней"" 24%.500г.пакет.8шт";2024-10-04 23:59:57;304.0;129.22;19641.44;3273.57;ВРА-М ООО;"ООО ""7 Утра"""
"Пр.из творога ""365 дней"" 24%.500г.пакет.8шт";2024-10-04 19:50:18;304.0;148.03;22500.86;3750.14;Лента ООО РЦ Лешино;"ООО ""ВоронежАгро-М"""
"Пр.из творога ""365 дней"" 24%.500г.пакет.8шт";2024-10-02 23:59:57;232.0;129.22;14989.52;2498.25;ВРА-М ООО;"ООО ""7 Утра"""
"Пр.из творога ""365 дней"" 24%.500г.пакет.8шт";2024-10-02 07:14:51;232.0;148.03;17171.71;2861.95;Лента ООО РЦ Тольятти;"ООО ""ВоронежАгро-М"""
"Пр.из творога ""365 дней"" 24%.500г.пакет.8шт";2024-10-01 23:59:57;568.0;129.22;36698.48;6116.41;ВРА-М ООО;"ООО ""7 Утра"""
"Пр.из творога ""365 дней"" 24%.500г.пакет.8шт";2024-10-01 18:14:41;304.0;148.03;22500.86;3750.14;Лента ООО РЦ Ижора;"ООО ""ВоронежАгро-М"""
"Пр.из творога ""365 дней"" 24%.500г.пакет.8шт";2024-10-01 16:31:49;104.0;148.03;7697.66;1282.94;Лента ООО РЦ Ростов ;"ООО ""ВоронежАгро-М"""
"Пр.из творога ""365 дней"" 24%.500г.пакет.8шт";2024-10-01 16:31:46;160.0;150.41;12032.64;2005.44;Лента ООО РЦ Екатеринбург;"ООО ""ВоронежАгро-М"""
"Пр.из творога ""365 дней"" 24%.500г.пакет.8шт";2024-09-27 23:59:57;376.0;129.22;24293.36;4048.89;ВРА-М ООО;"ООО ""7 Утра"""
"Пр.из творога ""365 дней"" 24%.500г.пакет.8шт";2024-09-27 14:06:52;376.0;148.03;27830.02;4638.34;Лента ООО РЦ Лешино;"ООО ""ВоронежАгро-М"""
"Пр.из творога ""365 дней"" 24%.500г.пакет.8шт";2024-09-25 23:59:57;184.0;129.22;11888.24;1981.37;ВРА-М ООО;"ООО ""7 Утра"""
"Пр.из творога ""365 дней"" 24%.500г.пакет.8шт";2024-09-25 01:02:44;184.0;148.03;13618.94;2269.82;Лента ООО РЦ Тольятти;"ООО ""ВоронежАгро-М"""
"Пр.из творога ""365 дней"" 24%.500г.пакет.8шт";2024-09-24 23:59:57;808.0;129.22;52204.88;8700.81;ВРА-М ООО;"ООО ""7 Утра"""
"Пр.из творога ""365 дней"" 24%.500г.пакет.8шт";2024-09-24 18:10:16;232.0;148.03;17171.71;2861.95;Лента ООО РЦ Ижора;"ООО ""ВоронежАгро-М"""
"Пр.из творога ""365 дней"" 24%.500г.пакет.8шт";2024-09-24 14:15:45;264.0;150.41;19853.86;3308.98;Лента ООО РЦ Екатеринбург;"ООО ""ВоронежАгро-М"""
"Пр.из творога ""365 дней"" 24%.500г.пакет.8шт";2024-09-24 11:40:32;344.0;196.9;33866.11;5644.35;Лента ООО РЦ Новосибирск;"ООО ""ВоронежАгро-М"""
"Пр.из творога ""365 дней"" 24%.500г.пакет.8шт";2024-09-24 11:40:28;72.0;148.03;5329.15;888.19;Лента ООО РЦ Ростов ;"ООО ""ВоронежАгро-М"""
"Пр.из творога ""365 дней"" 24%.500г.пакет.8шт";2024-09-20 23:59:57;336.0;129.22;21708.96;3618.16;ВРА-М ООО;"ООО ""7 Утра"""
"Пр.из творога ""365 дней"" 24%.500г.пакет.8шт";2024-09-20 11:20:46;336.0;148.03;24869.38;4144.9;Лента ООО РЦ Лешино;"ООО ""ВоронежАгро-М"""
"Пр.из творога ""365 дней"" 24%.500г.пакет.8шт";2024-09-17 23:59:57;480.0;129.22;31012.8;5168.8;ВРА-М ООО;"ООО ""7 Утра"""
"Пр.из творога ""365 дней"" 24%.500г.пакет.8шт";2024-09-17 21:31:29;104.0;148.03;7697.66;1282.94;Лента ООО РЦ Тольятти;"ООО ""ВоронежАгро-М"""
"Пр.из творога ""365 дней"" 24%.500г.пакет.8шт";2024-09-17 19:21:23;120.0;148.03;8881.92;1480.32;Лента ООО РЦ Ижора;"ООО ""ВоронежАгро-М"""
"Пр.из творога ""365 дней"" 24%.500г.пакет.8шт";2024-09-17 10:35:45;160.0;150.41;12032.64;2005.44;Лента ООО РЦ Екатеринбург;"ООО ""ВоронежАгро-М"""
"Пр.из творога ""365 дней"" 24%.500г.пакет.8шт";2024-09-17 10:35:41;96.0;148.03;7105.54;1184.26;Лента ООО РЦ Ростов ;"ООО ""ВоронежАгро-М"""
"Пр.из творога ""365 дней"" 24%.500г.пакет.8шт";2024-09-13 23:59:57;152.0;129.22;9820.72;1636.79;ВРА-М ООО;"ООО ""7 Утра"""
"Пр.из творога ""365 дней"" 24%.500г.пакет.8шт";2024-09-13 10:49:15;152.0;148.03;11250.43;1875.07;Лента ООО РЦ Лешино;"ООО ""ВоронежАгро-М"""
"Пр.из творога ""365 дней"" 24%.500г.пакет.8шт";2024-09-10 23:59:57;1048.0;129.22;67711.28;11285.21;ВРА-М ООО;"ООО ""7 Утра"""
"Пр.из творога ""365 дней"" 24%.500г.пакет.8шт";2024-09-10 23:29:29;120.0;148.03;8881.92;1480.32;Лента ООО РЦ Тольятти;"ООО ""ВоронежАгро-М"""
"Пр.из творога ""365 дней"" 24%.500г.пакет.8шт";2024-09-10 18:17:39;304.0;150.41;22862.02;3810.34;Лента ООО РЦ Екатеринбург;"ООО ""ВоронежАгро-М"""
"Пр.из творога ""365 дней"" 24%.500г.пакет.8шт";2024-09-10 18:17:35;312.0;196.9;30715.78;5119.3;Лента ООО РЦ Новосибирск;"ООО ""ВоронежАгро-М"""
"Пр.из творога ""365 дней"" 24%.500г.пакет.8шт";2024-09-10 14:47:12;168.0;148.03;12434.69;2072.45;Лента ООО РЦ Ижора;"ООО ""ВоронежАгро-М"""
"Пр.из творога ""365 дней"" 24%.500г.пакет.8шт";2024-09-10 10:15:12;144.0;148.03;10658.3;1776.38;Лента ООО РЦ Ростов ;"ООО ""ВоронежАгро-М"""
"Пр.из творога ""365 дней"" 24%.500г.пакет.8шт";2024-09-06 23:59:57;264.0;129.22;17057.04;2842.84;ВРА-М ООО;"ООО ""7 Утра"""
"Пр.из творога ""365 дней"" 24%.500г.пакет.8шт";2024-09-06 13:17:12;264.0;148.03;19540.22;3256.7;Лента ООО РЦ Лешино;"ООО ""ВоронежАгро-М"""
"Пр.из творога ""365 дней"" 24%.500г.пакет.8шт";2024-09-05 23:59:57;88.0;129.22;5685.68;947.61;ВРА-М ООО;"ООО ""7 Утра"""
"Пр.из творога ""365 дней"" 24%.500г.пакет.8шт";2024-09-05 10:42:20;88.0;148.03;6513.41;1085.57;Лента ООО РЦ Тольятти;"ООО ""ВоронежАгро-М"""
"Пр.из творога ""365 дней"" 24%.500г.пакет.8шт";2024-09-04 23:59:57;224.0;129.22;14472.64;2412.11;ВРА-М ООО;"ООО ""7 Утра"""
"Пр.из творога ""365 дней"" 24%.500г.пакет.8шт";2024-09-04 14:01:37;224.0;148.03;16579.58;2763.26;Лента ООО РЦ Ижора;"ООО ""ВоронежАгро-М"""
"Пр.из творога ""365 дней"" 24%.500г.пакет.8шт";2024-09-03 23:59:57;264.0;129.22;17057.04;2842.84;ВРА-М ООО;"ООО ""7 Утра"""
"Пр.из творога ""365 дней"" 24%.500г.пакет.8шт";2024-09-03 09:27:03;72.0;148.03;5329.15;888.19;Лента ООО РЦ Ростов ;"ООО ""ВоронежАгро-М"""
"Пр.из творога ""365 дней"" 24%.500г.пакет.8шт";2024-09-03 09:26:58;192.0;150.41;14439.17;2406.53;Лента ООО РЦ Екатеринбург;"ООО ""ВоронежАгро-М"""
"Пр.из творога ""365 дней"" 24%.500г.пакет.8шт";2024-08-30 23:59:57;224.0;129.22;14472.64;2412.11;ВРА-М ООО;"ООО ""7 Утра"""
"Пр.из творога ""365 дней"" 24%.500г.пакет.8шт";2024-08-30 08:59:46;224.0;148.03;16579.58;2763.26;Лента ООО РЦ Лешино;"ООО ""ВоронежАгро-М"""
"Пр.из творога ""365 дней"" 24%.500г.пакет.8шт";2024-08-27 23:59:57;800.0;129.22;51688.0;8614.67;ВРА-М ООО;"ООО ""7 Утра"""
"Пр.из творога ""365 дней"" 24%.500г.пакет.8шт";2024-08-27 22:30:41;176.0;148.03;13026.82;2171.14;Лента ООО РЦ Тольятти;"ООО ""ВоронежАгро-М"""
"Пр.из творога ""365 дней"" 24%.500г.пакет.8шт";2024-08-27 15:26:42;312.0;196.9;30715.78;5119.3;Лента ООО РЦ Новосибирск;"ООО ""ВоронежАгро-М"""
"Пр.из творога ""365 дней"" 24%.500г.пакет.8шт";2024-08-27 14:46:49;248.0;148.03;18355.97;3059.33;Лента ООО РЦ Ижора;"ООО ""ВоронежАгро-М"""
"Пр.из творога ""365 дней"" 24%.500г.пакет.8шт";2024-08-27 10:30:07;64.0;148.03;4737.02;789.5;Лента ООО РЦ Ростов ;"ООО ""ВоронежАгро-М"""
"Пр.из творога ""365 дней"" 24%.500г.пакет.8шт";2024-08-23 23:59:57;296.0;129.22;19124.56;3187.43;ВРА-М ООО;"ООО ""7 Утра"""
"Пр.из творога ""365 дней"" 24%.500г.пакет.8шт";2024-08-23 09:29:40;296.0;148.03;21908.74;3651.46;Лента ООО РЦ Лешино;"ООО ""ВоронежАгро-М"""
"Пр.из творога ""365 дней"" 24%.500г.пакет.8шт";2024-08-21 23:59:57;120.0;129.22;7753.2;1292.2;ВРА-М ООО;"ООО ""7 Утра"""
"Пр.из творога ""365 дней"" 24%.500г.пакет.8шт";2024-08-21 14:00:46;120.0;148.03;8881.92;1480.32;Лента ООО РЦ Тольятти;"ООО ""ВоронежАгро-М"""
"Пр.из творога ""365 дней"" 24%.500г.пакет.8шт";2024-08-20 23:59:57;424.0;129.22;27394.64;4565.77;ВРА-М ООО;"ООО ""7 Утра"""
"Пр.из творога ""365 дней"" 24%.500г.пакет.8шт";2024-08-20 15:48:08;136.0;150.41;10227.74;1704.62;Лента ООО РЦ Екатеринбург;"ООО ""ВоронежАгро-М"""
"Пр.из творога ""365 дней"" 24%.500г.пакет.8шт";2024-08-20 15:12:33;192.0;148.03;14211.07;2368.51;Лента ООО РЦ Ижора;"ООО ""ВоронежАгро-М"""
"Пр.из творога ""365 дней"" 24%.500г.пакет.8шт";2024-08-20 09:24:21;96.0;148.03;7105.54;1184.26;Лента ООО РЦ Ростов ;"ООО ""ВоронежАгро-М"""
"Пр.из творога ""365 дней"" 24%.500г.пакет.8шт";2024-08-16 23:59:57;208.0;129.22;13438.88;2239.81;ВРА-М ООО;"ООО ""7 Утра"""
"Пр.из творога ""365 дней"" 24%.500г.пакет.8шт";2024-08-16 08:02:01;208.0;148.03;15395.33;2565.89;Лента ООО РЦ Лешино;"ООО ""ВоронежАгро-М"""
"Пр.из творога ""365 дней"" 24%.500г.пакет.8шт";2024-08-13 23:59:57;928.0;129.22;59958.08;9993.01;ВРА-М ООО;"ООО ""7 Утра"""
"Пр.из творога ""365 дней"" 24%.500г.пакет.8шт";2024-08-13 16:52:23;264.0;148.03;19540.22;3256.7;Лента ООО РЦ Ижора;"ООО ""ВоронежАгро-М"""
"Пр.из творога ""365 дней"" 24%.500г.пакет.8шт";2024-08-13 11:23:55;192.0;150.41;14439.17;2406.53;Лента ООО РЦ Екатеринбург;"ООО ""ВоронежАгро-М"""
"Пр.из творога ""365 дней"" 24%.500г.пакет.8шт";2024-08-13 08:15:14;312.0;196.9;30715.78;5119.3;Лента ООО РЦ Новосибирск;"ООО ""ВоронежАгро-М"""
"Пр.из творога ""365 дней"" 24%.500г.пакет.8шт";2024-08-13 08:15:10;160.0;148.03;11842.56;1973.76;Лента ООО РЦ Ростов ;"ООО ""ВоронежАгро-М"""
"Пр.из творога ""365 дней"" 24%.500г.пакет.8шт";2024-08-11 23:59:57;136.0;129.22;8786.96;1464.49;ВРА-М ООО;"ООО ""7 Утра"""
"Пр.из творога ""365 дней"" 24%.500г.пакет.8шт";2024-08-11 13:08:35;136.0;148.03;10066.18;1677.7;Лента ООО РЦ Тольятти;"ООО ""ВоронежАгро-М"""
"Пр.из творога ""365 дней"" 24%.500г.пакет.8шт";2024-08-09 23:59:57;216.0;129.22;13955.76;2325.96;ВРА-М ООО;"ООО ""7 Утра"""
"Пр.из творога ""365 дней"" 24%.500г.пакет.8шт";2024-08-09 08:39:36;216.0;148.03;15987.46;2664.58;Лента ООО РЦ Лешино;"ООО ""ВоронежАгро-М"""
"Пр.из творога ""365 дней"" 24%.500г.пакет.8шт";2024-08-06 23:59:57;528.0;129.22;34114.08;5685.68;ВРА-М ООО;"ООО ""7 Утра"""
"Пр.из творога ""365 дней"" 24%.500г.пакет.8шт";2024-08-06 20:17:21;160.0;148.03;11842.56;1973.76;Лента ООО РЦ Ижора;"ООО ""ВоронежАгро-М"""
"Пр.из творога ""365 дней"" 24%.500г.пакет.8шт";2024-08-06 16:05:15;248.0;150.41;18650.59;3108.43;Лента ООО РЦ Екатеринбург;"ООО ""ВоронежАгро-М"""
"Пр.из творога ""365 дней"" 24%.500г.пакет.8шт";2024-08-06 11:07:47;120.0;148.03;8881.92;1480.32;Лента ООО РЦ Ростов ;"ООО ""ВоронежАгро-М"""
"Пр.из творога ""365 дней"" 24%.500г.пакет.8шт";2024-08-04 23:59:57;152.0;129.22;9820.72;1636.79;ВРА-М ООО;"ООО ""7 Утра"""
"Пр.из творога ""365 дней"" 24%.500г.пакет.8шт";2024-08-04 16:03:03;152.0;148.03;11250.43;1875.07;Лента ООО РЦ Тольятти;"ООО ""ВоронежАгро-М"""
"Пр.из творога ""365 дней"" 24%.500г.пакет.8шт";2024-08-02 23:59:57;176.0;129.22;11371.36;1895.23;ВРА-М ООО;"ООО ""7 Утра"""
"Пр.из творога ""365 дней"" 24%.500г.пакет.8шт";2024-08-02 08:40:48;176.0;148.03;13026.82;2171.14;Лента ООО РЦ Лешино;"ООО ""ВоронежАгро-М"""
"Пр.из творога ""365 дней"" 24%.500г.пакет.8шт";2024-07-30 23:59:57;864.0;129.22;55823.04;9303.84;ВРА-М ООО;"ООО ""7 Утра"""
"Пр.из творога ""365 дней"" 24%.500г.пакет.8шт";2024-07-30 16:36:21;320.0;148.03;23685.12;3947.52;Лента ООО РЦ Ижора;"ООО ""ВоронежАгро-М"""
"Пр.из творога ""365 дней"" 24%.500г.пакет.8шт";2024-07-30 10:45:55;216.0;196.9;21264.77;3544.13;Лента ООО РЦ Новосибирск;"ООО ""ВоронежАгро-М"""
"Пр.из творога ""365 дней"" 24%.500г.пакет.8шт";2024-07-30 10:45:50;240.0;150.41;18048.96;3008.16;Лента ООО РЦ Екатеринбург;"ООО ""ВоронежАгро-М"""
"Пр.из творога ""365 дней"" 24%.500г.пакет.8шт";2024-07-30 10:45:44;88.0;148.03;6513.41;1085.57;Лента ООО РЦ Ростов ;"ООО ""ВоронежАгро-М"""
"Пр.из творога ""365 дней"" 24%.500г.пакет.8шт";2024-07-28 23:59:57;192.0;129.22;12405.12;2067.52;ВРА-М ООО;"ООО ""7 Утра"""
"Пр.из творога ""365 дней"" 24%.500г.пакет.8шт";2024-07-28 10:34:58;192.0;148.03;14211.07;2368.51;Лента ООО РЦ Тольятти;"ООО ""ВоронежАгро-М"""
"Пр.из творога ""365 дней"" 24%.500г.пакет.8шт";2024-07-26 23:59:57;240.0;129.22;15506.4;2584.4;ВРА-М ООО;"ООО ""7 Утра"""
"Пр.из творога ""365 дней"" 24%.500г.пакет.8шт";2024-07-26 03:50:48;240.0;148.03;17763.84;2960.64;Лента ООО РЦ Лешино;"ООО ""ВоронежАгро-М"""
"Пр.из творога ""365 дней"" 24%.500г.пакет.8шт";2024-07-23 23:59:57;704.0;129.22;45485.44;7580.91;ВРА-М ООО;"ООО ""7 Утра"""
"Пр.из творога ""365 дней"" 24%.500г.пакет.8шт";2024-07-23 23:32:32;280.0;150.41;21057.12;3509.52;Лента ООО РЦ Екатеринбург;"ООО ""ВоронежАгро-М"""
"Пр.из творога ""365 дней"" 24%.500г.пакет.8шт";2024-07-23 19:33:29;256.0;148.03;18948.1;3158.02;Лента ООО РЦ Ижора;"ООО ""ВоронежАгро-М"""
"Пр.из творога ""365 дней"" 24%.500г.пакет.8шт";2024-07-23 12:36:31;168.0;148.03;12434.69;2072.45;Лента ООО РЦ Ростов ;"ООО ""ВоронежАгро-М"""
"Пр.из творога ""365 дней"" 24%.500г.пакет.8шт";2024-07-21 23:59:57;160.0;129.22;10337.6;1722.93;ВРА-М ООО;"ООО ""7 Утра"""
"Пр.из творога ""365 дней"" 24%.500г.пакет.8шт";2024-07-21 09:30:42;160.0;148.03;11842.56;1973.76;Лента ООО РЦ Тольятти;"ООО ""ВоронежАгро-М"""
"Пр.из творога ""365 дней"" 24%.500г.пакет.8шт";2024-07-19 23:59:57;216.0;129.22;13955.76;2325.96;ВРА-М ООО;"ООО ""7 Утра"""
"Пр.из творога ""365 дней"" 24%.500г.пакет.8шт";2024-07-19 11:34:19;216.0;148.03;15987.46;2664.58;Лента ООО РЦ Лешино;"ООО ""ВоронежАгро-М"""
"Пр.из творога ""365 дней"" 24%.500г.пакет.8шт";2024-07-18 23:59:57;232.0;129.22;14989.52;2498.25;ВРА-М ООО;"ООО ""7 Утра"""
"Пр.из творога ""365 дней"" 24%.500г.пакет.8шт";2024-07-18 14:03:52;232.0;148.03;17171.71;2861.95;Лента ООО РЦ Ижора;"ООО ""ВоронежАгро-М"""
"Пр.из творога ""365 дней"" 24%.500г.пакет.8шт";2024-07-16 23:59:57;344.0;129.22;22225.84;3704.31;ВРА-М ООО;"ООО ""7 Утра"""
"Пр.из творога ""365 дней"" 24%.500г.пакет.8шт";2024-07-16 13:52:47;128.0;148.03;9474.05;1579.01;Лента ООО РЦ Ростов ;"ООО ""ВоронежАгро-М"""
"Пр.из творога ""365 дней"" 24%.500г.пакет.8шт";2024-07-16 13:52:40;216.0;196.9;21264.77;3544.13;Лента ООО РЦ Новосибирск;"ООО ""ВоронежАгро-М"""
"Пр.из творога ""365 дней"" 24%.500г.пакет.8шт";2024-07-14 23:59:57;176.0;129.22;11371.36;1895.23;ВРА-М ООО;"ООО ""7 Утра"""
"Пр.из творога ""365 дней"" 24%.500г.пакет.8шт";2024-07-14 16:53:21;176.0;148.03;13026.82;2171.14;Лента ООО РЦ Тольятти;"ООО ""ВоронежАгро-М"""
"Пр.из творога ""365 дней"" 24%.500г.пакет.8шт";2024-07-12 23:59:57;216.0;129.22;13955.76;2325.96;ВРА-М ООО;"ООО ""7 Утра"""
"Пр.из творога ""365 дней"" 24%.500г.пакет.8шт";2024-07-12 12:06:02;216.0;148.03;15987.46;2664.58;Лента ООО РЦ Лешино;"ООО ""ВоронежАгро-М"""
"Пр.из творога ""365 дней"" 24%.500г.пакет.8шт";2024-07-10 23:59:57;216.0;129.22;13955.76;2325.96;ВРА-М ООО;"ООО ""7 Утра"""
"Пр.из творога ""365 дней"" 24%.500г.пакет.8шт";2024-07-10 12:28:36;216.0;148.03;15987.46;2664.58;Лента ООО РЦ Ижора;"ООО ""ВоронежАгро-М"""
"Пр.из творога ""365 дней"" 24%.500г.пакет.8шт";2024-07-08 23:59:57;112.0;129.22;7236.32;1206.05;ВРА-М ООО;"ООО ""7 Утра"""
"Пр.из творога ""365 дней"" 24%.500г.пакет.8шт";2024-07-08 10:57:38;112.0;148.03;8289.79;1381.63;Лента ООО РЦ Тольятти;"ООО ""ВоронежАгро-М"""
"Пр.из творога ""365 дней"" 24%.500г.пакет.8шт";2024-07-05 23:59:57;272.0;129.22;17573.92;2928.99;ВРА-М ООО;"ООО ""7 Утра"""
"Пр.из творога ""365 дней"" 24%.500г.пакет.8шт";2024-07-05 13:53:07;272.0;148.03;20132.35;3355.39;Лента ООО РЦ Лешино;"ООО ""ВоронежАгро-М"""
"Пр.из творога ""365 дней"" 24%.500г.пакет.8шт";2024-07-02 23:59:57;808.0;129.22;52204.88;8700.81;ВРА-М ООО;"ООО ""7 Утра"""
"Пр.из творога ""365 дней"" 24%.500г.пакет.8шт";2024-07-02 15:23:37;144.0;196.9;14176.51;2362.75;Лента ООО РЦ Новосибирск;"ООО ""ВоронежАгро-М"""
"Пр.из творога ""365 дней"" 24%.500г.пакет.8шт";2024-07-02 11:49:31;144.0;148.03;10658.3;1776.38;Лента ООО РЦ Ростов ;"ООО ""ВоронежАгро-М"""
"Пр.из творога ""365 дней"" 24%.500г.пакет.8шт";2024-07-02 11:49:27;248.0;150.41;18650.59;3108.43;Лента ООО РЦ Екатеринбург;"ООО ""ВоронежАгро-М"""
"Пр.из творога ""365 дней"" 24%.500г.пакет.8шт";2024-07-02 10:09:52;272.0;148.03;20132.35;3355.39;Лента ООО РЦ Ижора;"ООО ""ВоронежАгро-М"""
"Пр.из творога ""365 дней"" 24%.500г.пакет.8шт";2024-06-28 23:59:57;408.0;129.22;26360.88;4393.48;ВРА-М ООО;"ООО ""7 Утра"""
"Пр.из творога ""365 дней"" 24%.500г.пакет.8шт";2024-06-28 09:27:40;408.0;148.03;30198.53;5033.09;Лента ООО РЦ Лешино;"ООО ""ВоронежАгро-М"""
"Пр.из творога ""365 дней"" 24%.500г.пакет.8шт";2024-06-27 23:59:57;104.0;129.22;6719.44;1119.91;ВРА-М ООО;"ООО ""7 Утра"""
"Пр.из творога ""365 дней"" 24%.500г.пакет.8шт";2024-06-27 10:24:01;104.0;148.03;7697.66;1282.94;Лента ООО РЦ Тольятти;"ООО ""ВоронежАгро-М"""
"Пр.из творога ""365 дней"" 24%.500г.пакет.8шт";2024-06-25 23:59:57;432.0;129.22;27911.52;4651.92;ВРА-М ООО;"ООО ""7 Утра"""
"Пр.из творога ""365 дней"" 24%.500г.пакет.8шт";2024-06-25 19:27:56;152.0;150.41;11431.01;1905.17;Лента ООО РЦ Екатеринбург;"ООО ""ВоронежАгро-М"""
"Пр.из творога ""365 дней"" 24%.500г.пакет.8шт";2024-06-25 15:03:26;112.0;148.03;8289.79;1381.63;Лента ООО РЦ Ростов ;"ООО ""ВоронежАгро-М"""
"Пр.из творога ""365 дней"" 24%.500г.пакет.8шт";2024-06-25 09:52:48;168.0;148.03;12434.69;2072.45;Лента ООО РЦ Ижора;"ООО ""ВоронежАгро-М"""
"Пр.из творога ""365 дней"" 24%.500г.пакет.8шт";2024-06-24 23:59:57;160.0;129.22;10337.6;1722.93;ВРА-М ООО;"ООО ""7 Утра"""
"Пр.из творога ""365 дней"" 24%.500г.пакет.8шт";2024-06-24 10:10:57;160.0;148.03;11842.56;1973.76;Лента ООО РЦ Тольятти;"ООО ""ВоронежАгро-М"""
"Пр.из творога ""365 дней"" 24%.500г.пакет.8шт";2024-06-21 23:59:58;224.0;129.22;14472.64;2412.11;7 Утра ООО;"ООО ""ВоронежАгро-М"""
"Пр.из творога ""365 дней"" 24%.500г.пакет.8шт";2024-06-21 23:59:57;248.0;129.22;16023.28;2670.55;ВРА-М ООО;"ООО ""7 Утра"""
"Пр.из творога ""365 дней"" 24%.500г.пакет.8шт";2024-06-21 09:21:38;248.0;148.03;18355.97;3059.33;Лента ООО РЦ Лешино;"ООО ""ВоронежАгро-М"""
"Пр.из творога ""365 дней"" 24%.500г.пакет.8шт";2024-06-18 23:59:57;632.0;129.22;40833.52;6805.59;ВРА-М ООО;"ООО ""7 Утра"""
"Пр.из творога ""365 дней"" 24%.500г.пакет.8шт";2024-06-18 13:00:16;160.0;148.03;11842.56;1973.76;Лента ООО РЦ Ижора;"ООО ""ВоронежАгро-М"""
"Пр.из творога ""365 дней"" 24%.500г.пакет.8шт";2024-06-18 11:43:32;120.0;148.03;8881.92;1480.32;Лента ООО РЦ Ростов ;"ООО ""ВоронежАгро-М"""
"Пр.из творога ""365 дней"" 24%.500г.пакет.8шт";2024-06-18 11:43:28;200.0;150.41;15040.8;2506.8;Лента ООО РЦ Екатеринбург;"ООО ""ВоронежАгро-М"""
"Пр.из творога ""365 дней"" 24%.500г.пакет.8шт";2024-06-18 11:43:23;152.0;196.9;14964.1;2494.02;Лента ООО РЦ Новосибирск;"ООО ""ВоронежАгро-М"""
"Пр.из творога ""365 дней"" 24%.500г.пакет.8шт";2024-06-17 23:59:57;128.0;129.22;8270.08;1378.35;ВРА-М ООО;"ООО ""7 Утра"""
"Пр.из творога ""365 дней"" 24%.500г.пакет.8шт";2024-06-17 18:41:34;128.0;148.03;9474.05;1579.01;Лента ООО РЦ Тольятти;"ООО ""ВоронежАгро-М"""
"Пр.из творога ""365 дней"" 24%.500г.пакет.8шт";2024-06-13 23:59:57;224.0;129.22;14472.64;2412.11;ВРА-М ООО;"ООО ""7 Утра"""
"Пр.из творога ""365 дней"" 24%.500г.пакет.8шт";2024-06-13 02:17:20;224.0;148.03;16579.58;2763.26;Лента ООО РЦ Лешино;"ООО ""ВоронежАгро-М"""
"Пр.из творога ""365 дней"" 24%.500г.пакет.8шт";2024-06-11 23:59:57;576.0;129.22;37215.36;6202.56;ВРА-М ООО;"ООО ""7 Утра"""
"Пр.из творога ""365 дней"" 24%.500г.пакет.8шт";2024-06-11 18:30:08;256.0;148.03;18948.1;3158.02;Лента ООО РЦ Ижора;"ООО ""ВоронежАгро-М"""
"Пр.из творога ""365 дней"" 24%.500г.пакет.8шт";2024-06-11 12:39:28;224.0;150.41;16845.7;2807.62;Лента ООО РЦ Екатеринбург;"ООО ""ВоронежАгро-М"""
"Пр.из творога ""365 дней"" 24%.500г.пакет.8шт";2024-06-11 12:39:23;96.0;148.03;7105.54;1184.26;Лента ООО РЦ Ростов ;"ООО ""ВоронежАгро-М"""
"Пр.из творога ""365 дней"" 24%.500г.пакет.8шт";2024-06-09 23:59:57;88.0;129.22;5685.68;947.61;ВРА-М ООО;"ООО ""7 Утра"""
"Пр.из творога ""365 дней"" 24%.500г.пакет.8шт";2024-06-09 09:16:00;88.0;148.03;6513.41;1085.57;Лента ООО РЦ Тольятти;"ООО ""ВоронежАгро-М"""
"Пр.из творога ""365 дней"" 24%.500г.пакет.8шт";2024-06-07 23:59:57;288.0;129.22;18607.68;3101.28;ВРА-М ООО;"ООО ""7 Утра"""
"Пр.из творога ""365 дней"" 24%.500г.пакет.8шт";2024-06-07 17:43:58;288.0;148.03;21316.61;3552.77;Лента ООО РЦ Лешино;"ООО ""ВоронежАгро-М"""
"Пр.из творога ""365 дней"" 24%.500г.пакет.8шт";2024-06-04 23:59:57;864.0;129.22;55823.04;9303.84;ВРА-М ООО;"ООО ""7 Утра"""
"Пр.из творога ""365 дней"" 24%.500г.пакет.8шт";2024-06-04 21:25:27;264.0;148.03;19540.22;3256.7;Лента ООО РЦ Ижора;"ООО ""ВоронежАгро-М"""
"Пр.из творога ""365 дней"" 24%.500г.пакет.8шт";2024-06-04 16:31:17;208.0;150.41;15642.43;2607.07;Лента ООО РЦ Екатеринбург;"ООО ""ВоронежАгро-М"""
"Пр.из творога ""365 дней"" 24%.500г.пакет.8шт";2024-06-04 16:31:13;136.0;148.03;10066.18;1677.7;Лента ООО РЦ Ростов ;"ООО ""ВоронежАгро-М"""
"Пр.из творога ""365 дней"" 24%.500г.пакет.8шт";2024-06-04 16:31:08;256.0;196.9;25202.69;4200.45;Лента ООО РЦ Новосибирск;"ООО ""ВоронежАгро-М"""
"Пр.из творога ""365 дней"" 24%.500г.пакет.8шт";2024-06-02 23:59:57;128.0;129.22;8270.08;1378.35;ВРА-М ООО;"ООО ""7 Утра"""
"Пр.из творога ""365 дней"" 24%.500г.пакет.8шт";2024-06-02 09:48:07;128.0;148.03;9474.05;1579.01;Лента ООО РЦ Тольятти;"ООО ""ВоронежАгро-М"""
"Пр.из творога ""365 дней"" 24%.500г.пакет.8шт";2024-05-31 23:59:57;256.0;129.22;16540.16;2756.69;ВРА-М ООО;"ООО ""7 Утра"""
"Пр.из творога ""365 дней"" 24%.500г.пакет.8шт";2024-05-31 16:31:41;256.0;148.03;18948.1;3158.02;Лента ООО РЦ Лешино;"ООО ""ВоронежАгро-М"""
"Пр.из творога ""365 дней"" 24%.500г.пакет.8шт";2024-05-28 23:59:57;528.0;129.22;34114.08;5685.68;ВРА-М ООО;"ООО ""7 Утра"""
"Пр.из творога ""365 дней"" 24%.500г.пакет.8шт";2024-05-28 16:33:57;80.0;148.03;5921.28;986.88;Лента ООО РЦ Ростов ;"ООО ""ВоронежАгро-М"""
"Пр.из творога ""365 дней"" 24%.500г.пакет.8шт";2024-05-28 10:14:03;192.0;148.03;14211.07;2368.51;Лента ООО РЦ Ижора;"ООО ""ВоронежАгро-М"""
"Пр.из творога ""365 дней"" 24%.500г.пакет.8шт";2024-05-28 09:31:54;256.0;150.41;19252.22;3208.7;Лента ООО РЦ Екатеринбург;"ООО ""ВоронежАгро-М"""
"Пр.из творога ""365 дней"" 24%.500г.пакет.8шт";2024-05-27 23:59:57;112.0;129.22;7236.32;1206.05;ВРА-М ООО;"ООО ""7 Утра"""
"Пр.из творога ""365 дней"" 24%.500г.пакет.8шт";2024-05-27 11:05:35;112.0;148.03;8289.79;1381.63;Лента ООО РЦ Тольятти;"ООО ""ВоронежАгро-М"""
"Пр.из творога ""365 дней"" 24%.500г.пакет.8шт";2024-05-24 23:59:57;168.0;129.22;10854.48;1809.08;ВРА-М ООО;"ООО ""7 Утра"""
"Пр.из творога ""365 дней"" 24%.500г.пакет.8шт";2024-05-24 08:52:30;168.0;148.03;12434.69;2072.45;Лента ООО РЦ Лешино;"ООО ""ВоронежАгро-М"""
"Пр.из творога ""365 дней"" 24%.500г.пакет.8шт";2024-05-21 23:59:57;808.0;129.22;52204.88;8700.81;ВРА-М ООО;"ООО ""7 Утра"""
"Пр.из творога ""365 дней"" 24%.500г.пакет.8шт";2024-05-21 17:48:33;368.0;196.9;36228.86;6038.14;Лента ООО РЦ Новосибирск;"ООО ""ВоронежАгро-М"""
"Пр.из творога ""365 дней"" 24%.500г.пакет.8шт";2024-05-21 14:08:03;304.0;148.03;22500.86;3750.14;Лента ООО РЦ Ижора;"ООО ""ВоронежАгро-М"""
"Пр.из творога ""365 дней"" 24%.500г.пакет.8шт";2024-05-21 11:32:38;136.0;148.03;10066.18;1677.7;Лента ООО РЦ Ростов ;"ООО ""ВоронежАгро-М"""
"Пр.из творога ""365 дней"" 24%.500г.пакет.8шт";2024-05-20 23:59:57;80.0;129.22;5168.8;861.47;ВРА-М ООО;"ООО ""7 Утра"""
"Пр.из творога ""365 дней"" 24%.500г.пакет.8шт";2024-05-20 05:28:00;80.0;148.03;5921.28;986.88;Лента ООО РЦ Тольятти;"ООО ""ВоронежАгро-М"""
"Пр.из творога ""365 дней"" 24%.500г.пакет.8шт";2024-05-17 23:59:57;240.0;129.22;15506.4;2584.4;ВРА-М ООО;"ООО ""7 Утра"""
"Пр.из творога ""365 дней"" 24%.500г.пакет.8шт";2024-05-17 11:00:30;240.0;148.03;17763.84;2960.64;Лента ООО РЦ Лешино;"ООО ""ВоронежАгро-М"""
"Пр.из творога ""365 дней"" 24%.500г.пакет.8шт";2024-05-14 23:59:57;496.0;129.22;32046.56;5341.09;ВРА-М ООО;"ООО ""7 Утра"""
"Пр.из творога ""365 дней"" 24%.500г.пакет.8шт";2024-05-14 10:21:44;192.0;148.03;14211.07;2368.51;Лента ООО РЦ Ростов ;"ООО ""ВоронежАгро-М"""
"Пр.из творога ""365 дней"" 24%.500г.пакет.8шт";2024-05-14 09:50:10;304.0;148.03;22500.86;3750.14;Лента ООО РЦ Ижора;"ООО ""ВоронежАгро-М"""
"Пр.из творога ""365 дней"" 24%.500г.пакет.8шт";2024-05-13 23:59:57;392.0;129.22;25327.12;4221.19;ВРА-М ООО;"ООО ""7 Утра"""
"Пр.из творога ""365 дней"" 24%.500г.пакет.8шт";2024-05-13 16:37:45;392.0;148.03;29014.27;4835.71;Лента ООО РЦ Тольятти;"ООО ""ВоронежАгро-М"""
"Пр.из творога ""365 дней"" 24%.500г.пакет.8шт";2024-05-10 23:59:57;512.0;129.22;33080.32;5513.39;ВРА-М ООО;"ООО ""7 Утра"""
"Пр.из творога ""365 дней"" 24%.500г.пакет.8шт";2024-05-10 10:48:57;512.0;148.03;37896.19;6316.03;Лента ООО РЦ Лешино;"ООО ""ВоронежАгро-М"""
"Пр.из творога ""365 дней"" 24%.500г.пакет.8шт";2024-05-07 23:59:57;816.0;129.22;52721.76;8786.96;ВРА-М ООО;"ООО ""7 Утра"""
"Пр.из творога ""365 дней"" 24%.500г.пакет.8шт";2024-05-07 13:39:31;256.0;150.41;19252.22;3208.7;Лента ООО РЦ Екатеринбург;"ООО ""ВоронежАгро-М"""
"Пр.из творога ""365 дней"" 24%.500г.пакет.8шт";2024-05-07 13:39:27;232.0;196.9;22839.94;3806.66;Лента ООО РЦ Новосибирск;"ООО ""ВоронежАгро-М"""
"Пр.из творога ""365 дней"" 24%.500г.пакет.8шт";2024-05-07 12:44:12;104.0;148.03;7697.66;1282.94;Лента ООО РЦ Ростов ;"ООО ""ВоронежАгро-М"""
"Пр.из творога ""365 дней"" 24%.500г.пакет.8шт";2024-05-07 10:03:21;224.0;148.03;16579.58;2763.26;Лента ООО РЦ Тольятти;"ООО ""ВоронежАгро-М"""
"Пр.из творога ""365 дней"" 24%.500г.пакет.8шт";2024-05-03 23:59:57;112.0;129.22;7236.32;1206.05;ВРА-М ООО;"ООО ""7 Утра"""
"Пр.из творога ""365 дней"" 24%.500г.пакет.8шт";2024-05-03 16:29:07;112.0;148.03;8289.79;1381.63;Лента ООО РЦ Лешино;"ООО ""ВоронежАгро-М"""
"Пр.из творога ""365 дней"" 24%.500г.пакет.8шт";2024-04-30 23:59:57;720.0;129.22;46519.2;7753.2;ВРА-М ООО;"ООО ""7 Утра"""
"Пр.из творога ""365 дней"" 24%.500г.пакет.8шт";2024-04-30 15:57:23;264.0;148.03;19540.22;3256.7;Лента ООО РЦ Ижора;"ООО ""ВоронежАгро-М"""
"Пр.из творога ""365 дней"" 24%.500г.пакет.8шт";2024-04-30 11:16:28;304.0;150.41;22862.02;3810.34;Лента ООО РЦ Екатеринбург;"ООО ""ВоронежАгро-М"""
"Пр.из творога ""365 дней"" 24%.500г.пакет.8шт";2024-04-30 01:02:30;152.0;148.03;11250.43;1875.07;Лента ООО РЦ Ростов ;"ООО ""ВоронежАгро-М"""
"Пр.из творога ""365 дней"" 24%.500г.пакет.8шт";2024-04-26 23:59:57;624.0;129.22;40316.64;6719.44;ВРА-М ООО;"ООО ""7 Утра"""
"Пр.из творога ""365 дней"" 24%.500г.пакет.8шт";2024-04-26 07:18:53;624.0;148.03;46185.98;7697.66;Лента ООО РЦ Лешино;"ООО ""ВоронежАгро-М"""
"Пр.из творога ""365 дней"" 24%.500г.пакет.8шт";2024-04-23 23:59:57;2240.0;129.22;144726.4;24121.07;ВРА-М ООО;"ООО ""7 Утра"""
"Пр.из творога ""365 дней"" 24%.500г.пакет.8шт";2024-04-23 10:38:58;496.0;148.03;36711.94;6118.66;Лента ООО РЦ Ижора;"ООО ""ВоронежАгро-М"""
"Пр.из творога ""365 дней"" 24%.500г.пакет.8шт";2024-04-23 06:39:20;208.0;148.03;15395.33;2565.89;Лента ООО РЦ Ростов ;"ООО ""ВоронежАгро-М"""
"Пр.из творога ""365 дней"" 24%.500г.пакет.8шт";2024-04-23 06:39:16;992.0;196.9;97660.42;16276.74;Лента ООО РЦ Новосибирск;"ООО ""ВоронежАгро-М"""
"Пр.из творога ""365 дней"" 24%.500г.пакет.8шт";2024-04-23 06:39:10;544.0;150.41;40910.98;6818.5;Лента ООО РЦ Екатеринбург;"ООО ""ВоронежАгро-М"""
"Пр.из творога ""365 дней"" 24%.500г.пакет.8шт";2024-04-22 23:59:57;304.0;129.22;19641.44;3273.57;ВРА-М ООО;"ООО ""7 Утра"""
"Пр.из творога ""365 дней"" 24%.500г.пакет.8шт";2024-04-22 10:18:03;304.0;148.03;22500.86;3750.14;Лента ООО РЦ Тольятти;"ООО ""ВоронежАгро-М"""
"Пр.из творога ""365 дней"" 24%.500г.пакет.8шт";2024-04-19 23:59:57;280.0;129.22;18090.8;3015.13;ВРА-М ООО;"ООО ""7 Утра"""
"Пр.из творога ""365 дней"" 24%.500г.пакет.8шт";2024-04-19 13:17:07;280.0;148.03;20724.48;3454.08;Лента ООО РЦ Лешино;"ООО ""ВоронежАгро-М"""
"Пр.из творога ""365 дней"" 24%.500г.пакет.8шт";2024-04-16 23:59:57;664.0;129.22;42901.04;7150.17;ВРА-М ООО;"ООО ""7 Утра"""
"Пр.из творога ""365 дней"" 24%.500г.пакет.8шт";2024-04-16 17:36:45;240.0;148.03;17763.84;2960.64;Лента ООО РЦ Ижора;"ООО ""ВоронежАгро-М"""
"Пр.из творога ""365 дней"" 24%.500г.пакет.8шт";2024-04-16 15:01:18;168.0;148.03;12434.69;2072.45;Лента ООО РЦ Ростов ;"ООО ""ВоронежАгро-М"""
"Пр.из творога ""365 дней"" 24%.500г.пакет.8шт";2024-04-16 15:01:14;256.0;150.41;19252.22;3208.7;Лента ООО РЦ Екатеринбург;"ООО ""ВоронежАгро-М"""
"Пр.из творога ""365 дней"" 24%.500г.пакет.8шт";2024-04-15 23:59:57;96.0;129.22;6202.56;1033.76;ВРА-М ООО;"ООО ""7 Утра"""
"Пр.из творога ""365 дней"" 24%.500г.пакет.8шт";2024-04-15 09:13:47;96.0;148.03;7105.54;1184.26;Лента ООО РЦ Тольятти;"ООО ""ВоронежАгро-М"""
"Пр.из творога ""365 дней"" 24%.500г.пакет.8шт";2024-04-12 23:59:57;328.0;129.22;21192.08;3532.01;ВРА-М ООО;"ООО ""7 Утра"""
"Пр.из творога ""365 дней"" 24%.500г.пакет.8шт";2024-04-12 09:42:55;328.0;148.03;24277.25;4046.21;Лента ООО РЦ Лешино;"ООО ""ВоронежАгро-М"""
"Пр.из творога ""365 дней"" 24%.500г.пакет.8шт";2024-04-09 23:59:57;952.0;129.22;61508.72;10251.45;ВРА-М ООО;"ООО ""7 Утра"""
"Пр.из творога ""365 дней"" 24%.500г.пакет.8шт";2024-04-09 15:38:19;264.0;150.41;19853.86;3308.98;Лента ООО РЦ Екатеринбург;"ООО ""ВоронежАгро-М"""
"Пр.из творога ""365 дней"" 24%.500г.пакет.8шт";2024-04-09 15:38:12;136.0;148.03;10066.18;1677.7;Лента ООО РЦ Ростов ;"ООО ""ВоронежАгро-М"""
"Пр.из творога ""365 дней"" 24%.500г.пакет.8шт";2024-04-09 12:39:06;272.0;148.03;20132.35;3355.39;Лента ООО РЦ Ижора;"ООО ""ВоронежАгро-М"""
"Пр.из творога ""365 дней"" 24%.500г.пакет.8шт";2024-04-09 00:10:52;280.0;196.9;27565.44;4594.24;Лента ООО РЦ Новосибирск;"ООО ""ВоронежАгро-М"""
"Пр.из творога ""365 дней"" 24%.500г.пакет.8шт";2024-04-08 23:59:57;208.0;129.22;13438.88;2239.81;ВРА-М ООО;"ООО ""7 Утра"""
"Пр.из творога ""365 дней"" 24%.500г.пакет.8шт";2024-04-08 10:54:50;208.0;148.03;15395.33;2565.89;Лента ООО РЦ Тольятти;"ООО ""ВоронежАгро-М"""
"Пр.из творога ""365 дней"" 24%.500г.пакет.8шт";2024-04-05 23:59:57;320.0;129.22;20675.2;3445.87;ВРА-М ООО;"ООО ""7 Утра"""
"Пр.из творога ""365 дней"" 24%.500г.пакет.8шт";2024-04-05 06:37:18;320.0;148.03;23685.12;3947.52;Лента ООО РЦ Лешино;"ООО ""ВоронежАгро-М"""
"Пр.из творога ""365 дней"" 24%.500г.пакет.8шт";2024-04-02 23:59:57;672.0;129.22;43417.92;7236.32;ВРА-М ООО;"ООО ""7 Утра"""
"Пр.из творога ""365 дней"" 24%.500г.пакет.8шт";2024-04-02 14:54:07;112.0;148.03;8289.79;1381.63;Лента ООО РЦ Ростов ;"ООО ""ВоронежАгро-М"""
"Пр.из творога ""365 дней"" 24%.500г.пакет.8шт";2024-04-02 09:28:14;288.0;148.03;21316.61;3552.77;Лента ООО РЦ Ижора;"ООО ""ВоронежАгро-М"""
"Пр.из творога ""365 дней"" 24%.500г.пакет.8шт";2024-04-02 02:19:18;272.0;150.41;20455.49;3409.25;Лента ООО РЦ Екатеринбург;"ООО ""ВоронежАгро-М"""
"Пр.из творога ""365 дней"" 24%.500г.пакет.8шт";2024-04-01 23:59:57;192.0;129.22;12405.12;2067.52;ВРА-М ООО;"ООО ""7 Утра"""
"Пр.из творога ""365 дней"" 24%.500г.пакет.8шт";2024-04-01 15:22:36;192.0;148.03;14211.07;2368.51;Лента ООО РЦ Тольятти;"ООО ""ВоронежАгро-М"""
"Пр.из творога ""365 дней"" 24%.500г.пакет.8шт";2024-03-29 23:59:57;232.0;129.22;14989.52;2498.25;ВРА-М ООО;"ООО ""7 Утра"""
"Пр.из творога ""365 дней"" 24%.500г.пакет.8шт";2024-03-29 08:40:44;232.0;148.03;17171.71;2861.95;Лента ООО РЦ Лешино;"ООО ""ВоронежАгро-М"""
"Пр.из творога ""365 дней"" 24%.500г.пакет.8шт";2024-03-26 23:59:57;776.0;129.22;50137.36;8356.23;ВРА-М ООО;"ООО ""7 Утра"""
"Пр.из творога ""365 дней"" 24%.500г.пакет.8шт";2024-03-26 10:40:10;168.0;148.03;12434.69;2072.45;Лента ООО РЦ Ижора;"ООО ""ВоронежАгро-М"""
"Пр.из творога ""365 дней"" 24%.500г.пакет.8шт";2024-03-26 10:29:55;152.0;148.03;11250.43;1875.07;Лента ООО РЦ Ростов ;"ООО ""ВоронежАгро-М"""
"Пр.из творога ""365 дней"" 24%.500г.пакет.8шт";2024-03-26 10:29:48;456.0;196.9;44892.29;7482.05;Лента ООО РЦ Новосибирск;"ООО ""ВоронежАгро-М"""
"Пр.из творога ""365 дней"" 24%.500г.пакет.8шт";2024-03-25 23:59:57;264.0;129.22;17057.04;2842.84;ВРА-М ООО;"ООО ""7 Утра"""
"Пр.из творога ""365 дней"" 24%.500г.пакет.8шт";2024-03-25 20:51:23;264.0;148.03;19540.22;3256.7;Лента ООО РЦ Тольятти;"ООО ""ВоронежАгро-М"""
"Пр.из творога ""365 дней"" 24%.500г.пакет.8шт";2024-03-22 23:59:57;360.0;129.22;23259.6;3876.6;ВРА-М ООО;"ООО ""7 Утра"""
"Пр.из творога ""365 дней"" 24%.500г.пакет.8шт";2024-03-22 10:07:42;360.0;148.03;26645.76;4440.96;Лента ООО РЦ Лешино;"ООО ""ВоронежАгро-М"""
"Пр.из творога ""365 дней"" 24%.500г.пакет.8шт";2024-03-20 23:59:57;32.0;129.22;2067.52;344.59;ВРА-М ООО;"ООО ""7 Утра"""
"Пр.из творога ""365 дней"" 24%.500г.пакет.8шт";2024-03-20 06:02:54;32.0;148.03;2368.51;394.75;Лента ООО РЦ 8130 - Воронеж;"ООО ""ВоронежАгро-М"""
"Пр.из творога ""365 дней"" 24%.500г.пакет.8шт";2024-03-19 23:59:57;824.0;129.22;53238.64;8873.11;ВРА-М ООО;"ООО ""7 Утра"""
"Пр.из творога ""365 дней"" 24%.500г.пакет.8шт";2024-03-19 11:00:03;336.0;150.41;25268.54;4211.42;Лента ООО РЦ Екатеринбург;"ООО ""ВоронежАгро-М"""
"Пр.из творога ""365 дней"" 24%.500г.пакет.8шт";2024-03-19 10:26:56;368.0;148.03;27237.89;4539.65;Лента ООО РЦ Ижора;"ООО ""ВоронежАгро-М"""
"Пр.из творога ""365 дней"" 24%.500г.пакет.8шт";2024-03-19 03:53:33;120.0;148.03;8881.92;1480.32;Лента ООО РЦ Ростов ;"ООО ""ВоронежАгро-М"""
"Пр.из творога ""365 дней"" 24%.500г.пакет.8шт";2024-03-17 23:59:57;176.0;129.22;11371.36;1895.23;ВРА-М ООО;"ООО ""7 Утра"""
"Пр.из творога ""365 дней"" 24%.500г.пакет.8шт";2024-03-17 11:19:37;176.0;148.03;13026.82;2171.14;Лента ООО РЦ Тольятти;"ООО ""ВоронежАгро-М"""
"Пр.из творога ""365 дней"" 24%.500г.пакет.8шт";2024-03-15 23:59:57;288.0;129.22;18607.68;3101.28;ВРА-М ООО;"ООО ""7 Утра"""
"Пр.из творога ""365 дней"" 24%.500г.пакет.8шт";2024-03-15 09:18:22;288.0;148.03;21316.61;3552.77;Лента ООО РЦ Лешино;"ООО ""ВоронежАгро-М"""
"Пр.из творога ""365 дней"" 24%.500г.пакет.8шт";2024-03-13 23:59:57;216.0;129.22;13955.76;2325.96;ВРА-М ООО;"ООО ""7 Утра"""
"Пр.из творога ""365 дней"" 24%.500г.пакет.8шт";2024-03-13 13:51:40;216.0;148.03;15987.46;2664.58;Лента ООО РЦ Ижора;"ООО ""ВоронежАгро-М"""
"Пр.из творога ""365 дней"" 24%.500г.пакет.8шт";2024-03-12 23:59:57;576.0;129.22;37215.36;6202.56;ВРА-М ООО;"ООО ""7 Утра"""
"Пр.из творога ""365 дней"" 24%.500г.пакет.8шт";2024-03-12 13:39:24;240.0;196.9;23627.52;3937.92;Лента ООО РЦ Новосибирск;"ООО ""ВоронежАгро-М"""
"Пр.из творога ""365 дней"" 24%.500г.пакет.8шт";2024-03-12 13:39:20;232.0;150.41;17447.33;2907.89;Лента ООО РЦ Екатеринбург;"ООО ""ВоронежАгро-М"""
"Пр.из творога ""365 дней"" 24%.500г.пакет.8шт";2024-03-12 13:39:15;104.0;148.03;7697.66;1282.94;Лента ООО РЦ Ростов ;"ООО ""ВоронежАгро-М"""
"Пр.из творога ""365 дней"" 24%.500г.пакет.8шт";2024-03-11 23:59:57;96.0;129.22;6202.56;1033.76;ВРА-М ООО;"ООО ""7 Утра"""
"Пр.из творога ""365 дней"" 24%.500г.пакет.8шт";2024-03-11 11:15:49;96.0;148.03;7105.54;1184.26;Лента ООО РЦ Тольятти;"ООО ""ВоронежАгро-М"""
"Пр.из творога ""365 дней"" 24%.500г.пакет.8шт";2024-03-09 23:59:57;248.0;129.22;16023.28;2670.55;ВРА-М ООО;"ООО ""7 Утра"""
"Пр.из творога ""365 дней"" 24%.500г.пакет.8шт";2024-03-09 07:07:52;248.0;148.03;18355.97;3059.33;Лента ООО РЦ Лешино;"ООО ""ВоронежАгро-М"""
"Пр.из творога ""365 дней"" 24%.500г.пакет.8шт";2024-03-05 23:59:57;576.0;129.22;37215.36;6202.56;ВРА-М ООО;"ООО ""7 Утра"""
"Пр.из творога ""365 дней"" 24%.500г.пакет.8шт";2024-03-05 14:38:07;144.0;148.03;10658.3;1776.38;Лента ООО РЦ Ростов ;"ООО ""ВоронежАгро-М"""
"Пр.из творога ""365 дней"" 24%.500г.пакет.8шт";2024-03-05 14:38:02;200.0;150.41;15040.8;2506.8;Лента ООО РЦ Екатеринбург;"ООО ""ВоронежАгро-М"""
"Пр.из творога ""365 дней"" 24%.500г.пакет.8шт";2024-03-05 10:34:13;232.0;148.03;17171.71;2861.95;Лента ООО РЦ Ижора;"ООО ""ВоронежАгро-М"""
"Пр.из творога ""365 дней"" 24%.500г.пакет.8шт";2024-03-04 23:59:57;312.0;129.22;20158.32;3359.72;ВРА-М ООО;"ООО ""7 Утра"""
"Пр.из творога ""365 дней"" 24%.500г.пакет.8шт";2024-03-04 20:16:37;312.0;148.03;23092.99;3848.83;Лента ООО РЦ Тольятти;"ООО ""ВоронежАгро-М"""
"Пр.из творога ""365 дней"" 24%.500г.пакет.8шт";2024-03-01 23:59:57;248.0;129.22;16023.28;2670.55;ВРА-М ООО;"ООО ""7 Утра"""
"Пр.из творога ""365 дней"" 24%.500г.пакет.8шт";2024-03-01 16:05:57;248.0;148.03;18355.97;3059.33;Лента ООО РЦ Лешино;"ООО ""ВоронежАгро-М"""
"Пр.из творога ""365 дней"" 24%.500г.пакет.8шт";2024-02-27 23:59:57;840.0;129.22;54272.4;9045.4;ВРА-М ООО;"ООО ""7 Утра"""
"Пр.из творога ""365 дней"" 24%.500г.пакет.8шт";2024-02-27 13:02:50;184.0;196.9;18114.43;3019.07;Лента ООО РЦ Новосибирск;"ООО ""ВоронежАгро-М"""
"Пр.из творога ""365 дней"" 24%.500г.пакет.8шт";2024-02-27 13:02:46;168.0;148.03;12434.69;2072.45;Лента ООО РЦ Ростов ;"ООО ""ВоронежАгро-М"""
"Пр.из творога ""365 дней"" 24%.500г.пакет.8шт";2024-02-27 10:44:28;272.0;148.03;20132.35;3355.39;Лента ООО РЦ Ижора;"ООО ""ВоронежАгро-М"""
"Пр.из творога ""365 дней"" 24%.500г.пакет.8шт";2024-02-27 03:26:23;216.0;148.03;15987.46;2664.58;Лента ООО РЦ Тольятти;"ООО ""ВоронежАгро-М"""
"Пр.из творога ""365 дней"" 24%.500г.пакет.8шт";2024-02-23 23:59:57;344.0;129.22;22225.84;3704.31;ВРА-М ООО;"ООО ""7 Утра"""
"Пр.из творога ""365 дней"" 24%.500г.пакет.8шт";2024-02-23 08:57:07;344.0;148.03;25461.5;4243.58;Лента ООО РЦ Лешино;"ООО ""ВоронежАгро-М"""
"Пр.из творога ""365 дней"" 24%.500г.пакет.8шт";2024-02-20 23:59:57;232.0;129.22;14989.52;2498.25;ВРА-М ООО;"ООО ""7 Утра"""
"Пр.из творога ""365 дней"" 24%.500г.пакет.8шт";2024-02-20 16:09:27;136.0;148.03;10066.18;1677.7;Лента ООО РЦ Ижора;"ООО ""ВоронежАгро-М"""
"Пр.из творога ""365 дней"" 24%.500г.пакет.8шт";2024-02-20 10:49:55;96.0;148.03;7105.54;1184.26;Лента ООО РЦ Ростов ;"ООО ""ВоронежАгро-М"""
"Пр.из творога ""365 дней"" 24%.500г.пакет.8шт";2024-02-19 23:59:57;104.0;129.22;6719.44;1119.91;ВРА-М ООО;"ООО ""7 Утра"""
"Пр.из творога ""365 дней"" 24%.500г.пакет.8шт";2024-02-19 19:55:43;104.0;148.03;7697.66;1282.94;Лента ООО РЦ Тольятти;"ООО ""ВоронежАгро-М"""
"Пр.из творога ""365 дней"" 24%.500г.пакет.8шт";2024-02-16 23:59:57;256.0;129.22;16540.16;2756.69;ВРА-М ООО;"ООО ""7 Утра"""
"Пр.из творога ""365 дней"" 24%.500г.пакет.8шт";2024-02-16 10:26:38;256.0;148.03;18948.1;3158.02;Лента ООО РЦ Лешино;"ООО ""ВоронежАгро-М"""
"Пр.из творога ""365 дней"" 24%.500г.пакет.8шт";2024-02-13 23:59:57;936.0;129.22;60474.96;10079.16;ВРА-М ООО;"ООО ""7 Утра"""
"Пр.из творога ""365 дней"" 24%.500г.пакет.8шт";2024-02-13 17:56:03;280.0;150.41;21057.12;3509.52;Лента ООО РЦ Екатеринбург;"ООО ""ВоронежАгро-М"""
"Пр.из творога ""365 дней"" 24%.500г.пакет.8шт";2024-02-13 17:55:56;200.0;196.9;19689.6;3281.6;Лента ООО РЦ Новосибирск;"ООО ""ВоронежАгро-М"""
"Пр.из творога ""365 дней"" 24%.500г.пакет.8шт";2024-02-13 12:29:01;184.0;148.03;13618.94;2269.82;Лента ООО РЦ Ростов ;"ООО ""ВоронежАгро-М"""
"Пр.из творога ""365 дней"" 24%.500г.пакет.8шт";2024-02-13 12:18:02;272.0;148.03;20132.35;3355.39;Лента ООО РЦ Ижора;"ООО ""ВоронежАгро-М"""
"Пр.из творога ""365 дней"" 24%.500г.пакет.8шт";2024-02-12 23:59:57;152.0;129.22;9820.72;1636.79;ВРА-М ООО;"ООО ""7 Утра"""
"Пр.из творога ""365 дней"" 24%.500г.пакет.8шт";2024-02-12 21:24:56;152.0;148.03;11250.43;1875.07;Лента ООО РЦ Тольятти;"ООО ""ВоронежАгро-М"""
"Пр.из творога ""365 дней"" 24%.500г.пакет.8шт";2024-02-09 23:59:57;360.0;129.22;23259.6;3876.6;ВРА-М ООО;"ООО ""7 Утра"""
"Пр.из творога ""365 дней"" 24%.500г.пакет.8шт";2024-02-09 02:57:23;360.0;148.03;26645.76;4440.96;Лента ООО РЦ Лешино;"ООО ""ВоронежАгро-М"""
"Пр.из творога ""365 дней"" 24%.500г.пакет.8шт";2024-02-07 23:59:57;304.0;129.22;19641.44;3273.57;ВРА-М ООО;"ООО ""7 Утра"""
"Пр.из творога ""365 дней"" 24%.500г.пакет.8шт";2024-02-07 08:55:57;304.0;148.03;22500.86;3750.14;Лента ООО РЦ Ижора;"ООО ""ВоронежАгро-М"""
"Пр.из творога ""365 дней"" 24%.500г.пакет.8шт";2024-02-06 23:59:57;480.0;129.22;31012.8;5168.8;ВРА-М ООО;"ООО ""7 Утра"""
"Пр.из творога ""365 дней"" 24%.500г.пакет.8шт";2024-02-06 10:23:15;136.0;148.03;10066.18;1677.7;Лента ООО РЦ Ростов ;"ООО ""ВоронежАгро-М"""
"Пр.из творога ""365 дней"" 24%.500г.пакет.8шт";2024-02-06 10:23:10;344.0;150.41;25870.18;4311.7;Лента ООО РЦ Екатеринбург;"ООО ""ВоронежАгро-М"""
"Пр.из творога ""365 дней"" 24%.500г.пакет.8шт";2024-02-05 23:59:57;232.0;129.22;14989.52;2498.25;ВРА-М ООО;"ООО ""7 Утра"""
"Пр.из творога ""365 дней"" 24%.500г.пакет.8шт";2024-02-05 10:27:05;232.0;148.03;17171.71;2861.95;Лента ООО РЦ Тольятти;"ООО ""ВоронежАгро-М"""
"Пр.из творога ""365 дней"" 24%.500г.пакет.8шт";2024-02-02 23:59:57;328.0;129.22;21192.08;3532.01;ВРА-М ООО;"ООО ""7 Утра"""
"Пр.из творога ""365 дней"" 24%.500г.пакет.8шт";2024-02-02 11:17:57;328.0;148.03;24277.25;4046.21;Лента ООО РЦ Лешино;"ООО ""ВоронежАгро-М"""
"Пр.из творога ""365 дней"" 24%.500г.пакет.8шт";2024-01-31 23:59:57;192.0;129.22;12405.12;2067.52;ВРА-М ООО;"ООО ""7 Утра"""
"Пр.из творога ""365 дней"" 24%.500г.пакет.8шт";2024-01-31 16:58:01;192.0;148.03;14211.07;2368.51;Лента ООО РЦ Тольятти;"ООО ""ВоронежАгро-М"""
"Пр.из творога ""365 дней"" 24%.500г.пакет.8шт";2024-01-30 23:59:57;816.0;129.22;52721.76;8786.96;ВРА-М ООО;"ООО ""7 Утра"""
"Пр.из творога ""365 дней"" 24%.500г.пакет.8шт";2024-01-30 19:30:02;208.0;148.03;15395.33;2565.89;Лента ООО РЦ Ижора;"ООО ""ВоронежАгро-М"""
"Пр.из творога ""365 дней"" 24%.500г.пакет.8шт";2024-01-30 17:44:59;136.0;196.9;13388.93;2231.49;Лента ООО РЦ Новосибирск;"ООО ""ВоронежАгро-М"""
"Пр.из творога ""365 дней"" 24%.500г.пакет.8шт";2024-01-30 17:44:55;384.0;150.41;28878.34;4813.06;Лента ООО РЦ Екатеринбург;"ООО ""ВоронежАгро-М"""
"Пр.из творога ""365 дней"" 24%.500г.пакет.8шт";2024-01-30 12:11:02;88.0;148.03;6513.41;1085.57;Лента ООО РЦ Ростов ;"ООО ""ВоронежАгро-М"""
"Пр.из творога ""365 дней"" 24%.500г.пакет.8шт";2024-01-26 23:59:57;240.0;129.22;15506.4;2584.4;ВРА-М ООО;"ООО ""7 Утра"""
"Пр.из творога ""365 дней"" 24%.500г.пакет.8шт";2024-01-26 12:12:01;240.0;148.03;17763.84;2960.64;Лента ООО РЦ Лешино;"ООО ""ВоронежАгро-М"""
"Пр.из творога ""365 дней"" 24%.500г.пакет.8шт";2024-01-24 23:59:57;320.0;129.22;20675.2;3445.87;ВРА-М ООО;"ООО ""7 Утра"""
"Пр.из творога ""365 дней"" 24%.500г.пакет.8шт";2024-01-24 16:06:39;320.0;148.03;23685.12;3947.52;Лента ООО РЦ Ижора;"ООО ""ВоронежАгро-М"""
"Пр.из творога ""365 дней"" 24%.500г.пакет.8шт";2024-01-23 23:59:57;872.0;129.22;56339.92;9389.99;ВРА-М ООО;"ООО ""7 Утра"""
"Пр.из творога ""365 дней"" 24%.500г.пакет.8шт";2024-01-23 11:59:39;456.0;196.9;44892.29;7482.05;Лента ООО РЦ Новосибирск;"ООО ""ВоронежАгро-М"""
"Пр.из творога ""365 дней"" 24%.500г.пакет.8шт";2024-01-23 11:59:34;224.0;150.41;16845.7;2807.62;Лента ООО РЦ Екатеринбург;"ООО ""ВоронежАгро-М"""
"Пр.из творога ""365 дней"" 24%.500г.пакет.8шт";2024-01-23 11:59:28;192.0;148.03;14211.07;2368.51;Лента ООО РЦ Ростов ;"ООО ""ВоронежАгро-М"""
"Пр.из творога ""365 дней"" 24%.500г.пакет.8шт";2024-01-22 23:59:57;144.0;129.22;9303.84;1550.64;ВРА-М ООО;"ООО ""7 Утра"""
"Пр.из творога ""365 дней"" 24%.500г.пакет.8шт";2024-01-22 14:22:39;144.0;148.03;10658.3;1776.38;Лента ООО РЦ Тольятти;"ООО ""ВоронежАгро-М"""
"Пр.из творога ""365 дней"" 24%.500г.пакет.8шт";2024-01-19 23:59:57;256.0;129.22;16540.16;2756.69;ВРА-М ООО;"ООО ""7 Утра"""
"Пр.из творога ""365 дней"" 24%.500г.пакет.8шт";2024-01-19 14:13:57;256.0;148.03;18948.1;3158.02;Лента ООО РЦ Лешино;"ООО ""ВоронежАгро-М"""
"Пр.из творога ""365 дней"" 24%.500г.пакет.8шт";2024-01-16 23:59:57;968.0;129.22;62542.48;10423.75;ВРА-М ООО;"ООО ""7 Утра"""
"Пр.из творога ""365 дней"" 24%.500г.пакет.8шт";2024-01-16 22:43:17;384.0;148.03;28422.14;4737.02;Лента ООО РЦ Ижора;"ООО ""ВоронежАгро-М"""
"Пр.из творога ""365 дней"" 24%.500г.пакет.8шт";2024-01-16 10:37:39;264.0;150.41;19853.86;3308.98;Лента ООО РЦ Екатеринбург;"ООО ""ВоронежАгро-М"""
"Пр.из творога ""365 дней"" 24%.500г.пакет.8шт";2024-01-16 10:37:35;64.0;148.03;4737.02;789.5;Лента ООО РЦ Ростов ;"ООО ""ВоронежАгро-М"""
"Пр.из творога ""365 дней"" 24%.500г.пакет.8шт";2024-01-16 10:18:58;256.0;148.03;18948.1;3158.02;Лента ООО РЦ Тольятти;"ООО ""ВоронежАгро-М"""
"Пр.из творога ""365 дней"" 24%.500г.пакет.8шт";2024-01-13 23:59:57;272.0;129.22;17573.92;2928.99;ВРА-М ООО;"ООО ""7 Утра"""
"Пр.из творога ""365 дней"" 24%.500г.пакет.8шт";2024-01-13 09:06:34;272.0;148.03;20132.35;3355.39;Лента ООО РЦ Лешино;"ООО ""ВоронежАгро-М"""
"Пр.из творога ""365 дней"" 24%.500г.пакет.8шт";2024-01-10 23:59:57;168.0;129.22;10854.48;1809.08;ВРА-М ООО;"ООО ""7 Утра"""
"Пр.из творога ""365 дней"" 24%.500г.пакет.8шт";2024-01-10 18:01:13;168.0;148.03;12434.69;2072.45;Лента ООО РЦ Тольятти;"ООО ""ВоронежАгро-М"""
"Пр.из творога ""365 дней"" 24%.500г.пакет.8шт";2024-01-09 23:59:57;432.0;129.22;27911.52;4651.92;ВРА-М ООО;"ООО ""7 Утра"""
"Пр.из творога ""365 дней"" 24%.500г.пакет.8шт";2024-01-09 07:15:21;80.0;148.03;5921.28;986.88;Лента ООО РЦ Ростов ;"ООО ""ВоронежАгро-М"""
"Пр.из творога ""365 дней"" 24%.500г.пакет.8шт";2024-01-09 07:15:18;352.0;150.41;26471.81;4411.97;Лента ООО РЦ Екатеринбург;"ООО ""ВоронежАгро-М"""
"Пр.из творога ""365 дней"" 24%.500г.пакет.8шт";2024-01-05 23:59:57;112.0;129.22;7236.32;1206.05;ВРА-М ООО;"ООО ""7 Утра"""
"Пр.из творога ""365 дней"" 24%.500г.пакет.8шт";2024-01-05 12:24:01;112.0;148.03;8289.79;1381.63;Лента ООО РЦ Лешино;"ООО ""ВоронежАгро-М"""
"Пр.из творога ""365 дней"" 24%.500г.пакет.8шт";2023-12-28 23:59:57;152.0;129.22;9820.72;1636.79;ВРА-М ООО;"ООО ""7 Утра"""
"Пр.из творога ""365 дней"" 24%.500г.пакет.8шт";2023-12-28 22:28:09;152.0;148.03;11250.43;1875.07;Лента ООО РЦ Лешино;"ООО ""ВоронежАгро-М"""
"Пр.из творога ""365 дней"" 24%.500г.пакет.8шт";2023-12-27 23:59:58;136.0;129.22;8786.96;1464.49;7 Утра ООО;"ООО ""ВоронежАгро-М"""
"Пр.из творога ""365 дней"" 24%.500г.пакет.8шт";2023-12-25 23:59:57;176.0;129.22;11371.36;1895.23;ВРА-М ООО;"ООО ""7 Утра"""
"Пр.из творога ""365 дней"" 24%.500г.пакет.8шт";2023-12-25 11:06:12;176.0;148.03;13026.82;2171.14;Лента ООО РЦ Тольятти;"ООО ""ВоронежАгро-М"""
"Пр.из творога ""365 дней"" 24%.500г.пакет.8шт";2023-12-22 23:59:57;160.0;129.22;10337.6;1722.93;ВРА-М ООО;"ООО ""7 Утра"""
"Пр.из творога ""365 дней"" 24%.500г.пакет.8шт";2023-12-22 17:38:31;160.0;148.03;11842.56;1973.76;Лента ООО РЦ Лешино;"ООО ""ВоронежАгро-М"""
"Пр.из творога ""365 дней"" 24%.500г.пакет.8шт";2023-12-19 23:59:57;304.0;129.22;19641.44;3273.57;ВРА-М ООО;"ООО ""7 Утра"""
"Пр.из творога ""365 дней"" 24%.500г.пакет.8шт";2023-12-19 13:11:18;120.0;148.03;8881.92;1480.32;Лента ООО РЦ Ростов ;"ООО ""ВоронежАгро-М"""
"Пр.из творога ""365 дней"" 24%.500г.пакет.8шт";2023-12-19 08:53:21;184.0;148.03;13618.94;2269.82;Лента ООО РЦ Ижора;"ООО ""ВоронежАгро-М"""
"Пр.из творога ""365 дней"" 24%.500г.пакет.8шт";2023-12-18 23:59:57;192.0;129.22;12405.12;2067.52;ВРА-М ООО;"ООО ""7 Утра"""
"Пр.из творога ""365 дней"" 24%.500г.пакет.8шт";2023-12-18 15:53:13;192.0;148.03;14211.07;2368.51;Лента ООО РЦ Тольятти;"ООО ""ВоронежАгро-М"""
"Пр.из творога ""365 дней"" 24%.500г.пакет.8шт";2023-12-15 23:59:57;272.0;129.22;17573.92;2928.99;ВРА-М ООО;"ООО ""7 Утра"""
"Пр.из творога ""365 дней"" 24%.500г.пакет.8шт";2023-12-15 17:50:26;272.0;148.03;20132.35;3355.39;Лента ООО РЦ Лешино;"ООО ""ВоронежАгро-М"""
"Пр.из творога ""365 дней"" 24%.500г.пакет.8шт";2023-12-13 23:59:57;136.0;129.22;8786.96;1464.49;ВРА-М ООО;"ООО ""7 Утра"""
"Пр.из творога ""365 дней"" 24%.500г.пакет.8шт";2023-12-13 21:40:01;136.0;150.41;10227.74;1704.62;Лента ООО РЦ Екатеринбург;"ООО ""ВоронежАгро-М"""
"Пр.из творога ""365 дней"" 24%.500г.пакет.8шт";2023-12-12 23:59:57;152.0;129.22;9820.72;1636.79;ВРА-М ООО;"ООО ""7 Утра"""
"Пр.из творога ""365 дней"" 24%.500г.пакет.8шт";2023-12-12 15:52:18;152.0;148.03;11250.43;1875.07;Лента ООО РЦ Ижора;"ООО ""ВоронежАгро-М"""
"Пр.из творога ""365 дней"" 24%.500г.пакет.8шт";2023-12-11 23:59:57;152.0;129.22;9820.72;1636.79;ВРА-М ООО;"ООО ""7 Утра"""
"Пр.из творога ""365 дней"" 24%.500г.пакет.8шт";2023-12-11 13:09:26;152.0;148.03;11250.43;1875.07;Лента ООО РЦ Тольятти;"ООО ""ВоронежАгро-М"""
"Пр.из творога ""365 дней"" 24%.500г.пакет.8шт";2023-12-08 23:59:57;144.0;129.22;9303.84;1550.64;ВРА-М ООО;"ООО ""7 Утра"""
"Пр.из творога ""365 дней"" 24%.500г.пакет.8шт";2023-12-08 09:53:14;144.0;148.03;10658.3;1776.38;Лента ООО РЦ Лешино;"ООО ""ВоронежАгро-М"""
"Пр.из творога ""365 дней"" 24%.500г.пакет.8шт";2023-12-05 23:59:57;352.0;129.22;22742.72;3790.45;ВРА-М ООО;"ООО ""7 Утра"""
"Пр.из творога ""365 дней"" 24%.500г.пакет.8шт";2023-12-05 23:39:15;128.0;148.03;9474.05;1579.01;Лента ООО РЦ Ижора;"ООО ""ВоронежАгро-М"""
"Пр.из творога ""365 дней"" 24%.500г.пакет.8шт";2023-12-05 09:10:26;224.0;150.41;16845.7;2807.62;Лента ООО РЦ Екатеринбург;"ООО ""ВоронежАгро-М"""
"Пр.из творога ""365 дней"" 24%.500г.пакет.8шт";2023-12-04 23:59:57;136.0;129.22;8786.96;1464.49;ВРА-М ООО;"ООО ""7 Утра"""
"Пр.из творога ""365 дней"" 24%.500г.пакет.8шт";2023-12-04 19:02:25;136.0;148.03;10066.18;1677.7;Лента ООО РЦ Тольятти;"ООО ""ВоронежАгро-М"""
"Пр.из творога ""365 дней"" 24%.500г.пакет.8шт";2023-12-01 23:59:57;168.0;129.22;10854.48;1809.08;ВРА-М ООО;"ООО ""7 Утра"""
"Пр.из творога ""365 дней"" 24%.500г.пакет.8шт";2023-12-01 07:26:56;168.0;148.03;12434.69;2072.45;Лента ООО РЦ Лешино;"ООО ""ВоронежАгро-М"""
"Пр.из творога ""365 дней"" 24%.500г.пакет.8шт";2023-11-28 23:59:57;536.0;129.22;34630.96;5771.83;ВРА-М ООО;"ООО ""7 Утра"""
"Пр.из творога ""365 дней"" 24%.500г.пакет.8шт";2023-11-28 22:24:11;240.0;148.03;17763.84;2960.64;Лента ООО РЦ Ижора;"ООО ""ВоронежАгро-М"""
"Пр.из творога ""365 дней"" 24%.500г.пакет.8шт";2023-11-28 20:39:56;184.0;150.41;13837.54;2306.26;Лента ООО РЦ Екатеринбург;"ООО ""ВоронежАгро-М"""
"Пр.из творога ""365 дней"" 24%.500г.пакет.8шт";2023-11-28 02:48:55;112.0;148.03;8289.79;1381.63;Лента ООО РЦ Тольятти;"ООО ""ВоронежАгро-М"""
"Пр.из творога ""365 дней"" 24%.500г.пакет.8шт";2023-11-24 23:59:57;192.0;129.22;12405.12;2067.52;ВРА-М ООО;"ООО ""7 Утра"""
"Пр.из творога ""365 дней"" 24%.500г.пакет.8шт";2023-11-24 06:59:24;192.0;148.03;14211.07;2368.51;Лента ООО РЦ Лешино;"ООО ""ВоронежАгро-М"""
"Пр.из творога ""365 дней"" 24%.500г.пакет.8шт";2023-11-23 23:59:57;64.0;129.22;4135.04;689.17;ВРА-М ООО;"ООО ""7 Утра"""
"Пр.из творога ""365 дней"" 24%.500г.пакет.8шт";2023-11-23 20:36:05;64.0;148.03;4737.02;789.5;Лента ООО РЦ Ростов ;"ООО ""ВоронежАгро-М"""
"Пр.из творога ""365 дней"" 24%.500г.пакет.8шт";2023-11-21 23:59:57;208.0;129.22;13438.88;2239.81;ВРА-М ООО;"ООО ""7 Утра"""
"Пр.из творога ""365 дней"" 24%.500г.пакет.8шт";2023-11-21 14:12:36;208.0;148.03;15395.33;2565.89;Лента ООО РЦ Ижора;"ООО ""ВоронежАгро-М"""
"Пр.из творога ""365 дней"" 24%.500г.пакет.8шт";2023-11-20 23:59:57;176.0;129.22;11371.36;1895.23;ВРА-М ООО;"ООО ""7 Утра"""
"Пр.из творога ""365 дней"" 24%.500г.пакет.8шт";2023-11-20 06:19:20;176.0;148.03;13026.82;2171.14;Лента ООО РЦ Тольятти;"ООО ""ВоронежАгро-М"""
"Пр.из творога ""365 дней"" 24%.500г.пакет.8шт";2023-11-17 23:59:57;232.0;129.22;14989.52;2498.25;ВРА-М ООО;"ООО ""7 Утра"""
"Пр.из творога ""365 дней"" 24%.500г.пакет.8шт";2023-11-17 15:29:17;88.0;148.03;6513.41;1085.57;Лента ООО РЦ Ростов ;"ООО ""ВоронежАгро-М"""
"Пр.из творога ""365 дней"" 24%.500г.пакет.8шт";2023-11-17 10:51:45;144.0;148.03;10658.3;1776.38;Лента ООО РЦ Лешино;"ООО ""ВоронежАгро-М"""
"Пр.из творога ""365 дней"" 24%.500г.пакет.8шт";2023-11-15 23:59:57;184.0;129.22;11888.24;1981.37;ВРА-М ООО;"ООО ""7 Утра"""
"Пр.из творога ""365 дней"" 24%.500г.пакет.8шт";2023-11-15 03:43:08;184.0;150.41;13837.54;2306.26;Лента ООО РЦ Екатеринбург;"ООО ""ВоронежАгро-М"""
"Пр.из творога ""365 дней"" 24%.500г.пакет.8шт";2023-11-14 23:59:57;448.0;129.22;28945.28;4824.21;ВРА-М ООО;"ООО ""7 Утра"""
"Пр.из творога ""365 дней"" 24%.500г.пакет.8шт";2023-11-14 17:20:34;448.0;148.03;33159.17;5526.53;Лента ООО РЦ Ижора;"ООО ""ВоронежАгро-М"""
"Пр.из творога ""365 дней"" 24%.500г.пакет.8шт";2023-11-13 23:59:57;72.0;129.22;4651.92;775.32;ВРА-М ООО;"ООО ""7 Утра"""
"Пр.из творога ""365 дней"" 24%.500г.пакет.8шт";2023-11-13 04:57:15;72.0;148.03;5329.15;888.19;Лента ООО РЦ Тольятти;"ООО ""ВоронежАгро-М"""
"Пр.из творога ""365 дней"" 24%.500г.пакет.8шт";2023-11-10 23:59:57;168.0;129.22;10854.48;1809.08;ВРА-М ООО;"ООО ""7 Утра"""
"Пр.из творога ""365 дней"" 24%.500г.пакет.8шт";2023-11-10 14:42:17;168.0;148.03;12434.69;2072.45;Лента ООО РЦ Лешино;"ООО ""ВоронежАгро-М"""
"Пр.из творога ""365 дней"" 24%.500г.пакет.8шт";2023-11-07 23:59:57;400.0;129.22;25844.0;4307.33;ВРА-М ООО;"ООО ""7 Утра"""
"Пр.из творога ""365 дней"" 24%.500г.пакет.8шт";2023-11-07 19:05:06;184.0;150.41;13837.54;2306.26;Лента ООО РЦ Екатеринбург;"ООО ""ВоронежАгро-М"""
"Пр.из творога ""365 дней"" 24%.500г.пакет.8шт";2023-11-07 15:24:07;216.0;148.03;15987.46;2664.58;Лента ООО РЦ Ижора;"ООО ""ВоронежАгро-М"""
"Пр.из творога ""365 дней"" 24%.500г.пакет.8шт";2023-11-06 23:59:58;296.0;129.22;19124.56;3187.43;7 Утра ООО;"ООО ""ВоронежАгро-М"""
"Пр.из творога ""365 дней"" 24%.500г.пакет.8шт";2023-11-06 23:59:57;176.0;129.22;11371.36;1895.23;ВРА-М ООО;"ООО ""7 Утра"""
"Пр.из творога ""365 дней"" 24%.500г.пакет.8шт";2023-11-06 09:14:00;176.0;148.03;13026.82;2171.14;Лента ООО РЦ Тольятти;"ООО ""ВоронежАгро-М"""
"Пр.из творога ""365 дней"" 24%.500г.пакет.8шт";2023-11-03 23:59:57;448.0;129.22;28945.28;4824.21;ВРА-М ООО;"ООО ""7 Утра"""
"Пр.из творога ""365 дней"" 24%.500г.пакет.8шт";2023-11-03 15:51:34;120.0;148.03;8881.92;1480.32;Лента ООО РЦ Ростов ;"ООО ""ВоронежАгро-М"""
"Пр.из творога ""365 дней"" 24%.500г.пакет.8шт";2023-11-03 13:02:57;328.0;148.03;24277.25;4046.21;Лента ООО РЦ Лешино;"ООО ""ВоронежАгро-М"""
"Пр.из творога ""365 дней"" 24%.500г.пакет.8шт";2023-10-31 23:59:57;480.0;129.22;31012.8;5168.8;ВРА-М ООО;"ООО ""7 Утра"""
"Пр.из творога ""365 дней"" 24%.500г.пакет.8шт";2023-10-31 13:39:47;184.0;150.41;13837.54;2306.26;Лента ООО РЦ Екатеринбург;"ООО ""ВоронежАгро-М"""
"Пр.из творога ""365 дней"" 24%.500г.пакет.8шт";2023-10-31 10:34:55;296.0;148.03;21908.74;3651.46;Лента ООО РЦ Ижора;"ООО ""ВоронежАгро-М"""
"Пр.из творога ""365 дней"" 24%.500г.пакет.8шт";2023-10-30 23:59:57;72.0;129.22;4651.92;775.32;ВРА-М ООО;"ООО ""7 Утра"""
"Пр.из творога ""365 дней"" 24%.500г.пакет.8шт";2023-10-30 10:14:28;72.0;148.03;5329.15;888.19;Лента ООО РЦ Тольятти;"ООО ""ВоронежАгро-М"""
"Пр.из творога ""365 дней"" 24%.500г.пакет.8шт";2023-10-29 23:59:57;152.0;129.22;9820.72;1636.79;ВРА-М ООО;"ООО ""7 Утра"""
"Пр.из творога ""365 дней"" 24%.500г.пакет.8шт";2023-10-29 11:00:50;152.0;196.9;14964.1;2494.02;Лента ООО РЦ Новосибирск;"ООО ""ВоронежАгро-М"""
"Пр.из творога ""365 дней"" 24%.500г.пакет.8шт";2023-10-27 23:59:57;352.0;129.22;22742.72;3790.45;ВРА-М ООО;"ООО ""7 Утра"""
"Пр.из творога ""365 дней"" 24%.500г.пакет.8шт";2023-10-27 16:48:35;136.0;148.03;10066.18;1677.7;Лента ООО РЦ Ростов ;"ООО ""ВоронежАгро-М"""
"Пр.из творога ""365 дней"" 24%.500г.пакет.8шт";2023-10-27 14:04:39;216.0;148.03;15987.46;2664.58;Лента ООО РЦ Лешино;"ООО ""ВоронежАгро-М"""
"Пр.из творога ""365 дней"" 24%.500г.пакет.8шт";2023-10-25 23:59:57;176.0;129.22;11371.36;1895.23;ВРА-М ООО;"ООО ""7 Утра"""
"Пр.из творога ""365 дней"" 24%.500г.пакет.8шт";2023-10-25 02:09:35;176.0;150.41;13235.9;2205.98;Лента ООО РЦ Екатеринбург;"ООО ""ВоронежАгро-М"""
"Пр.из творога ""365 дней"" 24%.500г.пакет.8шт";2023-10-24 23:59:57;232.0;129.22;14989.52;2498.25;ВРА-М ООО;"ООО ""7 Утра"""
"Пр.из творога ""365 дней"" 24%.500г.пакет.8шт";2023-10-24 09:18:57;232.0;148.03;17171.71;2861.95;Лента ООО РЦ Ижора;"ООО ""ВоронежАгро-М"""
"Пр.из творога ""365 дней"" 24%.500г.пакет.8шт";2023-10-23 23:59:57;360.0;129.22;23259.6;3876.6;ВРА-М ООО;"ООО ""7 Утра"""
"Пр.из творога ""365 дней"" 24%.500г.пакет.8шт";2023-10-23 14:56:12;360.0;148.03;26645.76;4440.96;Лента ООО РЦ Тольятти;"ООО ""ВоронежАгро-М"""
"Пр.из творога ""365 дней"" 24%.500г.пакет.8шт";2023-10-22 23:59:57;136.0;129.22;8786.96;1464.49;ВРА-М ООО;"ООО ""7 Утра"""
"Пр.из творога ""365 дней"" 24%.500г.пакет.8шт";2023-10-22 10:49:59;136.0;196.9;13388.93;2231.49;Лента ООО РЦ Новосибирск;"ООО ""ВоронежАгро-М"""
"Пр.из творога ""365 дней"" 24%.500г.пакет.8шт";2023-10-20 23:59:57;464.0;129.22;29979.04;4996.51;ВРА-М ООО;"ООО ""7 Утра"""
"Пр.из творога ""365 дней"" 24%.500г.пакет.8шт";2023-10-20 16:05:48;344.0;148.03;25461.5;4243.58;Лента ООО РЦ Лешино;"ООО ""ВоронежАгро-М"""
"Пр.из творога ""365 дней"" 24%.500г.пакет.8шт";2023-10-20 15:47:14;120.0;148.03;8881.92;1480.32;Лента ООО РЦ Ростов ;"ООО ""ВоронежАгро-М"""
"Пр.из творога ""365 дней"" 24%.500г.пакет.8шт";2023-10-17 23:59:57;760.0;129.22;49103.6;8183.93;ВРА-М ООО;"ООО ""7 Утра"""
"Пр.из творога ""365 дней"" 24%.500г.пакет.8шт";2023-10-17 13:27:56;440.0;150.41;33089.76;5514.96;Лента ООО РЦ Екатеринбург;"ООО ""ВоронежАгро-М"""
"Пр.из творога ""365 дней"" 24%.500г.пакет.8шт";2023-10-17 10:42:01;320.0;148.03;23685.12;3947.52;Лента ООО РЦ Ижора;"ООО ""ВоронежАгро-М"""
"Пр.из творога ""365 дней"" 24%.500г.пакет.8шт";2023-10-16 23:59:57;240.0;129.22;15506.4;2584.4;ВРА-М ООО;"ООО ""7 Утра"""
"Пр.из творога ""365 дней"" 24%.500г.пакет.8шт";2023-10-16 11:42:46;240.0;148.03;17763.84;2960.64;Лента ООО РЦ Тольятти;"ООО ""ВоронежАгро-М"""
"Пр.из творога ""365 дней"" 24%.500г.пакет.8шт";2023-10-13 23:59:57;440.0;129.22;28428.4;4738.07;ВРА-М ООО;"ООО ""7 Утра"""
"Пр.из творога ""365 дней"" 24%.500г.пакет.8шт";2023-10-13 10:28:02;272.0;148.03;20132.35;3355.39;Лента ООО РЦ Лешино;"ООО ""ВоронежАгро-М"""
"Пр.из творога ""365 дней"" 24%.500г.пакет.8шт";2023-10-13 05:58:00;40.0;148.03;2960.64;493.44;Лента ООО РЦ 8130 - Воронеж;"ООО ""ВоронежАгро-М"""
"Пр.из творога ""365 дней"" 24%.500г.пакет.8шт";2023-10-13 03:54:36;128.0;148.03;9474.05;1579.01;Лента ООО РЦ Ростов ;"ООО ""ВоронежАгро-М"""
"Пр.из творога ""365 дней"" 24%.500г.пакет.8шт";2023-10-10 23:59:57;416.0;129.22;26877.76;4479.63;ВРА-М ООО;"ООО ""7 Утра"""
"Пр.из творога ""365 дней"" 24%.500г.пакет.8шт";2023-10-10 15:46:52;216.0;148.03;15987.46;2664.58;Лента ООО РЦ Ижора;"ООО ""ВоронежАгро-М"""
"Пр.из творога ""365 дней"" 24%.500г.пакет.8шт";2023-10-10 11:56:05;200.0;150.41;15040.8;2506.8;Лента ООО РЦ Екатеринбург;"ООО ""ВоронежАгро-М"""
"Пр.из творога ""365 дней"" 24%.500г.пакет.8шт";2023-10-09 23:59:57;144.0;129.22;9303.84;1550.64;ВРА-М ООО;"ООО ""7 Утра"""
"Пр.из творога ""365 дней"" 24%.500г.пакет.8шт";2023-10-09 09:00:50;144.0;148.03;10658.3;1776.38;Лента ООО РЦ Тольятти;"ООО ""ВоронежАгро-М"""
"Пр.из творога ""365 дней"" 24%.500г.пакет.8шт";2023-10-06 23:59:57;184.0;129.22;11888.24;1981.37;ВРА-М ООО;"ООО ""7 Утра"""
"Пр.из творога ""365 дней"" 24%.500г.пакет.8шт";2023-10-06 17:34:03;352.0;148.03;26053.63;4342.27;Лента ООО РЦ Лешино;"ООО ""ВоронежАгро-М"""
"Пр.из творога ""365 дней"" 24%.500г.пакет.8шт";2023-10-06 12:12:22;144.0;148.03;10658.3;1776.38;Лента ООО РЦ Ростов ;"ООО ""ВоронежАгро-М"""
"Пр.из творога ""365 дней"" 24%.500г.пакет.8шт";2023-10-03 23:59:57;552.0;129.22;35664.72;5944.12;ВРА-М ООО;"ООО ""7 Утра"""
"Пр.из творога ""365 дней"" 24%.500г.пакет.8шт";2023-10-03 20:16:47;240.0;148.03;17763.84;2960.64;Лента ООО РЦ Ижора;"ООО ""ВоронежАгро-М"""
"Пр.из творога ""365 дней"" 24%.500г.пакет.8шт";2023-10-03 16:12:29;312.0;150.41;23463.65;3910.61;Лента ООО РЦ Екатеринбург;"ООО ""ВоронежАгро-М"""
"Пр.из творога ""365 дней"" 24%.500г.пакет.8шт";2023-10-02 23:59:57;80.0;129.22;5168.8;861.47;ВРА-М ООО;"ООО ""7 Утра"""
"Пр.из творога ""365 дней"" 24%.500г.пакет.8шт";2023-10-02 13:47:52;80.0;148.03;5921.28;986.88;Лента ООО РЦ Тольятти;"ООО ""ВоронежАгро-М"""
"Пр.из творога ""365 дней"" 24%.500г.пакет.8шт";2023-09-29 23:59:57;192.0;129.22;12405.12;2067.52;ВРА-М ООО;"ООО ""7 Утра"""
"Пр.из творога ""365 дней"" 24%.500г.пакет.8шт";2023-09-29 17:16:47;192.0;148.03;14211.07;2368.51;Лента ООО РЦ Лешино;"ООО ""ВоронежАгро-М"""
"Пр.из творога ""365 дней"" 24%.500г.пакет.8шт";2023-09-28 23:59:57;128.0;129.22;8270.08;1378.35;ВРА-М ООО;"ООО ""7 Утра"""
"Пр.из творога ""365 дней"" 24%.500г.пакет.8шт";2023-09-28 20:07:50;128.0;148.03;9474.05;1579.01;Лента ООО РЦ Ростов ;"ООО ""ВоронежАгро-М"""
"Пр.из творога ""365 дней"" 24%.500г.пакет.8шт";2023-09-26 23:59:57;216.0;129.22;13955.76;2325.96;ВРА-М ООО;"ООО ""7 Утра"""
"Пр.из творога ""365 дней"" 24%.500г.пакет.8шт";2023-09-26 20:54:46;200.0;150.41;15040.8;2506.8;Лента ООО РЦ Екатеринбург;"ООО ""ВоронежАгро-М"""
"Пр.из творога ""365 дней"" 24%.500г.пакет.8шт";2023-09-26 19:52:25;176.0;148.03;13026.82;2171.14;Лента ООО РЦ Ижора;"ООО ""ВоронежАгро-М"""
"Пр.из творога ""365 дней"" 24%.500г.пакет.8шт";2023-09-25 23:59:57;168.0;129.22;10854.48;1809.08;ВРА-М ООО;"ООО ""7 Утра"""
"Пр.из творога ""365 дней"" 24%.500г.пакет.8шт";2023-09-25 16:14:27;168.0;148.03;12434.69;2072.45;Лента ООО РЦ Тольятти;"ООО ""ВоронежАгро-М"""
"Пр.из творога ""365 дней"" 24%.500г.пакет.8шт";2023-09-23 23:59:57;120.0;129.22;7753.2;1292.2;ВРА-М ООО;"ООО ""7 Утра"""
"Пр.из творога ""365 дней"" 24%.500г.пакет.8шт";2023-09-23 10:28:27;120.0;196.9;11813.76;1968.96;Лента ООО РЦ Новосибирск;"ООО ""ВоронежАгро-М"""
"Пр.из творога ""365 дней"" 24%.500г.пакет.8шт";2023-09-22 23:59:57;352.0;129.22;22742.72;3790.45;ВРА-М ООО;"ООО ""7 Утра"""
"Пр.из творога ""365 дней"" 24%.500г.пакет.8шт";2023-09-22 23:20:56;160.0;148.03;11842.56;1973.76;Лента ООО РЦ Ростов ;"ООО ""ВоронежАгро-М"""
"Пр.из творога ""365 дней"" 24%.500г.пакет.8шт";2023-09-22 19:10:22;192.0;148.03;14211.07;2368.51;Лента ООО РЦ Лешино;"ООО ""ВоронежАгро-М"""
"Пр.из творога ""365 дней"" 24%.500г.пакет.8шт";2023-09-19 23:59:57;408.0;129.22;26360.88;4393.48;ВРА-М ООО;"ООО ""7 Утра"""
"Пр.из творога ""365 дней"" 24%.500г.пакет.8шт";2023-09-19 19:49:33;272.0;148.03;20132.35;3355.39;Лента ООО РЦ Ижора;"ООО ""ВоронежАгро-М"""
"Пр.из творога ""365 дней"" 24%.500г.пакет.8шт";2023-09-19 18:25:58;136.0;150.41;10227.74;1704.62;Лента ООО РЦ Екатеринбург;"ООО ""ВоронежАгро-М"""
"Пр.из творога ""365 дней"" 24%.500г.пакет.8шт";2023-09-18 23:59:57;176.0;129.22;11371.36;1895.23;ВРА-М ООО;"ООО ""7 Утра"""
"Пр.из творога ""365 дней"" 24%.500г.пакет.8шт";2023-09-18 05:14:56;176.0;148.03;13026.82;2171.14;Лента ООО РЦ Тольятти;"ООО ""ВоронежАгро-М"""
"Пр.из творога ""365 дней"" 24%.500г.пакет.8шт";2023-09-16 23:59:57;296.0;129.22;19124.56;3187.43;ВРА-М ООО;"ООО ""7 Утра"""
"Пр.из творога ""365 дней"" 24%.500г.пакет.8шт";2023-09-16 09:23:08;296.0;196.9;29140.61;4856.77;Лента ООО РЦ Новосибирск;"ООО ""ВоронежАгро-М"""
"Пр.из творога ""365 дней"" 24%.500г.пакет.8шт";2023-09-15 23:59:57;544.0;129.22;35147.84;5857.97;ВРА-М ООО;"ООО ""7 Утра"""
"Пр.из творога ""365 дней"" 24%.500г.пакет.8шт";2023-09-15 11:33:26;392.0;148.03;29014.27;4835.71;Лента ООО РЦ Лешино;"ООО ""ВоронежАгро-М"""
"Пр.из творога ""365 дней"" 24%.500г.пакет.8шт";2023-09-15 10:42:17;152.0;148.03;11250.43;1875.07;Лента ООО РЦ Ростов ;"ООО ""ВоронежАгро-М"""
"Пр.из творога ""365 дней"" 24%.500г.пакет.8шт";2023-09-14 23:59:58;152.0;129.22;9820.72;1636.79;7 Утра ООО;"ООО ""ВоронежАгро-М"""
"Пр.из творога ""365 дней"" 24%.500г.пакет.8шт";2023-09-12 23:59:57;608.0;129.22;39282.88;6547.15;ВРА-М ООО;"ООО ""7 Утра"""
"Пр.из творога ""365 дней"" 24%.500г.пакет.8шт";2023-09-12 18:37:46;360.0;148.03;26645.76;4440.96;Лента ООО РЦ Ижора;"ООО ""ВоронежАгро-М"""
"Пр.из творога ""365 дней"" 24%.500г.пакет.8шт";2023-09-12 06:12:28;248.0;150.41;18650.59;3108.43;Лента ООО РЦ Екатеринбург;"ООО ""ВоронежАгро-М"""
"Пр.из творога ""365 дней"" 24%.500г.пакет.8шт";2023-09-11 23:59:57;184.0;129.22;11888.24;1981.37;ВРА-М ООО;"ООО ""7 Утра"""
"Пр.из творога ""365 дней"" 24%.500г.пакет.8шт";2023-09-11 06:47:37;184.0;148.03;13618.94;2269.82;Лента ООО РЦ Тольятти;"ООО ""ВоронежАгро-М"""
"Пр.из творога ""365 дней"" 24%.500г.пакет.8шт";2023-09-10 23:59:57;136.0;129.22;8786.96;1464.49;ВРА-М ООО;"ООО ""7 Утра"""
"Пр.из творога ""365 дней"" 24%.500г.пакет.8шт";2023-09-10 20:45:58;136.0;196.9;13388.93;2231.49;Лента ООО РЦ Новосибирск;"ООО ""ВоронежАгро-М"""
"Пр.из творога ""365 дней"" 24%.500г.пакет.8шт";2023-09-08 23:59:57;144.0;129.22;9303.84;1550.64;ВРА-М ООО;"ООО ""7 Утра"""
"Пр.из творога ""365 дней"" 24%.500г.пакет.8шт";2023-09-08 12:45:18;144.0;148.03;10658.3;1776.38;Лента ООО РЦ Ростов ;"ООО ""ВоронежАгро-М"""
"Пр.из творога ""365 дней"" 24%.500г.пакет.8шт";2023-09-07 23:59:57;336.0;129.22;21708.96;3618.16;ВРА-М ООО;"ООО ""7 Утра"""
"Пр.из творога ""365 дней"" 24%.500г.пакет.8шт";2023-09-07 18:43:12;336.0;148.03;24869.38;4144.9;Лента ООО РЦ Лешино;"ООО ""ВоронежАгро-М"""
"Пр.из творога ""365 дней"" 24%.500г.пакет.8шт";2023-09-06 23:59:58;168.0;129.22;10854.48;1809.08;7 Утра ООО;"ООО ""ВоронежАгро-М"""
"Пр.из творога ""365 дней"" 24%.500г.пакет.8шт";2023-09-05 23:59:57;672.0;129.22;43417.92;7236.32;ВРА-М ООО;"ООО ""7 Утра"""
"Пр.из творога ""365 дней"" 24%.500г.пакет.8шт";2023-09-05 22:08:19;432.0;148.03;31974.91;5329.15;Лента ООО РЦ Ижора;"ООО ""ВоронежАгро-М"""
"Пр.из творога ""365 дней"" 24%.500г.пакет.8шт";2023-09-05 16:48:39;240.0;150.41;18048.96;3008.16;Лента ООО РЦ Екатеринбург;"ООО ""ВоронежАгро-М"""
"Пр.из творога ""365 дней"" 24%.500г.пакет.8шт";2023-09-04 23:59:57;208.0;129.22;13438.88;2239.81;ВРА-М ООО;"ООО ""7 Утра"""
"Пр.из творога ""365 дней"" 24%.500г.пакет.8шт";2023-09-04 16:17:00;208.0;148.03;15395.33;2565.89;Лента ООО РЦ Тольятти;"ООО ""ВоронежАгро-М"""
"Пр.из творога ""365 дней"" 24%.500г.пакет.8шт";2023-09-01 23:59:57;80.0;129.22;5168.8;861.47;ВРА-М ООО;"ООО ""7 Утра"""
"Пр.из творога ""365 дней"" 24%.500г.пакет.8шт";2023-09-01 00:07:57;80.0;148.03;5921.28;986.88;Лента ООО РЦ Ростов ;"ООО ""ВоронежАгро-М"""
"Пр.из творога ""365 дней"" 24%.500г.пакет.8шт";2023-08-31 23:59:57;152.0;129.22;9820.72;1636.79;ВРА-М ООО;"ООО ""7 Утра"""
"Пр.из творога ""365 дней"" 24%.500г.пакет.8шт";2023-08-31 13:42:00;152.0;148.03;11250.43;1875.07;Лента ООО РЦ Лешино;"ООО ""ВоронежАгро-М"""
"Пр.из творога ""365 дней"" 24%.500г.пакет.8шт";2023-08-30 23:59:58;184.0;129.22;11888.24;1981.37;7 Утра ООО;"ООО ""ВоронежАгро-М"""
"Пр.из творога ""365 дней"" 24%.500г.пакет.8шт";2023-08-29 23:59:57;208.0;129.22;13438.88;2239.81;ВРА-М ООО;"ООО ""7 Утра"""
"Пр.из творога ""365 дней"" 24%.500г.пакет.8шт";2023-08-29 20:33:17;208.0;148.03;15395.33;2565.89;Лента ООО РЦ Ижора;"ООО ""ВоронежАгро-М"""
"Пр.из творога ""365 дней"" 24%.500г.пакет.8шт";2023-08-27 23:59:57;176.0;129.22;11371.36;1895.23;ВРА-М ООО;"ООО ""7 Утра"""
"Пр.из творога ""365 дней"" 24%.500г.пакет.8шт";2023-08-27 20:16:22;176.0;148.03;13026.82;2171.14;Лента ООО РЦ Тольятти;"ООО ""ВоронежАгро-М"""
"Пр.из творога ""365 дней"" 24%.500г.пакет.8шт";2023-08-26 23:59:57;184.0;129.22;11888.24;1981.37;ВРА-М ООО;"ООО ""7 Утра"""
"Пр.из творога ""365 дней"" 24%.500г.пакет.8шт";2023-08-26 19:53:02;184.0;196.9;18114.43;3019.07;Лента ООО РЦ Новосибирск;"ООО ""ВоронежАгро-М"""
"Пр.из творога ""365 дней"" 24%.500г.пакет.8шт";2023-08-25 23:59:57;104.0;129.22;6719.44;1119.91;ВРА-М ООО;"ООО ""7 Утра"""
"Пр.из творога ""365 дней"" 24%.500г.пакет.8шт";2023-08-25 21:34:24;104.0;148.03;7697.66;1282.94;Лента ООО РЦ Ростов ;"ООО ""ВоронежАгро-М"""
"Пр.из творога ""365 дней"" 24%.500г.пакет.8шт";2023-08-24 23:59:57;320.0;129.22;20675.2;3445.87;ВРА-М ООО;"ООО ""7 Утра"""
"Пр.из творога ""365 дней"" 24%.500г.пакет.8шт";2023-08-24 16:17:30;320.0;148.03;23685.12;3947.52;Лента ООО РЦ Лешино;"ООО ""ВоронежАгро-М"""
"Пр.из творога ""365 дней"" 24%.500г.пакет.8шт";2023-08-22 23:59:57;336.0;129.22;21708.96;3618.16;ВРА-М ООО;"ООО ""7 Утра"""
"Пр.из творога ""365 дней"" 24%.500г.пакет.8шт";2023-08-22 14:30:36;168.0;150.41;12634.27;2105.71;Лента ООО РЦ Екатеринбург;"ООО ""ВоронежАгро-М"""
"Пр.из творога ""365 дней"" 24%.500г.пакет.8шт";2023-08-22 14:30:32;168.0;148.03;12434.69;2072.45;Лента ООО РЦ Ижора;"ООО ""ВоронежАгро-М"""
"Пр.из творога ""365 дней"" 24%.500г.пакет.8шт";2023-08-21 23:59:57;192.0;129.22;12405.12;2067.52;ВРА-М ООО;"ООО ""7 Утра"""
"Пр.из творога ""365 дней"" 24%.500г.пакет.8шт";2023-08-21 21:45:09;192.0;148.03;14211.07;2368.51;Лента ООО РЦ Тольятти;"ООО ""ВоронежАгро-М"""
"Пр.из творога ""365 дней"" 24%.500г.пакет.8шт";2023-08-18 23:59:57;280.0;129.22;18090.8;3015.13;ВРА-М ООО;"ООО ""7 Утра"""
"Пр.из творога ""365 дней"" 24%.500г.пакет.8шт";2023-08-18 18:33:47;96.0;148.03;7105.54;1184.26;Лента ООО РЦ Ростов ;"ООО ""ВоронежАгро-М"""
"Пр.из творога ""365 дней"" 24%.500г.пакет.8шт";2023-08-18 01:40:12;184.0;148.03;13618.94;2269.82;Лента ООО РЦ Лешино;"ООО ""ВоронежАгро-М"""
"Пр.из творога ""365 дней"" 24%.500г.пакет.8шт";2023-08-15 23:59:57;600.0;129.22;38766.0;6461.0;ВРА-М ООО;"ООО ""7 Утра"""
"Пр.из творога ""365 дней"" 24%.500г.пакет.8шт";2023-08-15 16:03:50;232.0;148.03;17171.71;2861.95;Лента ООО РЦ Ижора;"ООО ""ВоронежАгро-М"""
"Пр.из творога ""365 дней"" 24%.500г.пакет.8шт";2023-08-15 10:32:13;368.0;150.41;27675.07;4612.51;Лента ООО РЦ Екатеринбург;"ООО ""ВоронежАгро-М"""
"Пр.из творога ""365 дней"" 24%.500г.пакет.8шт";2023-08-14 23:59:57;152.0;129.22;9820.72;1636.79;ВРА-М ООО;"ООО ""7 Утра"""
"Пр.из творога ""365 дней"" 24%.500г.пакет.8шт";2023-08-14 13:42:51;152.0;148.03;11250.43;1875.07;Лента ООО РЦ Тольятти;"ООО ""ВоронежАгро-М"""
"Пр.из творога ""365 дней"" 24%.500г.пакет.8шт";2023-08-11 23:59:57;104.0;129.22;6719.44;1119.91;ВРА-М ООО;"ООО ""7 Утра"""
"Пр.из творога ""365 дней"" 24%.500г.пакет.8шт";2023-08-11 15:30:42;104.0;148.03;7697.66;1282.94;Лента ООО РЦ Ростов ;"ООО ""ВоронежАгро-М"""
"Пр.из творога ""365 дней"" 24%.500г.пакет.8шт";2023-08-10 23:59:57;168.0;129.22;10854.48;1809.08;ВРА-М ООО;"ООО ""7 Утра"""
"Пр.из творога ""365 дней"" 24%.500г.пакет.8шт";2023-08-10 17:04:26;168.0;148.03;12434.69;2072.45;Лента ООО РЦ Лешино;"ООО ""ВоронежАгро-М"""
"Пр.из творога ""365 дней"" 24%.500г.пакет.8шт";2023-08-09 23:59:57;216.0;129.22;13955.76;2325.96;ВРА-М ООО;"ООО ""7 Утра"""
"Пр.из творога ""365 дней"" 24%.500г.пакет.8шт";2023-08-09 17:30:19;216.0;148.03;15987.46;2664.58;Лента ООО РЦ Ижора;"ООО ""ВоронежАгро-М"""
"Пр.из творога ""365 дней"" 24%.500г.пакет.8шт";2023-08-08 23:59:57;296.0;129.22;19124.56;3187.43;ВРА-М ООО;"ООО ""7 Утра"""
"Пр.из творога ""365 дней"" 24%.500г.пакет.8шт";2023-08-08 23:32:51;296.0;150.41;22260.38;3710.06;Лента ООО РЦ Екатеринбург;"ООО ""ВоронежАгро-М"""
"Пр.из творога ""365 дней"" 24%.500г.пакет.8шт";2023-08-07 23:59:57;168.0;129.22;10854.48;1809.08;ВРА-М ООО;"ООО ""7 Утра"""
"Пр.из творога ""365 дней"" 24%.500г.пакет.8шт";2023-08-07 13:15:28;168.0;148.03;12434.69;2072.45;Лента ООО РЦ Тольятти;"ООО ""ВоронежАгро-М"""
"Пр.из творога ""365 дней"" 24%.500г.пакет.8шт";2023-08-04 23:59:57;240.0;129.22;15506.4;2584.4;ВРА-М ООО;"ООО ""7 Утра"""
"Пр.из творога ""365 дней"" 24%.500г.пакет.8шт";2023-08-04 21:48:15;240.0;148.03;17763.84;2960.64;Лента ООО РЦ Ростов ;"ООО ""ВоронежАгро-М"""
"Пр.из творога ""365 дней"" 24%.500г.пакет.8шт";2023-08-03 23:59:57;848.0;129.22;54789.28;9131.55;ВРА-М ООО;"ООО ""7 Утра"""
"Пр.из творога ""365 дней"" 24%.500г.пакет.8шт";2023-08-03 12:21:47;416.0;150.41;31284.86;5214.14;Лента ООО РЦ Екатеринбург;"ООО ""ВоронежАгро-М"""
"Пр.из творога ""365 дней"" 24%.500г.пакет.8шт";2023-08-03 09:42:05;432.0;148.03;31974.91;5329.15;Лента ООО РЦ Лешино;"ООО ""ВоронежАгро-М"""
"Пр.из творога ""365 дней"" 24%.500г.пакет.8шт";2023-08-02 23:59:57;280.0;129.22;18090.8;3015.13;ВРА-М ООО;"ООО ""7 Утра"""
"Пр.из творога ""365 дней"" 24%.500г.пакет.8шт";2023-08-02 04:18:06;280.0;148.03;20724.48;3454.08;Лента ООО РЦ Тольятти;"ООО ""ВоронежАгро-М"""
"Пр.из творога ""365 дней"" 24%.500г.пакет.8шт";2023-08-01 23:59:57;384.0;129.22;24810.24;4135.04;ВРА-М ООО;"ООО ""7 Утра"""
"Пр.из творога ""365 дней"" 24%.500г.пакет.8шт";2023-08-01 19:26:37;384.0;148.03;28422.14;4737.02;Лента ООО РЦ Ижора;"ООО ""ВоронежАгро-М"""
"Пр.из творога ""365 дней"" 24%.500г.пакет.8шт";2023-07-30 23:59:57;208.0;129.22;13438.88;2239.81;ВРА-М ООО;"ООО ""7 Утра"""
"Пр.из творога ""365 дней"" 24%.500г.пакет.8шт";2023-07-30 00:08:55;208.0;196.9;20477.18;3412.86;Лента ООО РЦ Новосибирск;"ООО ""ВоронежАгро-М"""
"Пр.из творога ""365 дней"" 24%.500г.пакет.8шт";2023-07-28 23:59:57;200.0;129.22;12922.0;2153.67;ВРА-М ООО;"ООО ""7 Утра"""
"Пр.из творога ""365 дней"" 24%.500г.пакет.8шт";2023-07-28 16:33:40;200.0;148.03;14803.2;2467.2;Лента ООО РЦ Ростов ;"ООО ""ВоронежАгро-М"""
"Пр.из творога ""365 дней"" 24%.500г.пакет.8шт";2023-07-27 23:59:57;288.0;129.22;18607.68;3101.28;ВРА-М ООО;"ООО ""7 Утра"""
"Пр.из творога ""365 дней"" 24%.500г.пакет.8шт";2023-07-27 17:18:44;288.0;148.03;21316.61;3552.77;Лента ООО РЦ Лешино;"ООО ""ВоронежАгро-М"""
"Пр.из творога ""365 дней"" 24%.500г.пакет.8шт";2023-07-26 23:59:57;240.0;129.22;15506.4;2584.4;ВРА-М ООО;"ООО ""7 Утра"""
"Пр.из творога ""365 дней"" 24%.500г.пакет.8шт";2023-07-26 05:44:08;240.0;148.03;17763.84;2960.64;Лента ООО РЦ Ижора;"ООО ""ВоронежАгро-М"""
"Пр.из творога ""365 дней"" 24%.500г.пакет.8шт";2023-07-23 23:59:57;200.0;129.22;12922.0;2153.67;ВРА-М ООО;"ООО ""7 Утра"""
"Пр.из творога ""365 дней"" 24%.500г.пакет.8шт";2023-07-23 17:47:40;200.0;148.03;14803.2;2467.2;Лента ООО РЦ Тольятти;"ООО ""ВоронежАгро-М"""
"Пр.из творога ""365 дней"" 24%.500г.пакет.8шт";2023-07-21 23:59:57;136.0;129.22;8786.96;1464.49;ВРА-М ООО;"ООО ""7 Утра"""
"Пр.из творога ""365 дней"" 24%.500г.пакет.8шт";2023-07-21 15:58:03;136.0;148.03;10066.18;1677.7;Лента ООО РЦ Ростов ;"ООО ""ВоронежАгро-М"""
"Пр.из творога ""365 дней"" 24%.500г.пакет.8шт";2023-07-20 23:59:57;320.0;129.22;20675.2;3445.87;ВРА-М ООО;"ООО ""7 Утра"""
"Пр.из творога ""365 дней"" 24%.500г.пакет.8шт";2023-07-20 13:57:25;320.0;148.03;23685.12;3947.52;Лента ООО РЦ Лешино;"ООО ""ВоронежАгро-М"""
"Пр.из творога ""365 дней"" 24%.500г.пакет.8шт";2023-07-18 23:59:57;240.0;129.22;15506.4;2584.4;ВРА-М ООО;"ООО ""7 Утра"""
"Пр.из творога ""365 дней"" 24%.500г.пакет.8шт";2023-07-18 19:59:38;240.0;148.03;17763.84;2960.64;Лента ООО РЦ Ижора;"ООО ""ВоронежАгро-М"""
"Пр.из творога ""365 дней"" 24%.500г.пакет.8шт";2023-07-17 23:59:57;120.0;129.22;7753.2;1292.2;ВРА-М ООО;"ООО ""7 Утра"""
"Пр.из творога ""365 дней"" 24%.500г.пакет.8шт";2023-07-17 21:40:25;120.0;148.03;8881.92;1480.32;Лента ООО РЦ Тольятти;"ООО ""ВоронежАгро-М"""
"Пр.из творога ""365 дней"" 24%.500г.пакет.8шт";2023-07-14 23:59:57;88.0;129.22;5685.68;947.61;ВРА-М ООО;"ООО ""7 Утра"""
"Пр.из творога ""365 дней"" 24%.500г.пакет.8шт";2023-07-14 16:39:02;88.0;148.03;6513.41;1085.57;Лента ООО РЦ Ростов ;"ООО ""ВоронежАгро-М"""
"Пр.из творога ""365 дней"" 24%.500г.пакет.8шт";2023-07-13 23:59:57;160.0;129.22;10337.6;1722.93;ВРА-М ООО;"ООО ""7 Утра"""
"Пр.из творога ""365 дней"" 24%.500г.пакет.8шт";2023-07-13 09:44:11;160.0;148.03;11842.56;1973.76;Лента ООО РЦ Лешино;"ООО ""ВоронежАгро-М"""
"Пр.из творога ""365 дней"" 24%.500г.пакет.8шт";2023-07-11 23:59:57;208.0;129.22;13438.88;2239.81;ВРА-М ООО;"ООО ""7 Утра"""
"Пр.из творога ""365 дней"" 24%.500г.пакет.8шт";2023-07-11 18:48:01;208.0;148.03;15395.33;2565.89;Лента ООО РЦ Ижора;"ООО ""ВоронежАгро-М"""
"Пр.из творога ""365 дней"" 24%.500г.пакет.8шт";2023-07-10 23:59:57;240.0;129.22;15506.4;2584.4;ВРА-М ООО;"ООО ""7 Утра"""
"Пр.из творога ""365 дней"" 24%.500г.пакет.8шт";2023-07-10 18:22:38;240.0;148.03;17763.84;2960.64;Лента ООО РЦ Тольятти;"ООО ""ВоронежАгро-М"""
"Пр.из творога ""365 дней"" 24%.500г.пакет.8шт";2023-07-07 23:59:57;208.0;129.22;13438.88;2239.81;ВРА-М ООО;"ООО ""7 Утра"""
"Пр.из творога ""365 дней"" 24%.500г.пакет.8шт";2023-07-07 16:17:11;208.0;148.03;15395.33;2565.89;Лента ООО РЦ Ростов ;"ООО ""ВоронежАгро-М"""
"Пр.из творога ""365 дней"" 24%.500г.пакет.8шт";2023-07-06 23:59:57;408.0;129.22;26360.88;4393.48;ВРА-М ООО;"ООО ""7 Утра"""
"Пр.из творога ""365 дней"" 24%.500г.пакет.8шт";2023-07-06 14:44:29;400.0;148.03;29606.4;4934.4;Лента ООО РЦ Лешино;"ООО ""ВоронежАгро-М"""
"Пр.из творога ""365 дней"" 24%.500г.пакет.8шт";2023-07-06 14:44:25;8.0;148.03;592.13;98.69;Лента ООО РЦ 8143;"ООО ""ВоронежАгро-М"""
"Пр.из творога ""365 дней"" 24%.500г.пакет.8шт";2023-07-04 23:59:57;280.0;129.22;18090.8;3015.13;ВРА-М ООО;"ООО ""7 Утра"""
"Пр.из творога ""365 дней"" 24%.500г.пакет.8шт";2023-07-04 23:13:38;280.0;148.03;20724.48;3454.08;Лента ООО РЦ Ижора;"ООО ""ВоронежАгро-М"""
"Пр.из творога ""365 дней"" 24%.500г.пакет.8шт";2023-07-03 23:59:57;120.0;129.22;7753.2;1292.2;ВРА-М ООО;"ООО ""7 Утра"""
"Пр.из творога ""365 дней"" 24%.500г.пакет.8шт";2023-07-03 18:57:34;120.0;148.03;8881.92;1480.32;Лента ООО РЦ Тольятти;"ООО ""ВоронежАгро-М"""
"Пр.из творога ""365 дней"" 24%.500г.пакет.8шт";2023-07-02 23:59:57;648.0;129.22;41867.28;6977.88;ВРА-М ООО;"ООО ""7 Утра"""
"Пр.из творога ""365 дней"" 24%.500г.пакет.8шт";2023-07-02 23:09:38;648.0;150.41;48732.19;8122.03;Лента ООО РЦ Екатеринбург;"ООО ""ВоронежАгро-М"""
"Пр.из творога ""365 дней"" 24%.500г.пакет.8шт";2023-06-30 23:59:57;104.0;129.22;6719.44;1119.91;ВРА-М ООО;"ООО ""7 Утра"""
"Пр.из творога ""365 дней"" 24%.500г.пакет.8шт";2023-06-30 16:27:51;104.0;148.03;7697.66;1282.94;Лента ООО РЦ Ростов ;"ООО ""ВоронежАгро-М"""
"Пр.из творога ""365 дней"" 24%.500г.пакет.8шт";2023-06-29 23:59:58;152.0;129.22;9820.72;1636.79;7 Утра ООО;"ООО ""ВоронежАгро-М"""
"Пр.из творога ""365 дней"" 24%.500г.пакет.8шт";2023-06-29 23:59:57;136.0;129.22;8786.96;1464.49;ВРА-М ООО;"ООО ""7 Утра"""
"Пр.из творога ""365 дней"" 24%.500г.пакет.8шт";2023-06-29 09:52:35;136.0;148.03;10066.18;1677.7;Лента ООО РЦ Лешино;"ООО ""ВоронежАгро-М"""
"Пр.из творога ""365 дней"" 24%.500г.пакет.8шт";2023-06-27 23:59:57;192.0;129.22;12405.12;2067.52;ВРА-М ООО;"ООО ""7 Утра"""
"Пр.из творога ""365 дней"" 24%.500г.пакет.8шт";2023-06-27 22:50:52;192.0;148.03;14211.07;2368.51;Лента ООО РЦ Ижора;"ООО ""ВоронежАгро-М"""
"Пр.из творога ""365 дней"" 24%.500г.пакет.8шт";2023-06-23 23:59:57;152.0;129.22;9820.72;1636.79;ВРА-М ООО;"ООО ""7 Утра"""
"Пр.из творога ""365 дней"" 24%.500г.пакет.8шт";2023-06-23 13:31:59;152.0;148.03;11250.43;1875.07;Лента ООО РЦ Ростов ;"ООО ""ВоронежАгро-М"""
"Пр.из творога ""365 дней"" 24%.500г.пакет.8шт";2023-06-22 23:59:57;248.0;129.22;16023.28;2670.55;ВРА-М ООО;"ООО ""7 Утра"""
"Пр.из творога ""365 дней"" 24%.500г.пакет.8шт";2023-06-22 20:12:43;8.0;148.03;592.13;98.69;Лента ООО РЦ 8143;"ООО ""ВоронежАгро-М"""
"Пр.из творога ""365 дней"" 24%.500г.пакет.8шт";2023-06-22 11:52:26;240.0;148.03;17763.84;2960.64;Лента ООО РЦ Лешино;"ООО ""ВоронежАгро-М"""
"Пр.из творога ""365 дней"" 24%.500г.пакет.8шт";2023-06-20 23:59:57;256.0;129.22;16540.16;2756.69;ВРА-М ООО;"ООО ""7 Утра"""
"Пр.из творога ""365 дней"" 24%.500г.пакет.8шт";2023-06-20 16:12:52;256.0;148.03;18948.1;3158.02;Лента ООО РЦ Ижора;"ООО ""ВоронежАгро-М"""
"Пр.из творога ""365 дней"" 24%.500г.пакет.8шт";2023-06-19 23:59:57;128.0;129.22;8270.08;1378.35;ВРА-М ООО;"ООО ""7 Утра"""
"Пр.из творога ""365 дней"" 24%.500г.пакет.8шт";2023-06-19 12:23:17;128.0;148.03;9474.05;1579.01;Лента ООО РЦ Тольятти;"ООО ""ВоронежАгро-М"""
"Пр.из творога ""365 дней"" 24%.500г.пакет.8шт";2023-06-18 23:59:57;344.0;129.22;22225.84;3704.31;ВРА-М ООО;"ООО ""7 Утра"""
"Пр.из творога ""365 дней"" 24%.500г.пакет.8шт";2023-06-18 09:02:39;344.0;150.41;25870.18;4311.7;Лента ООО РЦ Екатеринбург;"ООО ""ВоронежАгро-М"""
"Пр.из творога ""365 дней"" 24%.500г.пакет.8шт";2023-06-16 23:59:57;96.0;129.22;6202.56;1033.76;ВРА-М ООО;"ООО ""7 Утра"""
"Пр.из творога ""365 дней"" 24%.500г.пакет.8шт";2023-06-16 14:02:55;96.0;148.03;7105.54;1184.26;Лента ООО РЦ Ростов ;"ООО ""ВоронежАгро-М"""
"Пр.из творога ""365 дней"" 24%.500г.пакет.8шт";2023-06-15 23:59:57;224.0;129.22;14472.64;2412.11;ВРА-М ООО;"ООО ""7 Утра"""
"Пр.из творога ""365 дней"" 24%.500г.пакет.8шт";2023-06-15 21:08:38;32.0;148.03;2368.51;394.75;Лента ООО РЦ 8143;"ООО ""ВоронежАгро-М"""
"Пр.из творога ""365 дней"" 24%.500г.пакет.8шт";2023-06-15 10:41:25;192.0;148.03;14211.07;2368.51;Лента ООО РЦ Лешино;"ООО ""ВоронежАгро-М"""
"Пр.из творога ""365 дней"" 24%.500г.пакет.8шт";2023-06-13 23:59:57;216.0;129.22;13955.76;2325.96;ВРА-М ООО;"ООО ""7 Утра"""
"Пр.из творога ""365 дней"" 24%.500г.пакет.8шт";2023-06-13 16:35:04;216.0;148.03;15987.46;2664.58;Лента ООО РЦ Ижора;"ООО ""ВоронежАгро-М"""
"Пр.из творога ""365 дней"" 24%.500г.пакет.8шт";2023-06-12 23:59:57;112.0;129.22;7236.32;1206.05;ВРА-М ООО;"ООО ""7 Утра"""
"Пр.из творога ""365 дней"" 24%.500г.пакет.8шт";2023-06-12 17:41:10;112.0;148.03;8289.79;1381.63;Лента ООО РЦ Тольятти;"ООО ""ВоронежАгро-М"""
"Пр.из творога ""365 дней"" 24%.500г.пакет.8шт";2023-06-11 23:59:57;160.0;129.22;10337.6;1722.93;ВРА-М ООО;"ООО ""7 Утра"""
"Пр.из творога ""365 дней"" 24%.500г.пакет.8шт";2023-06-11 22:48:36;160.0;196.9;15751.68;2625.28;Лента ООО РЦ Новосибирск;"ООО ""ВоронежАгро-М"""
"Пр.из творога ""365 дней"" 24%.500г.пакет.8шт";2023-06-09 23:59:57;144.0;129.22;9303.84;1550.64;ВРА-М ООО;"ООО ""7 Утра"""
"Пр.из творога ""365 дней"" 24%.500г.пакет.8шт";2023-06-09 18:27:59;8.0;148.03;592.13;98.69;Лента ООО РЦ 8143;"ООО ""ВоронежАгро-М"""
"Пр.из творога ""365 дней"" 24%.500г.пакет.8шт";2023-06-09 15:23:30;136.0;148.03;10066.18;1677.7;Лента ООО РЦ Ростов ;"ООО ""ВоронежАгро-М"""
"Пр.из творога ""365 дней"" 24%.500г.пакет.8шт";2023-06-08 23:59:57;208.0;129.22;13438.88;2239.81;ВРА-М ООО;"ООО ""7 Утра"""
"Пр.из творога ""365 дней"" 24%.500г.пакет.8шт";2023-06-08 13:29:11;208.0;148.03;15395.33;2565.89;Лента ООО РЦ Лешино;"ООО ""ВоронежАгро-М"""
"Пр.из творога ""365 дней"" 24%.500г.пакет.8шт";2023-06-06 23:59:57;264.0;129.22;17057.04;2842.84;ВРА-М ООО;"ООО ""7 Утра"""
"Пр.из творога ""365 дней"" 24%.500г.пакет.8шт";2023-06-06 15:15:40;264.0;148.03;19540.22;3256.7;Лента ООО РЦ Ижора;"ООО ""ВоронежАгро-М"""
"Пр.из творога ""365 дней"" 24%.500г.пакет.8шт";2023-06-05 23:59:57;240.0;129.22;15506.4;2584.4;ВРА-М ООО;"ООО ""7 Утра"""
"Пр.из творога ""365 дней"" 24%.500г.пакет.8шт";2023-06-05 19:32:51;240.0;148.03;17763.84;2960.64;Лента ООО РЦ Тольятти;"ООО ""ВоронежАгро-М"""
"Пр.из творога ""365 дней"" 24%.500г.пакет.8шт";2023-06-04 23:59:57;464.0;129.22;29979.04;4996.51;ВРА-М ООО;"ООО ""7 Утра"""
"Пр.из творога ""365 дней"" 24%.500г.пакет.8шт";2023-06-04 16:51:40;360.0;150.41;27073.44;4512.24;Лента ООО РЦ Екатеринбург;"ООО ""ВоронежАгро-М"""
"Пр.из творога ""365 дней"" 24%.500г.пакет.8шт";2023-06-04 14:01:25;104.0;196.9;10238.59;1706.43;Лента ООО РЦ Новосибирск;"ООО ""ВоронежАгро-М"""
"Пр.из творога ""365 дней"" 24%.500г.пакет.8шт";2023-06-02 23:59:57;144.0;129.22;9303.84;1550.64;ВРА-М ООО;"ООО ""7 Утра"""
"Пр.из творога ""365 дней"" 24%.500г.пакет.8шт";2023-06-02 13:58:22;144.0;148.03;10658.3;1776.38;Лента ООО РЦ Ростов ;"ООО ""ВоронежАгро-М"""
"Пр.из творога ""365 дней"" 24%.500г.пакет.8шт";2023-06-01 23:59:57;192.0;129.22;12405.12;2067.52;ВРА-М ООО;"ООО ""7 Утра"""
"Пр.из творога ""365 дней"" 24%.500г.пакет.8шт";2023-06-01 20:15:56;8.0;148.03;592.13;98.69;Лента ООО РЦ 8143;"ООО ""ВоронежАгро-М"""
"Пр.из творога ""365 дней"" 24%.500г.пакет.8шт";2023-06-01 10:26:31;184.0;148.03;13618.94;2269.82;Лента ООО РЦ Лешино;"ООО ""ВоронежАгро-М"""
"Пр.из творога ""365 дней"" 24%.500г.пакет.8шт";2023-05-30 23:59:57;312.0;129.22;20158.32;3359.72;ВРА-М ООО;"ООО ""7 Утра"""
"Пр.из творога ""365 дней"" 24%.500г.пакет.8шт";2023-05-30 18:39:29;312.0;148.03;23092.99;3848.83;Лента ООО РЦ Ижора;"ООО ""ВоронежАгро-М"""
"Пр.из творога ""365 дней"" 24%.500г.пакет.8шт";2023-05-29 23:59:57;240.0;129.22;15506.4;2584.4;ВРА-М ООО;"ООО ""7 Утра"""
"Пр.из творога ""365 дней"" 24%.500г.пакет.8шт";2023-05-29 23:42:16;144.0;148.03;10658.3;1776.38;Лента ООО РЦ Тольятти;"ООО ""ВоронежАгро-М"""
"Пр.из творога ""365 дней"" 24%.500г.пакет.8шт";2023-05-29 01:31:19;96.0;196.9;9451.01;1575.17;Лента ООО РЦ Новосибирск;"ООО ""ВоронежАгро-М"""
"Пр.из творога ""365 дней"" 24%.500г.пакет.8шт";2023-05-26 23:59:57;64.0;129.22;4135.04;689.17;ВРА-М ООО;"ООО ""7 Утра"""
"Пр.из творога ""365 дней"" 24%.500г.пакет.8шт";2023-05-26 18:26:50;64.0;148.03;4737.02;789.5;Лента ООО РЦ Ростов ;"ООО ""ВоронежАгро-М"""
"Пр.из творога ""365 дней"" 24%.500г.пакет.8шт";2023-05-25 23:59:57;136.0;129.22;8786.96;1464.49;ВРА-М ООО;"ООО ""7 Утра"""
"Пр.из творога ""365 дней"" 24%.500г.пакет.8шт";2023-05-25 19:02:12;136.0;148.03;10066.18;1677.7;Лента ООО РЦ Валищево;"ООО ""ВоронежАгро-М"""
"Пр.из творога ""365 дней"" 24%.500г.пакет.8шт";2023-05-23 23:59:57;288.0;129.22;18607.68;3101.28;ВРА-М ООО;"ООО ""7 Утра"""
"Пр.из творога ""365 дней"" 24%.500г.пакет.8шт";2023-05-23 17:29:58;288.0;148.03;21316.61;3552.77;Лента ООО РЦ Ижора;"ООО ""ВоронежАгро-М"""
"Пр.из творога ""365 дней"" 24%.500г.пакет.8шт";2023-05-22 23:59:57;112.0;129.22;7236.32;1206.05;ВРА-М ООО;"ООО ""7 Утра"""
"Пр.из творога ""365 дней"" 24%.500г.пакет.8шт";2023-05-22 18:39:05;112.0;148.03;8289.79;1381.63;Лента ООО РЦ Тольятти;"ООО ""ВоронежАгро-М"""
"Пр.из творога ""365 дней"" 24%.500г.пакет.8шт";2023-05-21 23:59:57;376.0;129.22;24293.36;4048.89;ВРА-М ООО;"ООО ""7 Утра"""
"Пр.из творога ""365 дней"" 24%.500г.пакет.8шт";2023-05-21 20:22:59;112.0;196.9;11026.18;1837.7;Лента ООО РЦ Новосибирск;"ООО ""ВоронежАгро-М"""
"Пр.из творога ""365 дней"" 24%.500г.пакет.8шт";2023-05-21 17:39:55;264.0;150.41;19853.86;3308.98;Лента ООО РЦ Екатеринбург;"ООО ""ВоронежАгро-М"""
"Пр.из творога ""365 дней"" 24%.500г.пакет.8шт";2023-05-19 23:59:57;72.0;129.22;4651.92;775.32;ВРА-М ООО;"ООО ""7 Утра"""
"Пр.из творога ""365 дней"" 24%.500г.пакет.8шт";2023-05-19 18:12:19;72.0;148.03;5329.15;888.19;Лента ООО РЦ Ростов ;"ООО ""ВоронежАгро-М"""
"Пр.из творога ""365 дней"" 24%.500г.пакет.8шт";2023-05-18 23:59:57;304.0;129.22;19641.44;3273.57;ВРА-М ООО;"ООО ""7 Утра"""
"Пр.из творога ""365 дней"" 24%.500г.пакет.8шт";2023-05-18 17:10:52;304.0;148.03;22500.86;3750.14;Лента ООО РЦ Валищево;"ООО ""ВоронежАгро-М"""
"Пр.из творога ""365 дней"" 24%.500г.пакет.8шт";2023-05-16 23:59:57;136.0;129.22;8786.96;1464.49;ВРА-М ООО;"ООО ""7 Утра"""
"Пр.из творога ""365 дней"" 24%.500г.пакет.8шт";2023-05-16 20:30:56;136.0;148.03;10066.18;1677.7;Лента ООО РЦ Ижора;"ООО ""ВоронежАгро-М"""
"Пр.из творога ""365 дней"" 24%.500г.пакет.8шт";2023-05-15 23:59:57;104.0;129.22;6719.44;1119.91;ВРА-М ООО;"ООО ""7 Утра"""
"Пр.из творога ""365 дней"" 24%.500г.пакет.8шт";2023-05-15 18:20:01;104.0;148.03;7697.66;1282.94;Лента ООО РЦ Тольятти;"ООО ""ВоронежАгро-М"""
"Пр.из творога ""365 дней"" 24%.500г.пакет.8шт";2023-05-12 23:59:57;64.0;129.22;4135.04;689.17;ВРА-М ООО;"ООО ""7 Утра"""
"Пр.из творога ""365 дней"" 24%.500г.пакет.8шт";2023-05-12 18:11:21;64.0;148.03;4737.02;789.5;Лента ООО РЦ Ростов ;"ООО ""ВоронежАгро-М"""
"Пр.из творога ""365 дней"" 24%.500г.пакет.8шт";2023-05-11 23:59:57;152.0;129.22;9820.72;1636.79;ВРА-М ООО;"ООО ""7 Утра"""
"Пр.из творога ""365 дней"" 24%.500г.пакет.8шт";2023-05-11 21:04:30;152.0;148.03;11250.43;1875.07;Лента ООО РЦ Валищево;"ООО ""ВоронежАгро-М"""
"Пр.из творога ""365 дней"" 24%.500г.пакет.8шт";2023-05-09 23:59:57;232.0;129.22;14989.52;2498.25;ВРА-М ООО;"ООО ""7 Утра"""
"Пр.из творога ""365 дней"" 24%.500г.пакет.8шт";2023-05-09 14:23:22;232.0;148.03;17171.71;2861.95;Лента ООО РЦ Ижора;"ООО ""ВоронежАгро-М"""
"Пр.из творога ""365 дней"" 24%.500г.пакет.8шт";2023-05-08 23:59:57;136.0;129.22;8786.96;1464.49;ВРА-М ООО;"ООО ""7 Утра"""
"Пр.из творога ""365 дней"" 24%.500г.пакет.8шт";2023-05-08 11:25:37;136.0;148.03;10066.18;1677.7;Лента ООО РЦ Тольятти;"ООО ""ВоронежАгро-М"""
"Пр.из творога ""365 дней"" 24%.500г.пакет.8шт";2023-05-07 23:59:57;512.0;129.22;33080.32;5513.39;ВРА-М ООО;"ООО ""7 Утра"""
"Пр.из творога ""365 дней"" 24%.500г.пакет.8шт";2023-05-07 17:24:53;48.0;196.9;4725.5;787.58;Лента ООО РЦ Новосибирск;"ООО ""ВоронежАгро-М"""
"Пр.из творога ""365 дней"" 24%.500г.пакет.8шт";2023-05-07 14:21:39;464.0;150.41;34894.66;5815.78;Лента ООО РЦ Екатеринбург;"ООО ""ВоронежАгро-М"""
"Пр.из творога ""365 дней"" 24%.500г.пакет.8шт";2023-05-05 23:59:57;72.0;129.22;4651.92;775.32;ВРА-М ООО;"ООО ""7 Утра"""
"Пр.из творога ""365 дней"" 24%.500г.пакет.8шт";2023-05-05 14:54:30;72.0;148.03;5329.15;888.19;Лента ООО РЦ Ростов ;"ООО ""ВоронежАгро-М"""
"Пр.из творога ""365 дней"" 24%.500г.пакет.8шт";2023-05-04 23:59:57;352.0;129.22;22742.72;3790.45;ВРА-М ООО;"ООО ""7 Утра"""
"Пр.из творога ""365 дней"" 24%.500г.пакет.8шт";2023-05-04 23:51:11;264.0;148.03;19540.22;3256.7;Лента ООО РЦ Валищево;"ООО ""ВоронежАгро-М"""
"Пр.из творога ""365 дней"" 24%.500г.пакет.8шт";2023-05-04 04:15:26;88.0;148.03;6513.41;1085.57;Лента ООО РЦ 8117;"ООО ""ВоронежАгро-М"""
"Пр.из творога ""365 дней"" 24%.500г.пакет.8шт";2023-05-02 23:59:57;208.0;129.22;13438.88;2239.81;ВРА-М ООО;"ООО ""7 Утра"""
"Пр.из творога ""365 дней"" 24%.500г.пакет.8шт";2023-05-02 18:13:27;208.0;148.03;15395.33;2565.89;Лента ООО РЦ Ижора;"ООО ""ВоронежАгро-М"""
"Пр.из творога ""365 дней"" 24%.500г.пакет.8шт";2023-05-01 23:59:57;88.0;129.22;5685.68;947.61;ВРА-М ООО;"ООО ""7 Утра"""
"Пр.из творога ""365 дней"" 24%.500г.пакет.8шт";2023-05-01 10:15:46;88.0;148.03;6513.41;1085.57;Лента ООО РЦ Тольятти;"ООО ""ВоронежАгро-М"""
"Пр.из творога ""365 дней"" 24%.500г.пакет.8шт";2023-04-29 23:59:57;64.0;129.22;4135.04;689.17;ВРА-М ООО;"ООО ""7 Утра"""
"Пр.из творога ""365 дней"" 24%.500г.пакет.8шт";2023-04-29 18:09:50;64.0;196.9;6300.67;1050.11;Лента ООО РЦ Новосибирск;"ООО ""ВоронежАгро-М"""
"Пр.из творога ""365 дней"" 24%.500г.пакет.8шт";2023-04-28 23:59:57;408.0;129.22;26360.88;4393.48;ВРА-М ООО;"ООО ""7 Утра"""
"Пр.из творога ""365 дней"" 24%.500г.пакет.8шт";2023-04-28 22:59:55;168.0;148.03;12434.69;2072.45;Лента ООО РЦ Валищево;"ООО ""ВоронежАгро-М"""
"Пр.из творога ""365 дней"" 24%.500г.пакет.8шт";2023-04-28 15:01:44;240.0;148.03;17763.84;2960.64;Лента ООО РЦ Ростов ;"ООО ""ВоронежАгро-М"""
"Пр.из творога ""365 дней"" 24%.500г.пакет.8шт";2023-04-25 23:59:57;320.0;129.22;20675.2;3445.87;ВРА-М ООО;"ООО ""7 Утра"""
"Пр.из творога ""365 дней"" 24%.500г.пакет.8шт";2023-04-25 17:15:55;320.0;148.03;23685.12;3947.52;Лента ООО РЦ Ижора;"ООО ""ВоронежАгро-М"""
"Пр.из творога ""365 дней"" 24%.500г.пакет.8шт";2023-04-24 23:59:57;304.0;129.22;19641.44;3273.57;ВРА-М ООО;"ООО ""7 Утра"""
"Пр.из творога ""365 дней"" 24%.500г.пакет.8шт";2023-04-24 14:25:50;304.0;148.03;22500.86;3750.14;Лента ООО РЦ Тольятти;"ООО ""ВоронежАгро-М"""
"Пр.из творога ""365 дней"" 24%.500г.пакет.8шт";2023-04-23 23:59:57;320.0;129.22;20675.2;3445.87;ВРА-М ООО;"ООО ""7 Утра"""
"Пр.из творога ""365 дней"" 24%.500г.пакет.8шт";2023-04-23 11:52:26;320.0;150.41;24065.28;4010.88;Лента ООО РЦ Екатеринбург;"ООО ""ВоронежАгро-М"""
"Пр.из творога ""365 дней"" 24%.500г.пакет.8шт";2023-04-22 23:59:57;232.0;129.22;14989.52;2498.25;ВРА-М ООО;"ООО ""7 Утра"""
"Пр.из творога ""365 дней"" 24%.500г.пакет.8шт";2023-04-22 18:38:55;232.0;196.9;22839.94;3806.66;Лента ООО РЦ Новосибирск;"ООО ""ВоронежАгро-М"""
"Пр.из творога ""365 дней"" 24%.500г.пакет.8шт";2023-04-21 23:59:57;192.0;129.22;12405.12;2067.52;ВРА-М ООО;"ООО ""7 Утра"""
"Пр.из творога ""365 дней"" 24%.500г.пакет.8шт";2023-04-21 14:45:12;192.0;148.03;14211.07;2368.51;Лента ООО РЦ Ростов ;"ООО ""ВоронежАгро-М"""
"Пр.из творога ""365 дней"" 24%.500г.пакет.8шт";2023-04-20 23:59:57;392.0;129.22;25327.12;4221.19;ВРА-М ООО;"ООО ""7 Утра"""
"Пр.из творога ""365 дней"" 24%.500г.пакет.8шт";2023-04-20 23:42:39;392.0;148.03;29014.27;4835.71;Лента ООО РЦ Валищево;"ООО ""ВоронежАгро-М"""
"Пр.из творога ""365 дней"" 24%.500г.пакет.8шт";2023-04-18 23:59:57;472.0;129.22;30495.92;5082.65;ВРА-М ООО;"ООО ""7 Утра"""
"Пр.из творога ""365 дней"" 24%.500г.пакет.8шт";2023-04-18 16:26:37;472.0;148.03;34935.55;5822.59;Лента ООО РЦ Ижора;"ООО ""ВоронежАгро-М"""
"Пр.из творога ""365 дней"" 24%.500г.пакет.8шт";2023-04-17 23:59:57;208.0;129.22;13438.88;2239.81;ВРА-М ООО;"ООО ""7 Утра"""
"Пр.из творога ""365 дней"" 24%.500г.пакет.8шт";2023-04-17 23:47:15;208.0;148.03;15395.33;2565.89;Лента ООО РЦ Тольятти;"ООО ""ВоронежАгро-М"""
"Пр.из творога ""365 дней"" 24%.500г.пакет.8шт";2023-04-16 23:59:57;88.0;129.22;5685.68;947.61;ВРА-М ООО;"ООО ""7 Утра"""
"Пр.из творога ""365 дней"" 24%.500г.пакет.8шт";2023-04-16 16:22:15;88.0;196.9;8663.42;1443.9;Лента ООО РЦ Новосибирск;"ООО ""ВоронежАгро-М"""
"Пр.из творога ""365 дней"" 24%.500г.пакет.8шт";2023-04-14 23:59:57;424.0;129.22;27394.64;4565.77;ВРА-М ООО;"ООО ""7 Утра"""
"Пр.из творога ""365 дней"" 24%.500г.пакет.8шт";2023-04-14 14:55:55;304.0;148.03;22500.86;3750.14;Лента ООО РЦ Валищево;"ООО ""ВоронежАгро-М"""
"Пр.из творога ""365 дней"" 24%.500г.пакет.8шт";2023-04-14 13:36:08;120.0;148.03;8881.92;1480.32;Лента ООО РЦ Ростов ;"ООО ""ВоронежАгро-М"""
"Пр.из творога ""365 дней"" 24%.500г.пакет.8шт";2023-04-12 23:59:57;400.0;129.22;25844.0;4307.33;ВРА-М ООО;"ООО ""7 Утра"""
"Пр.из творога ""365 дней"" 24%.500г.пакет.8шт";2023-04-12 00:08:09;400.0;148.03;29606.4;4934.4;Лента ООО РЦ Ижора;"ООО ""ВоронежАгро-М"""
"Пр.из творога ""365 дней"" 24%.500г.пакет.8шт";2023-04-11 23:59:57;128.0;129.22;8270.08;1378.35;ВРА-М ООО;"ООО ""7 Утра"""
"Пр.из творога ""365 дней"" 24%.500г.пакет.8шт";2023-04-11 13:20:53;128.0;148.03;9474.05;1579.01;Лента ООО РЦ Тольятти;"ООО ""ВоронежАгро-М"""
"Пр.из творога ""365 дней"" 24%.500г.пакет.8шт";2023-04-09 23:59:57;1056.0;129.22;68228.16;11371.36;ВРА-М ООО;"ООО ""7 Утра"""
"Пр.из творога ""365 дней"" 24%.500г.пакет.8шт";2023-04-09 18:02:28;144.0;196.9;14176.51;2362.75;Лента ООО РЦ Новосибирск;"ООО ""ВоронежАгро-М"""
"Пр.из творога ""365 дней"" 24%.500г.пакет.8шт";2023-04-09 09:47:15;912.0;150.41;68586.05;11431.01;Лента ООО РЦ Екатеринбург;"ООО ""ВоронежАгро-М"""
"Пр.из творога ""365 дней"" 24%.500г.пакет.8шт";2023-04-07 23:59:57;352.0;129.22;22742.72;3790.45;ВРА-М ООО;"ООО ""7 Утра"""
"Пр.из творога ""365 дней"" 24%.500г.пакет.8шт";2023-04-07 22:05:19;184.0;148.03;13618.94;2269.82;Лента ООО РЦ Валищево;"ООО ""ВоронежАгро-М"""
"Пр.из творога ""365 дней"" 24%.500г.пакет.8шт";2023-04-07 12:57:00;168.0;148.03;12434.69;2072.45;Лента ООО РЦ Ростов ;"ООО ""ВоронежАгро-М"""
"Пр.из творога ""365 дней"" 24%.500г.пакет.8шт";2023-04-04 23:59:57;360.0;129.22;23259.6;3876.6;ВРА-М ООО;"ООО ""7 Утра"""
"Пр.из творога ""365 дней"" 24%.500г.пакет.8шт";2023-04-04 17:37:42;360.0;148.03;26645.76;4440.96;Лента ООО РЦ Ижора;"ООО ""ВоронежАгро-М"""
"Пр.из творога ""365 дней"" 24%.500г.пакет.8шт";2023-04-03 23:59:57;216.0;129.22;13955.76;2325.96;ВРА-М ООО;"ООО ""7 Утра"""
"Пр.из творога ""365 дней"" 24%.500г.пакет.8шт";2023-04-03 14:27:55;216.0;148.03;15987.46;2664.58;Лента ООО РЦ Тольятти;"ООО ""ВоронежАгро-М"""
"Пр.из творога ""365 дней"" 24%.500г.пакет.8шт";2023-04-02 23:59:57;176.0;129.22;11371.36;1895.23;ВРА-М ООО;"ООО ""7 Утра"""
"Пр.из творога ""365 дней"" 24%.500г.пакет.8шт";2023-04-02 20:23:31;176.0;196.9;17326.85;2887.81;Лента ООО РЦ Новосибирск;"ООО ""ВоронежАгро-М"""
"Пр.из творога ""365 дней"" 24%.500г.пакет.8шт";2023-03-31 23:59:57;144.0;129.22;9303.84;1550.64;ВРА-М ООО;"ООО ""7 Утра"""
"Пр.из творога ""365 дней"" 24%.500г.пакет.8шт";2023-03-31 15:36:19;144.0;148.03;10658.3;1776.38;Лента ООО РЦ Ростов ;"ООО ""ВоронежАгро-М"""
"Пр.из творога ""365 дней"" 24%.500г.пакет.8шт";2023-03-30 23:59:57;408.0;129.22;26360.88;4393.48;ВРА-М ООО;"ООО ""7 Утра"""
"Пр.из творога ""365 дней"" 24%.500г.пакет.8шт";2023-03-30 22:21:57;408.0;148.03;30198.53;5033.09;Лента ООО РЦ Валищево;"ООО ""ВоронежАгро-М"""
"Пр.из творога ""365 дней"" 24%.500г.пакет.8шт";2023-03-28 23:59:57;296.0;129.22;19124.56;3187.43;ВРА-М ООО;"ООО ""7 Утра"""
"Пр.из творога ""365 дней"" 24%.500г.пакет.8шт";2023-03-28 12:31:29;296.0;148.03;21908.74;3651.46;Лента ООО РЦ Ижора;"ООО ""ВоронежАгро-М"""
"Пр.из творога ""365 дней"" 24%.500г.пакет.8шт";2023-03-27 23:59:57;120.0;129.22;7753.2;1292.2;ВРА-М ООО;"ООО ""7 Утра"""
"Пр.из творога ""365 дней"" 24%.500г.пакет.8шт";2023-03-27 08:27:25;120.0;148.03;8881.92;1480.32;Лента ООО РЦ Тольятти;"ООО ""ВоронежАгро-М"""
"Пр.из творога ""365 дней"" 24%.500г.пакет.8шт";2023-03-26 23:59:57;88.0;129.22;5685.68;947.61;ВРА-М ООО;"ООО ""7 Утра"""
"Пр.из творога ""365 дней"" 24%.500г.пакет.8шт";2023-03-26 22:00:45;88.0;196.9;8663.42;1443.9;Лента ООО РЦ Новосибирск;"ООО ""ВоронежАгро-М"""
"Пр.из творога ""365 дней"" 24%.500г.пакет.8шт";2023-03-24 23:59:57;328.0;129.22;21192.08;3532.01;ВРА-М ООО;"ООО ""7 Утра"""
"Пр.из творога ""365 дней"" 24%.500г.пакет.8шт";2023-03-24 13:28:18;120.0;148.03;8881.92;1480.32;Лента ООО РЦ Ростов ;"ООО ""ВоронежАгро-М"""
"Пр.из творога ""365 дней"" 24%.500г.пакет.8шт";2023-03-24 11:49:27;208.0;148.03;15395.33;2565.89;Лента ООО РЦ Валищево;"ООО ""ВоронежАгро-М"""
"Пр.из творога ""365 дней"" 24%.500г.пакет.8шт";2023-03-21 23:59:57;264.0;129.22;17057.04;2842.84;ВРА-М ООО;"ООО ""7 Утра"""
"Пр.из творога ""365 дней"" 24%.500г.пакет.8шт";2023-03-21 11:41:23;264.0;148.03;19540.22;3256.7;Лента ООО РЦ Ижора;"ООО ""ВоронежАгро-М"""
"Пр.из творога ""365 дней"" 24%.500г.пакет.8шт";2023-03-20 23:59:57;144.0;129.22;9303.84;1550.64;ВРА-М ООО;"ООО ""7 Утра"""
"Пр.из творога ""365 дней"" 24%.500г.пакет.8шт";2023-03-20 17:03:45;144.0;148.03;10658.3;1776.38;Лента ООО РЦ Тольятти;"ООО ""ВоронежАгро-М"""
"Пр.из творога ""365 дней"" 24%.500г.пакет.8шт";2023-03-19 23:59:57;80.0;129.22;5168.8;861.47;ВРА-М ООО;"ООО ""7 Утра"""
"Пр.из творога ""365 дней"" 24%.500г.пакет.8шт";2023-03-19 18:14:13;80.0;196.9;7875.84;1312.64;Лента ООО РЦ Новосибирск;"ООО ""ВоронежАгро-М"""
"Пр.из творога ""365 дней"" 24%.500г.пакет.8шт";2023-03-17 23:59:57;368.0;129.22;23776.48;3962.75;ВРА-М ООО;"ООО ""7 Утра"""
"Пр.из творога ""365 дней"" 24%.500г.пакет.8шт";2023-03-17 18:48:34;240.0;148.03;17763.84;2960.64;Лента ООО РЦ Валищево;"ООО ""ВоронежАгро-М"""
"Пр.из творога ""365 дней"" 24%.500г.пакет.8шт";2023-03-17 18:03:33;128.0;148.03;9474.05;1579.01;Лента ООО РЦ Ростов ;"ООО ""ВоронежАгро-М"""
"Пр.из творога ""365 дней"" 24%.500г.пакет.8шт";2023-03-16 23:59:57;32.0;129.22;2067.52;344.59;ВРА-М ООО;"ООО ""7 Утра"""
"Пр.из творога ""365 дней"" 24%.500г.пакет.8шт";2023-03-16 09:29:10;32.0;148.03;2368.51;394.75;Лента ООО РЦ 8117;"ООО ""ВоронежАгро-М"""
"Пр.из творога ""365 дней"" 24%.500г.пакет.8шт";2023-03-14 23:59:57;192.0;129.22;12405.12;2067.52;ВРА-М ООО;"ООО ""7 Утра"""
"Пр.из творога ""365 дней"" 24%.500г.пакет.8шт";2023-03-14 13:02:29;192.0;148.03;14211.07;2368.51;Лента ООО РЦ Ижора;"ООО ""ВоронежАгро-М"""
"Пр.из творога ""365 дней"" 24%.500г.пакет.8шт";2023-03-13 23:59:57;96.0;129.22;6202.56;1033.76;ВРА-М ООО;"ООО ""7 Утра"""
"Пр.из творога ""365 дней"" 24%.500г.пакет.8шт";2023-03-13 16:00:21;96.0;148.03;7105.54;1184.26;Лента ООО РЦ Тольятти;"ООО ""ВоронежАгро-М"""
"Пр.из творога ""365 дней"" 24%.500г.пакет.8шт";2023-03-12 23:59:57;288.0;129.22;18607.68;3101.28;ВРА-М ООО;"ООО ""7 Утра"""
"Пр.из творога ""365 дней"" 24%.500г.пакет.8шт";2023-03-12 14:16:29;80.0;196.9;7875.84;1312.64;Лента ООО РЦ Новосибирск;"ООО ""ВоронежАгро-М"""
"Пр.из творога ""365 дней"" 24%.500г.пакет.8шт";2023-03-12 10:08:29;208.0;150.41;15642.43;2607.07;Лента ООО РЦ Екатеринбург;"ООО ""ВоронежАгро-М"""
"Пр.из творога ""365 дней"" 24%.500г.пакет.8шт";2023-03-10 23:59:57;328.0;129.22;21192.08;3532.01;ВРА-М ООО;"ООО ""7 Утра"""
"Пр.из творога ""365 дней"" 24%.500г.пакет.8шт";2023-03-10 21:22:33;192.0;148.03;14211.07;2368.51;Лента ООО РЦ Валищево;"ООО ""ВоронежАгро-М"""
"Пр.из творога ""365 дней"" 24%.500г.пакет.8шт";2023-03-10 16:27:03;136.0;148.03;10066.18;1677.7;Лента ООО РЦ Ростов ;"ООО ""ВоронежАгро-М"""
"Пр.из творога ""365 дней"" 24%.500г.пакет.8шт";2023-03-07 23:59:57;264.0;129.22;17057.04;2842.84;ВРА-М ООО;"ООО ""7 Утра"""
"Пр.из творога ""365 дней"" 24%.500г.пакет.8шт";2023-03-07 18:52:20;272.0;148.03;20132.35;3355.39;Лента ООО РЦ Ижора;"ООО ""ВоронежАгро-М"""
"Пр.из творога ""365 дней"" 24%.500г.пакет.8шт";2023-03-06 23:59:57;136.0;129.22;8786.96;1464.49;ВРА-М ООО;"ООО ""7 Утра"""
"Пр.из творога ""365 дней"" 24%.500г.пакет.8шт";2023-03-06 17:17:31;136.0;148.03;10066.18;1677.7;Лента ООО РЦ Тольятти;"ООО ""ВоронежАгро-М"""
"Пр.из творога ""365 дней"" 24%.500г.пакет.8шт";2023-03-06 16:05:35;152.0;148.03;11250.43;1875.07;Лента ООО РЦ Валищево;"ООО ""ВоронежАгро-М"""
"Пр.из творога ""365 дней"" 24%.500г.пакет.8шт";2023-03-05 23:59:57;248.0;129.22;16023.28;2670.55;ВРА-М ООО;"ООО ""7 Утра"""
"Пр.из творога ""365 дней"" 24%.500г.пакет.8шт";2023-03-05 20:08:24;248.0;196.9;24415.1;4069.18;Лента ООО РЦ Новосибирск;"ООО ""ВоронежАгро-М"""
"Пр.из творога ""365 дней"" 24%.500г.пакет.8шт";2023-03-03 23:59:57;248.0;129.22;16023.28;2670.55;ВРА-М ООО;"ООО ""7 Утра"""
"Пр.из творога ""365 дней"" 24%.500г.пакет.8шт";2023-03-03 23:48:07;152.0;148.03;11250.43;1875.07;Лента ООО РЦ Валищево;"ООО ""ВоронежАгро-М"""
"Пр.из творога ""365 дней"" 24%.500г.пакет.8шт";2023-03-03 17:42:03;96.0;148.03;7105.54;1184.26;Лента ООО РЦ Ростов ;"ООО ""ВоронежАгро-М"""
"Пр.из творога ""365 дней"" 24%.500г.пакет.8шт";2023-02-28 23:59:57;424.0;123.36;26152.32;4358.72;ВРА-М ООО;"ООО ""7 Утра"""
"Пр.из творога ""365 дней"" 24%.500г.пакет.8шт";2023-02-28 20:49:07;368.0;148.03;27237.89;4539.65;Лента ООО РЦ Ижора;"ООО ""ВоронежАгро-М"""
"Пр.из творога ""365 дней"" 24%.500г.пакет.8шт";2023-02-28 20:49:02;56.0;148.03;4144.9;690.82;Лента ООО РЦ 8024;"ООО ""ВоронежАгро-М"""
"Пр.из творога ""365 дней"" 24%.500г.пакет.8шт";2023-02-27 23:59:57;208.0;123.36;12829.44;2138.24;ВРА-М ООО;"ООО ""7 Утра"""
"Пр.из творога ""365 дней"" 24%.500г.пакет.8шт";2023-02-27 20:13:21;208.0;148.03;15395.33;2565.89;Лента ООО РЦ Тольятти;"ООО ""ВоронежАгро-М"""
"Пр.из творога ""365 дней"" 24%.500г.пакет.8шт";2023-02-26 23:59:57;720.0;123.36;44409.6;7401.6;ВРА-М ООО;"ООО ""7 Утра"""
"Пр.из творога ""365 дней"" 24%.500г.пакет.8шт";2023-02-26 13:34:09;720.0;150.41;54146.88;9024.48;Лента ООО РЦ Екатеринбург;"ООО ""ВоронежАгро-М"""
"Пр.из творога ""365 дней"" 24%.500г.пакет.8шт";2023-02-24 23:59:57;392.0;123.36;24178.56;4029.76;ВРА-М ООО;"ООО ""7 Утра"""
"Пр.из творога ""365 дней"" 24%.500г.пакет.8шт";2023-02-24 16:49:29;280.0;148.03;20724.48;3454.08;Лента ООО РЦ Валищево;"ООО ""ВоронежАгро-М"""
"Пр.из творога ""365 дней"" 24%.500г.пакет.8шт";2023-02-24 10:59:14;112.0;148.03;8289.79;1381.63;Лента ООО РЦ Ростов ;"ООО ""ВоронежАгро-М"""
"Пр.из творога ""365 дней"" 24%.500г.пакет.8шт";2023-02-21 23:59:57;808.0;123.36;49837.44;8306.24;ВРА-М ООО;"ООО ""7 Утра"""
"Пр.из творога ""365 дней"" 24%.500г.пакет.8шт";2023-02-21 16:48:29;280.0;148.03;20724.48;3454.08;Лента ООО РЦ Тольятти;"ООО ""ВоронежАгро-М"""
"Пр.из творога ""365 дней"" 24%.500г.пакет.8шт";2023-02-21 15:32:11;72.0;148.03;5329.15;888.19;Лента ООО РЦ 8024;"ООО ""ВоронежАгро-М"""
"Пр.из творога ""365 дней"" 24%.500г.пакет.8шт";2023-02-21 15:32:07;456.0;148.03;33751.3;5625.22;Лента ООО РЦ Ижора;"ООО ""ВоронежАгро-М"""
"Пр.из творога ""365 дней"" 24%.500г.пакет.8шт";2023-02-19 23:59:57;200.0;123.36;12336.0;2056.0;ВРА-М ООО;"ООО ""7 Утра"""
"Пр.из творога ""365 дней"" 24%.500г.пакет.8шт";2023-02-19 11:05:36;200.0;196.9;19689.6;3281.6;Лента ООО РЦ Новосибирск;"ООО ""ВоронежАгро-М"""
"Пр.из творога ""365 дней"" 24%.500г.пакет.8шт";2023-02-17 23:59:57;568.0;123.36;35034.24;5839.04;ВРА-М ООО;"ООО ""7 Утра"""
"Пр.из творога ""365 дней"" 24%.500г.пакет.8шт";2023-02-17 19:18:24;328.0;148.03;24277.25;4046.21;Лента ООО РЦ Валищево;"ООО ""ВоронежАгро-М"""
"Пр.из творога ""365 дней"" 24%.500г.пакет.8шт";2023-02-17 19:18:21;80.0;148.03;5921.28;986.88;Лента ООО РЦ 8143;"ООО ""ВоронежАгро-М"""
"Пр.из творога ""365 дней"" 24%.500г.пакет.8шт";2023-02-17 16:27:47;160.0;148.03;11842.56;1973.76;Лента ООО РЦ Ростов ;"ООО ""ВоронежАгро-М"""
"Пр.из творога ""365 дней"" 24%.500г.пакет.8шт";2023-02-16 23:59:57;240.0;123.36;14803.2;2467.2;ВРА-М ООО;"ООО ""7 Утра"""
"Пр.из творога ""365 дней"" 24%.500г.пакет.8шт";2023-02-16 10:43:36;240.0;148.03;17763.84;2960.64;Лента ООО РЦ 8117;"ООО ""ВоронежАгро-М"""
"Пр.из творога ""365 дней"" 24%.500г.пакет.8шт";2023-02-14 23:59:57;344.0;123.36;21217.92;3536.32;ВРА-М ООО;"ООО ""7 Утра"""
"Пр.из творога ""365 дней"" 24%.500г.пакет.8шт";2023-02-14 17:27:40;88.0;148.03;6513.41;1085.57;Лента ООО РЦ 8024;"ООО ""ВоронежАгро-М"""
"Пр.из творога ""365 дней"" 24%.500г.пакет.8шт";2023-02-14 17:27:36;256.0;148.03;18948.1;3158.02;Лента ООО РЦ Ижора;"ООО ""ВоронежАгро-М"""
"Пр.из творога ""365 дней"" 24%.500г.пакет.8шт";2023-02-13 23:59:57;160.0;123.36;9868.8;1644.8;ВРА-М ООО;"ООО ""7 Утра"""
"Пр.из творога ""365 дней"" 24%.500г.пакет.8шт";2023-02-13 20:07:32;160.0;148.03;11842.56;1973.76;Лента ООО РЦ Тольятти;"ООО ""ВоронежАгро-М"""
"Пр.из творога ""365 дней"" 24%.500г.пакет.8шт";2023-02-12 23:59:57;600.0;123.36;37008.0;6168.0;ВРА-М ООО;"ООО ""7 Утра"""
"Пр.из творога ""365 дней"" 24%.500г.пакет.8шт";2023-02-12 22:10:23;104.0;196.9;10238.59;1706.43;Лента ООО РЦ Новосибирск;"ООО ""ВоронежАгро-М"""
"Пр.из творога ""365 дней"" 24%.500г.пакет.8шт";2023-02-12 09:16:54;496.0;150.41;37301.18;6216.86;Лента ООО РЦ Екатеринбург;"ООО ""ВоронежАгро-М"""
"Пр.из творога ""365 дней"" 24%.500г.пакет.8шт";2023-02-10 23:59:57;392.0;123.36;24178.56;4029.76;ВРА-М ООО;"ООО ""7 Утра"""
"Пр.из творога ""365 дней"" 24%.500г.пакет.8шт";2023-02-10 19:10:25;120.0;148.03;8881.92;1480.32;Лента ООО РЦ 8143;"ООО ""ВоронежАгро-М"""
"Пр.из творога ""365 дней"" 24%.500г.пакет.8шт";2023-02-10 19:10:22;216.0;148.03;15987.46;2664.58;Лента ООО РЦ Валищево;"ООО ""ВоронежАгро-М"""
"Пр.из творога ""365 дней"" 24%.500г.пакет.8шт";2023-02-10 04:05:56;56.0;148.03;4144.9;690.82;Лента ООО РЦ Ростов ;"ООО ""ВоронежАгро-М"""
"Пр.из творога ""365 дней"" 24%.500г.пакет.8шт";2023-02-08 23:59:57;112.0;123.36;6908.16;1151.36;ВРА-М ООО;"ООО ""7 Утра"""
"Пр.из творога ""365 дней"" 24%.500г.пакет.8шт";2023-02-08 17:58:01;112.0;148.03;8289.79;1381.63;Лента ООО РЦ 8117;"ООО ""ВоронежАгро-М"""
"Пр.из творога ""365 дней"" 24%.500г.пакет.8шт";2023-02-07 23:59:57;312.0;123.36;19244.16;3207.36;ВРА-М ООО;"ООО ""7 Утра"""
"Пр.из творога ""365 дней"" 24%.500г.пакет.8шт";2023-02-07 14:11:15;48.0;148.03;3552.77;592.13;Лента ООО РЦ 8024;"ООО ""ВоронежАгро-М"""
"Пр.из творога ""365 дней"" 24%.500г.пакет.8шт";2023-02-07 14:11:11;264.0;148.03;19540.22;3256.7;Лента ООО РЦ Ижора;"ООО ""ВоронежАгро-М"""
"Пр.из творога ""365 дней"" 24%.500г.пакет.8шт";2023-02-06 23:59:57;168.0;123.36;10362.24;1727.04;ВРА-М ООО;"ООО ""7 Утра"""
"Пр.из творога ""365 дней"" 24%.500г.пакет.8шт";2023-02-06 13:27:43;168.0;148.03;12434.69;2072.45;Лента ООО РЦ Тольятти;"ООО ""ВоронежАгро-М"""
"Пр.из творога ""365 дней"" 24%.500г.пакет.8шт";2023-02-05 23:59:57;80.0;123.36;4934.4;822.4;ВРА-М ООО;"ООО ""7 Утра"""
"Пр.из творога ""365 дней"" 24%.500г.пакет.8шт";2023-02-05 20:58:06;80.0;196.9;7875.84;1312.64;Лента ООО РЦ Новосибирск;"ООО ""ВоронежАгро-М"""
"Пр.из творога ""365 дней"" 24%.500г.пакет.8шт";2023-02-03 23:59:57;304.0;123.36;18750.72;3125.12;ВРА-М ООО;"ООО ""7 Утра"""
"Пр.из творога ""365 дней"" 24%.500г.пакет.8шт";2023-02-03 09:19:44;112.0;148.03;8289.79;1381.63;Лента ООО РЦ Ростов ;"ООО ""ВоронежАгро-М"""
"Пр.из творога ""365 дней"" 24%.500г.пакет.8шт";2023-02-03 05:19:12;80.0;148.03;5921.28;986.88;Лента ООО РЦ 8143;"ООО ""ВоронежАгро-М"""
"Пр.из творога ""365 дней"" 24%.500г.пакет.8шт";2023-02-03 05:19:08;112.0;148.03;8289.79;1381.63;Лента ООО РЦ Валищево;"ООО ""ВоронежАгро-М"""
"Пр.из творога ""365 дней"" 24%.500г.пакет.8шт";2023-02-01 23:59:57;472.0;123.36;29112.96;4852.16;ВРА-М ООО;"ООО ""7 Утра"""
"Пр.из творога ""365 дней"" 24%.500г.пакет.8шт";2023-02-01 22:27:46;112.0;148.03;8289.79;1381.63;Лента ООО РЦ 8117;"ООО ""ВоронежАгро-М"""
"Пр.из творога ""365 дней"" 24%.500г.пакет.8шт";2023-02-01 04:32:17;360.0;148.03;26645.76;4440.96;Лента ООО РЦ Тольятти;"ООО ""ВоронежАгро-М"""
"Пр.из творога ""365 дней"" 24%.500г.пакет.8шт";2023-01-31 23:59:57;344.0;123.36;21217.92;3536.32;ВРА-М ООО;"ООО ""7 Утра"""
"Пр.из творога ""365 дней"" 24%.500г.пакет.8шт";2023-01-31 18:04:49;88.0;148.03;6513.41;1085.57;Лента ООО РЦ 8024;"ООО ""ВоронежАгро-М"""
"Пр.из творога ""365 дней"" 24%.500г.пакет.8шт";2023-01-31 18:04:45;256.0;148.03;18948.1;3158.02;Лента ООО РЦ Ижора;"ООО ""ВоронежАгро-М"""
"Пр.из творога ""365 дней"" 24%.500г.пакет.8шт";2023-01-29 23:59:57;224.0;123.36;13816.32;2302.72;ВРА-М ООО;"ООО ""7 Утра"""
"Пр.из творога ""365 дней"" 24%.500г.пакет.8шт";2023-01-29 10:43:32;224.0;150.41;16845.7;2807.62;Лента ООО РЦ Екатеринбург;"ООО ""ВоронежАгро-М"""
"Пр.из творога ""365 дней"" 24%.500г.пакет.8шт";2023-01-28 23:59:57;112.0;123.36;6908.16;1151.36;ВРА-М ООО;"ООО ""7 Утра"""
"Пр.из творога ""365 дней"" 24%.500г.пакет.8шт";2023-01-28 21:04:42;112.0;148.03;8289.79;1381.63;Лента ООО РЦ 8143;"ООО ""ВоронежАгро-М"""
"Пр.из творога ""365 дней"" 24%.500г.пакет.8шт";2023-01-27 23:59:57;384.0;123.36;23685.12;3947.52;ВРА-М ООО;"ООО ""7 Утра"""
"Пр.из творога ""365 дней"" 24%.500г.пакет.8шт";2023-01-27 20:10:35;256.0;148.03;18948.1;3158.02;Лента ООО РЦ Валищево;"ООО ""ВоронежАгро-М"""
"Пр.из творога ""365 дней"" 24%.500г.пакет.8шт";2023-01-27 18:37:08;128.0;148.03;9474.05;1579.01;Лента ООО РЦ Ростов ;"ООО ""ВоронежАгро-М"""
"Пр.из творога ""365 дней"" 24%.500г.пакет.8шт";2023-01-25 23:59:57;488.0;123.36;30099.84;5016.64;ВРА-М ООО;"ООО ""7 Утра"""
"Пр.из творога ""365 дней"" 24%.500г.пакет.8шт";2023-01-25 20:39:16;488.0;148.03;36119.81;6019.97;Лента ООО РЦ 8117;"ООО ""ВоронежАгро-М"""
"Пр.из творога ""365 дней"" 24%.500г.пакет.8шт";2023-01-24 23:59:57;464.0;123.36;28619.52;4769.92;ВРА-М ООО;"ООО ""7 Утра"""
"Пр.из творога ""365 дней"" 24%.500г.пакет.8шт";2023-01-24 14:34:47;80.0;148.03;5921.28;986.88;Лента ООО РЦ 8024;"ООО ""ВоронежАгро-М"""
"Пр.из творога ""365 дней"" 24%.500г.пакет.8шт";2023-01-24 14:34:43;384.0;148.03;28422.14;4737.02;Лента ООО РЦ Ижора;"ООО ""ВоронежАгро-М"""
"Пр.из творога ""365 дней"" 24%.500г.пакет.8шт";2023-01-23 23:59:57;128.0;123.36;7895.04;1315.84;ВРА-М ООО;"ООО ""7 Утра"""
"Пр.из творога ""365 дней"" 24%.500г.пакет.8шт";2023-01-23 16:42:09;128.0;148.03;9474.05;1579.01;Лента ООО РЦ Тольятти;"ООО ""ВоронежАгро-М"""
"Пр.из творога ""365 дней"" 24%.500г.пакет.8шт";2023-01-22 23:59:57;168.0;123.36;10362.24;1727.04;ВРА-М ООО;"ООО ""7 Утра"""
"Пр.из творога ""365 дней"" 24%.500г.пакет.8шт";2023-01-22 18:29:48;168.0;196.9;16539.26;2756.54;Лента ООО РЦ Новосибирск;"ООО ""ВоронежАгро-М"""
"Пр.из творога ""365 дней"" 24%.500г.пакет.8шт";2023-01-20 23:59:57;872.0;123.36;53784.96;8964.16;ВРА-М ООО;"ООО ""7 Утра"""
"Пр.из творога ""365 дней"" 24%.500г.пакет.8шт";2023-01-20 22:32:56;496.0;148.03;36711.94;6118.66;Лента ООО РЦ Валищево;"ООО ""ВоронежАгро-М"""
"Пр.из творога ""365 дней"" 24%.500г.пакет.8шт";2023-01-20 22:32:52;56.0;148.03;4144.9;690.82;Лента ООО РЦ 8143;"ООО ""ВоронежАгро-М"""
"Пр.из творога ""365 дней"" 24%.500г.пакет.8шт";2023-01-20 18:56:19;320.0;148.03;23685.12;3947.52;Лента ООО РЦ Ростов ;"ООО ""ВоронежАгро-М"""
"Пр.из творога ""365 дней"" 24%.500г.пакет.8шт";2023-01-18 23:59:57;64.0;123.36;3947.52;657.92;ВРА-М ООО;"ООО ""7 Утра"""
"Пр.из творога ""365 дней"" 24%.500г.пакет.8шт";2023-01-18 19:37:36;64.0;148.03;4737.02;789.5;Лента ООО РЦ 8117;"ООО ""ВоронежАгро-М"""
"Пр.из творога ""365 дней"" 24%.500г.пакет.8шт";2023-01-17 23:59:57;832.0;123.36;51317.76;8552.96;ВРА-М ООО;"ООО ""7 Утра"""
"Пр.из творога ""365 дней"" 24%.500г.пакет.8шт";2023-01-17 17:02:13;120.0;148.03;8881.92;1480.32;Лента ООО РЦ 8024;"ООО ""ВоронежАгро-М"""
"Пр.из творога ""365 дней"" 24%.500г.пакет.8шт";2023-01-17 17:02:09;712.0;148.03;52699.39;8783.23;Лента ООО РЦ Ижора;"ООО ""ВоронежАгро-М"""
"Пр.из творога ""365 дней"" 24%.500г.пакет.8шт";2023-01-16 23:59:57;760.0;123.36;46876.8;7812.8;ВРА-М ООО;"ООО ""7 Утра"""
"Пр.из творога ""365 дней"" 24%.500г.пакет.8шт";2023-01-16 15:16:21;120.0;148.03;8881.92;1480.32;Лента ООО РЦ Тольятти;"ООО ""ВоронежАгро-М"""
"Пр.из творога ""365 дней"" 24%.500г.пакет.8шт";2023-01-16 01:37:41;640.0;150.41;48130.56;8021.76;Лента ООО РЦ Екатеринбург;"ООО ""ВоронежАгро-М"""
"Пр.из творога ""365 дней"" 24%.500г.пакет.8шт";2023-01-13 23:59:57;280.0;123.36;17270.4;2878.4;ВРА-М ООО;"ООО ""7 Утра"""
"Пр.из творога ""365 дней"" 24%.500г.пакет.8шт";2023-01-13 13:46:14;152.0;148.03;11250.43;1875.07;Лента ООО РЦ 8143;"ООО ""ВоронежАгро-М"""
"Пр.из творога ""365 дней"" 24%.500г.пакет.8шт";2023-01-13 13:46:10;128.0;148.03;9474.05;1579.01;Лента ООО РЦ Валищево;"ООО ""ВоронежАгро-М"""
"Пр.из творога ""365 дней"" 24%.500г.пакет.8шт";2023-01-10 23:59:57;664.0;123.36;40955.52;6825.92;ВРА-М ООО;"ООО ""7 Утра"""
"Пр.из творога ""365 дней"" 24%.500г.пакет.8шт";2023-01-10 15:23:12;88.0;148.03;6513.41;1085.57;Лента ООО РЦ 8024;"ООО ""ВоронежАгро-М"""
"Пр.из творога ""365 дней"" 24%.500г.пакет.8шт";2023-01-10 15:23:10;200.0;148.03;14803.2;2467.2;Лента ООО РЦ Ижора;"ООО ""ВоронежАгро-М"""
"Пр.из творога ""365 дней"" 24%.500г.пакет.8шт";2023-01-10 10:04:12;376.0;148.03;27830.02;4638.34;Лента ООО РЦ Тольятти;"ООО ""ВоронежАгро-М"""
"Пр.из творога ""365 дней"" 24%.500г.пакет.8шт";2023-01-08 23:59:57;624.0;123.36;38488.32;6414.72;ВРА-М ООО;"ООО ""7 Утра"""
"Пр.из творога ""365 дней"" 24%.500г.пакет.8шт";2023-01-08 18:54:54;624.0;196.9;61431.55;10238.59;Лента ООО РЦ Новосибирск;"ООО ""ВоронежАгро-М"""
"Пр.из творога ""365 дней"" 24%.500г.пакет.8шт";2022-12-29 23:59:57;568.0;123.36;35034.24;5839.04;ВРА-М ООО;"ООО ""7 Утра"""
"Пр.из творога ""365 дней"" 24%.500г.пакет.8шт";2022-12-29 09:48:24;568.0;148.03;42041.09;7006.85;Лента ООО РЦ 8117;"ООО ""ВоронежАгро-М"""
"Пр.из творога ""365 дней"" 24%.500г.пакет.8шт";2022-12-27 23:59:57;224.0;123.36;13816.32;2302.72;ВРА-М ООО;"ООО ""7 Утра"""
"Пр.из творога ""365 дней"" 24%.500г.пакет.8шт";2022-12-27 17:46:43;72.0;148.03;5329.15;888.19;Лента ООО РЦ 8024;"ООО ""ВоронежАгро-М"""
"Пр.из творога ""365 дней"" 24%.500г.пакет.8шт";2022-12-27 17:46:38;152.0;148.03;11250.43;1875.07;Лента ООО РЦ Ижора;"ООО ""ВоронежАгро-М"""
"Пр.из творога ""365 дней"" 24%.500г.пакет.8шт";2022-12-26 23:59:57;96.0;123.36;5921.28;986.88;ВРА-М ООО;"ООО ""7 Утра"""
"Пр.из творога ""365 дней"" 24%.500г.пакет.8шт";2022-12-26 18:40:14;96.0;148.03;7105.54;1184.26;Лента ООО РЦ Тольятти;"ООО ""ВоронежАгро-М"""
"Пр.из творога ""365 дней"" 24%.500г.пакет.8шт";2022-12-25 23:59:57;544.0;123.36;33553.92;5592.32;ВРА-М ООО;"ООО ""7 Утра"""
"Пр.из творога ""365 дней"" 24%.500г.пакет.8шт";2022-12-25 16:48:14;544.0;196.9;53555.71;8925.95;Лента ООО РЦ Новосибирск;"ООО ""ВоронежАгро-М"""
"Пр.из творога ""365 дней"" 24%.500г.пакет.8шт";2022-12-23 23:59:57;104.0;123.36;6414.72;1069.12;ВРА-М ООО;"ООО ""7 Утра"""
"Пр.из творога ""365 дней"" 24%.500г.пакет.8шт";2022-12-23 11:45:59;104.0;148.03;7697.66;1282.94;Лента ООО РЦ Ростов ;"ООО ""ВоронежАгро-М"""
"Пр.из творога ""365 дней"" 24%.500г.пакет.8шт";2022-12-22 23:59:57;96.0;123.36;5921.28;986.88;ВРА-М ООО;"ООО ""7 Утра"""
"Пр.из творога ""365 дней"" 24%.500г.пакет.8шт";2022-12-22 21:55:24;96.0;148.03;7105.54;1184.26;Лента ООО РЦ 8143;"ООО ""ВоронежАгро-М"""
"Пр.из творога ""365 дней"" 24%.500г.пакет.8шт";2022-12-13 23:59:57;600.0;123.36;37008.0;6168.0;ВРА-М ООО;"ООО ""7 Утра"""
"Пр.из творога ""365 дней"" 24%.500г.пакет.8шт";2022-12-13 17:36:53;440.0;148.03;32567.04;5427.84;Лента ООО РЦ Ижора;"ООО ""ВоронежАгро-М"""
"Пр.из творога ""365 дней"" 24%.500г.пакет.8шт";2022-12-13 14:13:44;160.0;148.03;11842.56;1973.76;Лента ООО РЦ Тольятти;"ООО ""ВоронежАгро-М"""
"Пр.из творога ""365 дней"" 24%.500г.пакет.8шт";2022-12-09 23:59:57;968.0;123.36;59706.24;9951.04;ВРА-М ООО;"ООО ""7 Утра"""
"Пр.из творога ""365 дней"" 24%.500г.пакет.8шт";2022-12-09 20:22:31;120.0;148.03;8881.92;1480.32;Лента ООО РЦ 8143;"ООО ""ВоронежАгро-М"""
"Пр.из творога ""365 дней"" 24%.500г.пакет.8шт";2022-12-09 20:22:27;728.0;148.03;53883.65;8980.61;Лента ООО РЦ Валищево;"ООО ""ВоронежАгро-М"""
"Пр.из творога ""365 дней"" 24%.500г.пакет.8шт";2022-12-09 14:25:23;120.0;148.03;8881.92;1480.32;Лента ООО РЦ Ростов ;"ООО ""ВоронежАгро-М"""
"Пр.из творога ""365 дней"" 24%.500г.пакет.8шт";2022-12-06 23:59:57;568.0;123.36;35034.24;5839.04;ВРА-М ООО;"ООО ""7 Утра"""
"Пр.из творога ""365 дней"" 24%.500г.пакет.8шт";2022-12-06 19:37:25;440.0;148.03;32567.04;5427.84;Лента ООО РЦ Ижора;"ООО ""ВоронежАгро-М"""
"Пр.из творога ""365 дней"" 24%.500г.пакет.8шт";2022-12-06 19:37:22;128.0;148.03;9474.05;1579.01;Лента ООО РЦ 8024;"ООО ""ВоронежАгро-М"""
"Пр.из творога ""365 дней"" 24%.500г.пакет.8шт";2022-12-05 23:59:57;160.0;123.36;9868.8;1644.8;ВРА-М ООО;"ООО ""7 Утра"""
"Пр.из творога ""365 дней"" 24%.500г.пакет.8шт";2022-12-05 18:43:05;160.0;148.03;11842.56;1973.76;Лента ООО РЦ Тольятти;"ООО ""ВоронежАгро-М"""
"Пр.из творога ""365 дней"" 24%.500г.пакет.8шт";2022-11-25 23:59:57;256.0;123.36;15790.08;2631.68;ВРА-М ООО;"ООО ""7 Утра"""
"Пр.из творога ""365 дней"" 24%.500г.пакет.8шт";2022-11-25 15:19:14;256.0;148.03;18948.1;3158.02;Лента ООО РЦ Валищево;"ООО ""ВоронежАгро-М"""
"Пр.из творога ""365 дней"" 24%.500г.пакет.8шт";2022-11-23 23:59:57;496.0;123.36;30593.28;5098.88;ВРА-М ООО;"ООО ""7 Утра"""
"Пр.из творога ""365 дней"" 24%.500г.пакет.8шт";2022-11-23 22:54:03;496.0;148.03;36711.94;6118.66;Лента ООО РЦ 8117;"ООО ""ВоронежАгро-М"""
"Пр.из творога ""365 дней"" 24%.500г.пакет.8шт";2022-11-22 23:59:57;680.0;123.36;41942.4;6990.4;ВРА-М ООО;"ООО ""7 Утра"""
"Пр.из творога ""365 дней"" 24%.500г.пакет.8шт";2022-11-22 20:01:28;568.0;148.03;42041.09;7006.85;Лента ООО РЦ Ижора;"ООО ""ВоронежАгро-М"""
"Пр.из творога ""365 дней"" 24%.500г.пакет.8шт";2022-11-22 20:01:25;112.0;148.03;8289.79;1381.63;Лента ООО РЦ 8024;"ООО ""ВоронежАгро-М"""
"Пр.из творога ""365 дней"" 24%.500г.пакет.8шт";2022-11-17 23:59:57;1088.0;123.36;67107.84;11184.64;ВРА-М ООО;"ООО ""7 Утра"""
"Пр.из творога ""365 дней"" 24%.500г.пакет.8шт";2022-11-17 14:16:02;1088.0;148.03;80529.41;13421.57;Лента ООО РЦ 8117;"ООО ""ВоронежАгро-М"""
"Пр.из творога ""365 дней"" 24%.500г.пакет.8шт";2022-11-15 23:59:57;1736.0;123.36;107076.48;17846.08;ВРА-М ООО;"ООО ""7 Утра"""
"Пр.из творога ""365 дней"" 24%.500г.пакет.8шт";2022-11-15 21:04:21;360.0;148.03;26645.76;4440.96;Лента ООО РЦ 8024;"ООО ""ВоронежАгро-М"""
"Пр.из творога ""365 дней"" 24%.500г.пакет.8шт";2022-11-15 21:04:17;1376.0;148.03;101846.02;16974.34;Лента ООО РЦ Ижора;"ООО ""ВоронежАгро-М"""
"Пр.из творога ""365 дней"" 24%.500г.пакет.8шт";2022-11-14 23:59:57;2256.0;123.36;139150.08;23191.68;ВРА-М ООО;"ООО ""7 Утра"""
"Пр.из творога ""365 дней"" 24%.500г.пакет.8шт";2022-11-14 17:55:43;2256.0;148.03;166980.1;27830.02;Лента ООО РЦ Тольятти;"ООО ""ВоронежАгро-М"""
"Пр.из творога ""365 дней"" 24%.500г.пакет.8шт";2022-11-11 23:59:57;3440.0;123.36;212179.2;35363.2;ВРА-М ООО;"ООО ""7 Утра"""
"Пр.из творога ""365 дней"" 24%.500г.пакет.8шт";2022-11-11 18:35:26;1464.0;148.03;108359.42;18059.9;Лента ООО РЦ Валищево;"ООО ""ВоронежАгро-М"""
"Пр.из творога ""365 дней"" 24%.500г.пакет.8шт";2022-11-11 18:35:23;168.0;148.03;12434.69;2072.45;Лента ООО РЦ 8143;"ООО ""ВоронежАгро-М"""
"Пр.из творога ""365 дней"" 24%.500г.пакет.8шт";2022-11-11 15:04:18;1808.0;148.03;133820.93;22303.49;Лента ООО РЦ Ростов ;"ООО ""ВоронежАгро-М"""
